date,zone,demand_mw,load_shed_mw
2023-01-01,Barisal,260,0
2023-01-02,Barisal,255,0
2023-01-03,Barisal,265,0
2023-01-04,Barisal,273,0
2023-01-05,Barisal,262,0
2023-01-06,Barisal,259,0
2023-01-07,Barisal,275,0
2023-01-08,Barisal,262,0
2023-01-09,Barisal,269,0
2023-01-10,Barisal,273,0
2023-01-11,Barisal,268,0
2023-01-12,Barisal,275,0
2023-01-13,Barisal,247,0
2023-01-14,Barisal,275,0
2023-01-15,Barisal,265,0
2023-01-16,Barisal,269,0
2023-01-17,Barisal,272,0
2023-01-18,Barisal,269,0
2023-01-19,Barisal,261,0
2023-01-20,Barisal,253,0
2023-01-21,Barisal,276,0
2023-01-22,Barisal,269,0
2023-01-23,Barisal,277,0
2023-01-24,Barisal,284,0
2023-01-25,Barisal,283,0
2023-01-26,Barisal,273,0
2023-01-27,Barisal,265,0
2023-01-28,Barisal,284,0
2023-01-29,Barisal,270,0
2023-01-30,Barisal,266,0
2023-01-31,Barisal,270,0
2023-02-01,Barisal,275,0
2023-02-02,Barisal,270,0
2023-02-03,Barisal,240,0
2023-02-04,Barisal,268,0
2023-02-05,Barisal,265,0
2023-02-06,Barisal,278,0
2023-02-07,Barisal,276,0
2023-02-08,Barisal,271,0
2023-02-09,Barisal,281,0
2023-02-10,Barisal,269,0
2023-02-11,Barisal,274,0
2023-02-12,Barisal,289,0
2023-02-13,Barisal,278,0
2023-02-14,Barisal,272,0
2023-02-15,Barisal,271,0
2023-02-16,Barisal,278,0
2023-02-17,Barisal,260,0
2023-02-18,Barisal,278,0
2023-02-19,Barisal,284,0
2023-02-20,Barisal,282,0
2023-02-21,Barisal,276,0
2023-02-22,Barisal,298,0
2023-02-23,Barisal,299,0
2023-02-24,Barisal,291,0
2023-02-25,Barisal,311,0
2023-02-26,Barisal,283,0
2023-02-27,Barisal,294,0
2023-02-28,Barisal,303,0
2023-03-01,Barisal,292,0
2023-03-02,Barisal,300,0
2023-03-03,Barisal,288,0
2023-03-04,Barisal,318,0
2023-03-05,Barisal,303,0
2023-03-06,Barisal,304,0
2023-03-07,Barisal,310,0
2023-03-08,Barisal,290,0
2023-03-09,Barisal,302,0
2023-03-10,Barisal,280,0
2023-03-11,Barisal,341,0
2023-03-12,Barisal,333,0
2023-03-13,Barisal,330,0
2023-03-14,Barisal,325,0
2023-03-15,Barisal,327,0
2023-03-16,Barisal,344,0
2023-03-17,Barisal,302,0
2023-03-18,Barisal,303,0
2023-03-19,Barisal,166,0
2023-03-20,Barisal,280,0
2023-03-21,Barisal,239,0
2023-03-22,Barisal,288,0
2023-03-23,Barisal,313,0
2023-03-24,Barisal,332,0
2023-03-25,Barisal,299,0
2023-03-26,Barisal,260,0
2023-03-27,Barisal,300,0
2023-03-28,Barisal,363,0
2023-03-29,Barisal,286,0
2023-03-30,Barisal,337,0
2023-03-31,Barisal,331,0
2023-04-01,Barisal,300,0
2023-04-02,Barisal,336,0
2023-04-03,Barisal,367,0
2023-04-04,Barisal,402,0
2023-04-05,Barisal,423,0
2023-04-06,Barisal,421,0
2023-04-07,Barisal,412,0
2023-04-08,Barisal,421,0
2023-04-09,Barisal,428,0
2023-04-10,Barisal,467,0
2023-04-11,Barisal,480,0
2023-04-12,Barisal,467,0
2023-04-13,Barisal,487,0
2023-04-14,Barisal,489,0
2023-04-15,Barisal,470,35
2023-04-16,Barisal,534,0
2023-04-17,Barisal,512,0
2023-04-18,Barisal,489,0
2023-04-19,Barisal,505,0
2023-04-20,Barisal,498,0
2023-04-21,Barisal,453,0
2023-04-22,Barisal,440,0
2023-04-23,Barisal,342,0
2023-04-24,Barisal,382,0
2023-04-25,Barisal,405,0
2023-04-26,Barisal,410,0
2023-04-27,Barisal,140,0
2023-04-28,Barisal,266,0
2023-04-29,Barisal,347,0
2023-04-30,Barisal,413,0
2023-05-01,Barisal,366,0
2023-05-02,Barisal,424,0
2023-05-03,Barisal,313,0
2023-05-04,Barisal,363,0
2023-05-05,Barisal,369,0
2023-05-06,Barisal,389,0
2023-05-07,Barisal,439,0
2023-05-08,Barisal,423,32
2023-05-09,Barisal,478,0
2023-05-10,Barisal,493,0
2023-05-11,Barisal,477,0
2023-05-12,Barisal,450,0
2023-05-13,Barisal,430,0
2023-05-14,Barisal,332,0
2023-05-15,Barisal,415,0
2023-05-16,Barisal,388,0
2023-05-17,Barisal,362,0
2023-05-18,Barisal,335,0
2023-05-19,Barisal,424,0
2023-05-20,Barisal,437,0
2023-05-21,Barisal,424,40
2023-05-22,Barisal,466,25
2023-05-23,Barisal,107,0
2023-05-24,Barisal,308,0
2023-05-25,Barisal,394,0
2023-05-26,Barisal,409,0
2023-05-27,Barisal,360,0
2023-05-28,Barisal,426,0
2023-05-29,Barisal,442,0
2023-05-30,Barisal,448,43
2023-05-31,Barisal,482,43
2023-06-01,Barisal,497,55
2023-06-02,Barisal,466,0
2023-06-03,Barisal,462,80
2023-06-04,Barisal,493,69
2023-06-05,Barisal,506,66
2023-06-06,Barisal,528,75
2023-06-07,Barisal,461,110
2023-06-08,Barisal,456,0
2023-06-09,Barisal,408,0
2023-06-10,Barisal,397,0
2023-06-11,Barisal,397,0
2023-06-12,Barisal,331,0
2023-06-13,Barisal,350,0
2023-06-14,Barisal,505,47
2023-06-15,Barisal,447,0
2023-06-16,Barisal,467,0
2023-06-17,Barisal,454,0
2023-06-18,Barisal,436,0
2023-06-19,Barisal,401,0
2023-06-20,Barisal,449,0
2023-06-21,Barisal,441,0
2023-06-22,Barisal,410,0
2023-06-23,Barisal,403,0
2023-06-24,Barisal,412,35
2023-06-25,Barisal,406,0
2023-06-26,Barisal,395,0
2023-06-27,Barisal,373,0
2023-06-28,Barisal,412,0
2023-06-29,Barisal,381,0
2023-06-30,Barisal,348,0
2023-07-01,Barisal,473,0
2023-07-02,Barisal,444,0
2023-07-03,Barisal,483,0
2023-07-04,Barisal,499,0
2023-07-05,Barisal,464,0
2023-07-06,Barisal,457,0
2023-07-07,Barisal,422,0
2023-07-08,Barisal,459,0
2023-07-09,Barisal,490,0
2023-07-10,Barisal,462,0
2023-07-11,Barisal,463,0
2023-07-12,Barisal,462,0
2023-07-13,Barisal,450,0
2023-07-14,Barisal,429,0
2023-07-15,Barisal,424,0
2023-07-16,Barisal,446,0
2023-07-17,Barisal,463,0
2023-07-18,Barisal,473,0
2023-07-19,Barisal,480,40
2023-07-20,Barisal,477,0
2023-07-21,Barisal,452,0
2023-07-22,Barisal,469,0
2023-07-23,Barisal,481,0
2023-07-24,Barisal,485,0
2023-07-25,Barisal,454,0
2023-07-26,Barisal,472,0
2023-07-27,Barisal,449,0
2023-07-28,Barisal,451,0
2023-07-29,Barisal,474,0
2023-07-30,Barisal,521,70
2023-07-31,Barisal,474,0
2023-08-01,Barisal,211,0
2023-08-02,Barisal,411,0
2023-08-03,Barisal,439,0
2023-08-04,Barisal,408,0
2023-08-05,Barisal,415,0
2023-08-06,Barisal,400,0
2023-08-07,Barisal,337,0
2023-08-08,Barisal,384,0
2023-08-09,Barisal,394,0
2023-08-10,Barisal,384,0
2023-08-11,Barisal,416,0
2023-08-12,Barisal,424,0
2023-08-13,Barisal,406,0
2023-08-14,Barisal,432,0
2023-08-15,Barisal,449,0
2023-08-16,Barisal,473,0
2023-08-17,Barisal,478,0
2023-08-18,Barisal,434,0
2023-08-19,Barisal,464,0
2023-08-20,Barisal,478,0
2023-08-21,Barisal,491,0
2023-08-22,Barisal,415,0
2023-08-23,Barisal,429,0
2023-08-24,Barisal,444,0
2023-08-25,Barisal,380,0
2023-08-26,Barisal,412,0
2023-08-27,Barisal,425,0
2023-08-28,Barisal,423,0
2023-08-29,Barisal,444,0
2023-08-30,Barisal,486,0
2023-08-31,Barisal,461,0
2023-09-01,Barisal,446,0
2023-09-02,Barisal,468,0
2023-09-03,Barisal,478,0
2023-09-04,Barisal,456,0
2023-09-05,Barisal,487,0
2023-09-06,Barisal,471,0
2023-09-07,Barisal,428,0
2023-09-08,Barisal,397,0
2023-09-09,Barisal,465,0
2023-09-10,Barisal,483,0
2023-09-11,Barisal,443,0
2023-09-12,Barisal,461,0
2023-09-13,Barisal,409,0
2023-09-14,Barisal,425,0
2023-09-15,Barisal,440,0
2023-09-16,Barisal,464,0
2023-09-17,Barisal,459,0
2023-09-18,Barisal,380,0
2023-09-19,Barisal,353,0
2023-09-20,Barisal,360,0
2023-09-21,Barisal,408,0
2023-09-22,Barisal,395,0
2023-09-23,Barisal,402,0
2023-09-24,Barisal,397,0
2023-09-25,Barisal,417,0
2023-09-26,Barisal,441,0
2023-09-27,Barisal,430,0
2023-09-28,Barisal,475,0
2023-09-29,Barisal,401,0
2023-09-30,Barisal,407,0
2023-10-01,Barisal,409,0
2023-10-02,Barisal,415,0
2023-10-03,Barisal,363,0
2023-10-04,Barisal,344,0
2023-10-05,Barisal,394,0
2023-10-06,Barisal,405,0
2023-10-07,Barisal,396,0
2023-10-08,Barisal,405,0
2023-10-09,Barisal,407,0
2023-10-10,Barisal,447,0
2023-10-11,Barisal,434,0
2023-10-12,Barisal,421,0
2023-10-13,Barisal,403,0
2023-10-14,Barisal,410,0
2023-10-15,Barisal,404,0
2023-10-16,Barisal,395,0
2023-10-17,Barisal,411,0
2023-10-18,Barisal,411,0
2023-10-19,Barisal,391,0
2023-10-20,Barisal,354,0
2023-10-21,Barisal,366,0
2023-10-22,Barisal,391,0
2023-10-23,Barisal,327,0
2023-10-24,Barisal,300,0
2023-10-25,Barisal,338,0
2023-10-26,Barisal,357,0
2023-10-27,Barisal,329,0
2023-10-28,Barisal,334,0
2023-10-29,Barisal,331,0
2023-10-30,Barisal,327,0
2023-10-31,Barisal,331,0
2023-11-01,Barisal,368,0
2023-11-02,Barisal,375,0
2023-11-03,Barisal,340,0
2023-11-04,Barisal,360,0
2023-11-05,Barisal,348,0
2023-11-06,Barisal,322,0
2023-11-07,Barisal,300,0
2023-11-08,Barisal,297,0
2023-11-09,Barisal,296,0
2023-11-10,Barisal,276,0
2023-11-11,Barisal,297,0
2023-11-12,Barisal,306,0
2023-11-13,Barisal,297,0
2023-11-14,Barisal,296,0
2023-11-15,Barisal,310,0
2023-11-16,Barisal,277,0
2023-11-17,Barisal,69,0
2023-11-18,Barisal,229,0
2023-11-19,Barisal,281,0
2023-11-20,Barisal,285,0
2023-11-21,Barisal,284,0
2023-11-22,Barisal,277,0
2023-11-23,Barisal,270,0
2023-11-24,Barisal,255,0
2023-11-25,Barisal,282,0
2023-11-26,Barisal,271,0
2023-11-27,Barisal,274,0
2023-11-28,Barisal,286,0
2023-11-29,Barisal,274,0
2023-11-30,Barisal,277,0
2023-12-01,Barisal,269,0
2023-12-02,Barisal,277,0
2023-12-03,Barisal,279,0
2023-12-04,Barisal,290,0
2023-12-05,Barisal,279,0
2023-12-06,Barisal,286,0
2023-12-07,Barisal,266,0
2023-12-08,Barisal,272,0
2023-12-09,Barisal,279,0
2023-12-10,Barisal,263,0
2023-12-11,Barisal,274,0
2023-12-12,Barisal,291,0
2023-12-13,Barisal,275,0
2023-12-14,Barisal,268,0
2023-12-15,Barisal,253,0
2023-12-16,Barisal,257,0
2023-12-17,Barisal,276,0
2023-12-18,Barisal,275,0
2023-12-19,Barisal,273,0
2023-12-20,Barisal,272,0
2023-12-21,Barisal,269,0
2023-12-22,Barisal,258,0
2023-12-23,Barisal,281,0
2023-12-24,Barisal,269,0
2023-12-25,Barisal,264,0
2023-12-26,Barisal,280,0
2023-12-27,Barisal,277,0
2023-12-28,Barisal,270,0
2023-12-29,Barisal,274,0
2023-12-30,Barisal,283,0
2023-12-31,Barisal,275,0
2024-01-01,Barisal,281,0
2024-01-02,Barisal,278,0
2024-01-03,Barisal,272,0
2024-01-04,Barisal,278,0
2024-01-05,Barisal,274,0
2024-01-06,Barisal,281,0
2024-01-07,Barisal,258,0
2024-01-08,Barisal,290,0
2024-01-09,Barisal,275,0
2024-01-10,Barisal,285,0
2024-01-11,Barisal,288,0
2024-01-12,Barisal,277,0
2024-01-13,Barisal,289,0
2024-01-14,Barisal,295,0
2024-01-15,Barisal,288,0
2024-01-16,Barisal,284,0
2024-01-17,Barisal,297,0
2024-01-18,Barisal,270,0
2024-01-19,Barisal,276,0
2024-01-20,Barisal,255,0
2024-01-21,Barisal,303,0
2024-01-22,Barisal,297,0
2024-01-23,Barisal,283,0
2024-01-24,Barisal,280,0
2024-01-25,Barisal,280,0
2024-01-26,Barisal,265,0
2024-01-27,Barisal,287,0
2024-01-28,Barisal,288,0
2024-01-29,Barisal,286,0
2024-01-30,Barisal,273,0
2024-01-31,Barisal,287,0
2024-02-01,Barisal,267,0
2024-02-02,Barisal,266,0
2024-02-03,Barisal,281,0
2024-02-04,Barisal,290,0
2024-02-05,Barisal,297,0
2024-02-06,Barisal,291,0
2024-02-07,Barisal,278,0
2024-02-08,Barisal,280,0
2024-02-09,Barisal,267,0
2024-02-10,Barisal,285,0
2024-02-11,Barisal,286,0
2024-02-12,Barisal,285,0
2024-02-13,Barisal,286,0
2024-02-14,Barisal,292,0
2024-02-15,Barisal,287,0
2024-02-16,Barisal,277,0
2024-02-17,Barisal,292,0
2024-02-18,Barisal,288,0
2024-02-19,Barisal,295,0
2024-02-20,Barisal,296,0
2024-02-21,Barisal,257,0
2024-02-22,Barisal,309,0
2024-02-23,Barisal,277,0
2024-02-24,Barisal,313,0
2024-02-25,Barisal,289,0
2024-02-26,Barisal,282,0
2024-02-27,Barisal,299,0
2024-02-28,Barisal,295,0
2024-02-29,Barisal,287,0
2024-03-01,Barisal,282,0
2024-03-02,Barisal,309,0
2024-03-03,Barisal,315,0
2024-03-04,Barisal,304,0
2024-03-05,Barisal,310,0
2024-03-06,Barisal,319,0
2024-03-07,Barisal,299,0
2024-03-08,Barisal,285,0
2024-03-09,Barisal,312,0
2024-03-10,Barisal,300,0
2024-03-11,Barisal,324,0
2024-03-12,Barisal,356,0
2024-03-13,Barisal,371,0
2024-03-14,Barisal,344,0
2024-03-15,Barisal,358,0
2024-03-16,Barisal,378,0
2024-03-17,Barisal,369,0
2024-03-18,Barisal,382,0
2024-03-19,Barisal,350,0
2024-03-20,Barisal,329,0
2024-03-21,Barisal,297,0
2024-03-22,Barisal,314,0
2024-03-23,Barisal,336,0
2024-03-24,Barisal,374,0
2024-03-25,Barisal,393,0
2024-03-26,Barisal,379,0
2024-03-27,Barisal,392,0
2024-03-28,Barisal,361,0
2024-03-29,Barisal,421,0
2024-03-30,Barisal,444,0
2024-03-31,Barisal,453,0
2024-04-01,Barisal,471,0
2024-04-02,Barisal,463,0
2024-04-03,Barisal,455,30
2024-04-04,Barisal,481,0
2024-04-05,Barisal,477,0
2024-04-06,Barisal,471,55
2024-04-07,Barisal,305,0
2024-04-08,Barisal,354,0
2024-04-09,Barisal,415,0
2024-04-10,Barisal,400,0
2024-04-11,Barisal,394,0
2024-04-12,Barisal,416,0
2024-04-13,Barisal,449,0
2024-04-14,Barisal,463,0
2024-04-15,Barisal,467,0
2024-04-16,Barisal,392,0
2024-04-17,Barisal,342,0
2024-04-18,Barisal,491,0
2024-04-19,Barisal,478,0
2024-04-20,Barisal,500,0
2024-04-21,Barisal,502,0
2024-04-22,Barisal,513,0
2024-04-23,Barisal,509,0
2024-04-24,Barisal,487,0
2024-04-25,Barisal,504,0
2024-04-26,Barisal,485,0
2024-04-27,Barisal,488,0
2024-04-28,Barisal,517,0
2024-04-29,Barisal,510,0
2024-04-30,Barisal,512,0
2024-05-01,Barisal,512,0
2024-05-02,Barisal,468,0
2024-05-03,Barisal,423,0
2024-05-04,Barisal,481,0
2024-05-05,Barisal,482,0
2024-05-06,Barisal,111,0
2024-05-07,Barisal,422,0
2024-05-08,Barisal,380,0
2024-05-09,Barisal,419,0
2024-05-10,Barisal,413,0
2024-05-11,Barisal,320,0
2024-05-12,Barisal,357,0
2024-05-13,Barisal,433,0
2024-05-14,Barisal,461,0
2024-05-15,Barisal,488,0
2024-05-16,Barisal,463,0
2024-05-17,Barisal,488,0
2024-05-18,Barisal,372,0
2024-05-19,Barisal,316,0
2024-05-20,Barisal,349,0
2024-05-23,Barisal,470,0
2024-05-24,Barisal,487,0
2024-05-25,Barisal,194,0
2024-05-27,Barisal,121,0
2024-05-28,Barisal,21,0
2024-05-29,Barisal,140,0
2024-05-30,Barisal,234,0
2024-05-31,Barisal,350,0
2024-06-01,Barisal,407,0
2024-06-02,Barisal,415,0
2024-06-03,Barisal,310,0
2024-06-04,Barisal,428,0
2024-06-05,Barisal,471,0
2024-06-06,Barisal,461,0
2024-06-07,Barisal,474,0
2024-06-08,Barisal,516,0
2024-06-10,Barisal,552,0
2024-06-11,Barisal,520,0
2024-06-12,Barisal,511,0
2024-06-13,Barisal,515,0
2024-06-14,Barisal,535,0
2024-06-15,Barisal,509,0
2024-06-16,Barisal,520,0
2024-06-17,Barisal,526,0
2024-06-18,Barisal,510,0
2024-06-19,Barisal,391,0
2024-06-20,Barisal,387,0
2024-06-21,Barisal,450,0
2024-06-22,Barisal,485,0
2024-06-23,Barisal,484,0
2024-06-24,Barisal,502,60
2024-06-25,Barisal,478,70
2024-06-26,Barisal,474,70
2024-06-27,Barisal,428,0
2024-06-28,Barisal,446,18
2024-06-29,Barisal,446,18
2024-06-30,Barisal,427,0
2024-07-01,Barisal,433,0
2024-07-02,Barisal,434,0
2024-07-03,Barisal,434,0
2024-07-04,Barisal,426,0
2024-07-05,Barisal,381,0
2024-07-06,Barisal,470,0
2024-07-07,Barisal,495,0
2024-07-08,Barisal,495,0
2024-07-09,Barisal,500,0
2024-07-10,Barisal,494,0
2024-07-11,Barisal,487,0
2024-07-12,Barisal,436,0
2024-07-13,Barisal,490,0
2024-07-14,Barisal,567,69
2024-07-15,Barisal,440,0
2024-07-16,Barisal,477,0
2024-07-17,Barisal,502,0
2024-07-23,Barisal,440,0
2024-07-24,Barisal,473,0
2024-07-25,Barisal,478,0
2024-07-26,Barisal,463,0
2024-07-27,Barisal,474,0
2024-07-28,Barisal,486,0
2024-07-29,Barisal,481,0
2024-07-30,Barisal,484,0
2024-07-31,Barisal,482,0
2024-08-01,Barisal,259,0
2024-08-02,Barisal,423,0
2024-08-03,Barisal,401,0
2024-08-04,Barisal,392,0
2024-08-05,Barisal,392,0
2024-08-06,Barisal,431,0
2024-08-07,Barisal,429,0
2024-08-08,Barisal,402,0
2024-08-09,Barisal,386,0
2024-08-10,Barisal,439,0
2024-08-11,Barisal,452,0
2024-08-12,Barisal,454,0
2024-08-13,Barisal,449,0
2024-08-14,Barisal,479,0
2024-08-15,Barisal,466,0
2024-08-16,Barisal,360,0
2024-08-17,Barisal,413,0
2024-08-18,Barisal,432,0
2024-08-19,Barisal,404,0
2024-08-20,Barisal,436,0
2024-08-21,Barisal,401,0
2024-08-22,Barisal,383,0
2024-08-23,Barisal,392,0
2024-08-24,Barisal,410,0
2024-08-25,Barisal,336,0
2024-08-26,Barisal,374,0
2024-08-27,Barisal,421,0
2024-08-28,Barisal,433,0
2024-08-29,Barisal,461,0
2024-08-30,Barisal,461,0
2024-08-31,Barisal,454,0
2024-09-01,Barisal,441,0
2024-09-02,Barisal,441,0
2024-09-03,Barisal,484,0
2024-09-04,Barisal,480,0
2024-09-05,Barisal,448,0
2024-09-06,Barisal,490,0
2024-09-07,Barisal,479,0
2024-09-08,Barisal,433,0
2024-09-09,Barisal,481,0
2024-09-10,Barisal,501,0
2024-09-11,Barisal,504,0
2024-09-12,Barisal,421,0
2024-09-13,Barisal,291,0
2024-09-14,Barisal,64,0
2024-09-15,Barisal,235,0
2024-09-16,Barisal,386,0
2024-09-17,Barisal,456,0
2024-09-18,Barisal,488,0
2024-09-19,Barisal,499,0
2024-09-20,Barisal,487,0
2024-09-21,Barisal,385,0
2024-09-22,Barisal,471,0
2024-09-23,Barisal,460,0
2024-09-24,Barisal,450,0
2024-09-25,Barisal,409,0
2024-09-26,Barisal,364,0
2024-09-27,Barisal,441,0
2024-09-28,Barisal,476,0
2024-09-29,Barisal,496,0
2024-09-30,Barisal,496,0
2024-10-01,Barisal,497,0
2024-10-02,Barisal,401,0
2024-10-03,Barisal,437,0
2024-10-05,Barisal,405,0
2024-10-06,Barisal,435,0
2024-10-07,Barisal,451,0
2024-10-08,Barisal,471,0
2024-10-09,Barisal,401,0
2024-10-10,Barisal,428,0
2024-10-11,Barisal,452,0
2024-10-12,Barisal,447,0
2024-10-13,Barisal,436,0
2024-10-14,Barisal,462,0
2024-10-15,Barisal,456,0
2024-10-16,Barisal,447,0
2024-10-17,Barisal,390,0
2024-10-18,Barisal,405,0
2024-10-19,Barisal,382,0
2024-10-20,Barisal,396,0
2024-10-21,Barisal,396,0
2024-10-22,Barisal,448,0
2024-10-23,Barisal,404,0
2024-10-24,Barisal,261,0
2024-10-25,Barisal,374,0
2024-10-26,Barisal,411,0
2024-10-27,Barisal,439,0
2024-10-28,Barisal,405,15
2024-10-29,Barisal,432,42
2024-10-30,Barisal,424,30
2024-10-31,Barisal,443,69
2024-11-01,Barisal,417,0
2024-11-02,Barisal,420,0
2024-11-03,Barisal,420,0
2024-11-04,Barisal,420,0
2024-11-05,Barisal,370,0
2024-11-06,Barisal,348,0
2024-11-07,Barisal,351,0
2024-11-08,Barisal,331,0
2024-11-09,Barisal,354,0
2024-11-10,Barisal,353,0
2024-11-11,Barisal,371,7
2024-11-12,Barisal,358,0
2024-11-13,Barisal,329,0
2024-11-14,Barisal,337,0
2024-11-15,Barisal,443,69
2024-11-16,Barisal,335,0
2024-11-17,Barisal,304,0
2024-11-18,Barisal,293,0
2024-11-19,Barisal,299,0
2024-11-20,Barisal,301,0
2024-11-21,Barisal,297,0
2024-11-22,Barisal,267,0
2024-11-23,Barisal,301,0
2024-11-24,Barisal,294,0
2024-11-25,Barisal,287,0
2024-11-26,Barisal,284,0
2024-11-27,Barisal,291,0
2024-11-28,Barisal,281,0
2024-11-29,Barisal,282,0
2024-11-30,Barisal,313,0
2024-12-01,Barisal,304,0
2024-12-02,Barisal,282,0
2024-12-03,Barisal,300,0
2024-12-04,Barisal,294,0
2024-12-05,Barisal,272,0
2024-12-06,Barisal,274,0
2024-12-07,Barisal,298,0
2024-12-08,Barisal,297,0
2024-12-09,Barisal,299,0
2024-12-10,Barisal,290,0
2024-12-11,Barisal,292,0
2024-12-13,Barisal,263,0
2024-12-14,Barisal,296,0
2024-12-15,Barisal,277,0
2024-12-16,Barisal,278,0
2024-12-17,Barisal,300,0
2024-12-18,Barisal,290,0
2024-12-19,Barisal,295,0
2024-12-20,Barisal,277,0
2024-12-21,Barisal,323,0
2024-12-22,Barisal,290,0
2024-12-23,Barisal,304,0
2024-12-24,Barisal,296,0
2024-12-25,Barisal,289,0
2024-12-26,Barisal,297,0
2024-12-27,Barisal,283,0
2024-12-28,Barisal,299,0
2024-12-29,Barisal,293,0
2024-12-30,Barisal,293,0
2024-12-31,Barisal,291,0
2025-01-01,Barisal,293,0
2025-01-02,Barisal,295,0
2025-01-03,Barisal,277,0
2025-01-04,Barisal,301,0
2025-01-05,Barisal,287,0
2025-01-06,Barisal,297,0
2025-01-07,Barisal,295,0
2025-01-08,Barisal,297,0
2025-01-09,Barisal,292,0
2025-01-10,Barisal,283,0
2025-01-11,Barisal,299,0
2025-01-12,Barisal,300,0
2025-01-13,Barisal,299,0
2025-01-14,Barisal,294,0
2025-01-15,Barisal,294,0
2025-01-16,Barisal,297,0
2025-01-17,Barisal,281,0
2025-01-18,Barisal,291,0
2025-01-19,Barisal,299,0
2025-01-20,Barisal,287,0
2025-01-21,Barisal,294,0
2025-01-22,Barisal,296,0
2025-01-23,Barisal,288,0
2025-01-24,Barisal,271,0
2025-01-25,Barisal,284,0
2025-01-26,Barisal,280,0
2025-01-27,Barisal,286,0
2025-01-28,Barisal,290,0
2025-01-29,Barisal,297,0
2025-01-30,Barisal,298,0
2025-01-31,Barisal,272,0
2025-02-01,Barisal,307,0
2025-02-02,Barisal,300,0
2025-02-03,Barisal,300,0
2025-02-05,Barisal,304,0
2025-02-06,Barisal,309,0
2025-02-07,Barisal,285,0
2025-02-08,Barisal,304,0
2025-02-09,Barisal,296,0
2025-02-10,Barisal,291,0
2025-02-11,Barisal,315,0
2025-02-12,Barisal,314,0
2025-02-13,Barisal,312,0
2025-02-15,Barisal,308,0
2025-02-16,Barisal,314,0
2025-02-17,Barisal,316,0
2025-02-18,Barisal,329,0
2025-02-19,Barisal,328,0
2025-02-20,Barisal,302,0
2025-02-21,Barisal,303,0
2025-02-22,Barisal,329,0
2025-02-23,Barisal,325,0
2025-02-24,Barisal,319,0
2025-02-25,Barisal,315,0
2025-02-26,Barisal,308,0
2025-02-27,Barisal,324,0
2025-02-28,Barisal,322,0
2025-03-01,Barisal,389,0
2025-03-02,Barisal,403,0
2025-03-03,Barisal,373,0
2025-03-04,Barisal,352,0
2025-03-05,Barisal,348,0
2025-03-06,Barisal,327,0
2025-03-07,Barisal,299,0
2025-03-08,Barisal,334,0
2025-03-09,Barisal,346,0
2025-03-10,Barisal,356,0
2025-03-11,Barisal,366,0
2025-03-12,Barisal,398,0
2025-03-13,Barisal,435,0
2025-03-14,Barisal,420,0
2025-03-15,Barisal,460,0
2025-03-16,Barisal,451,0
2025-03-17,Barisal,458,0
2025-03-18,Barisal,442,0
2025-03-19,Barisal,445,0
2025-03-20,Barisal,444,0
2025-03-21,Barisal,387,0
2025-03-22,Barisal,377,0
2025-03-23,Barisal,366,0
2025-03-24,Barisal,361,0
2025-03-25,Barisal,374,0
2025-03-26,Barisal,406,0
2025-03-27,Barisal,482,0
2025-03-28,Barisal,486,0
2025-03-30,Barisal,476,0
2025-03-31,Barisal,457,0
2025-04-01,Barisal,434,0
2025-04-02,Barisal,438,0
2025-04-03,Barisal,458,0
2025-04-04,Barisal,483,0
2025-04-05,Barisal,490,0
2025-04-06,Barisal,471,0
2025-04-07,Barisal,461,0
2025-04-08,Barisal,465,0
2025-04-09,Barisal,476,0
2025-04-10,Barisal,452,0
2025-04-11,Barisal,440,0
2025-04-12,Barisal,481,0
2025-04-13,Barisal,503,0
2025-04-14,Barisal,381,0
2025-04-15,Barisal,440,0
2025-04-16,Barisal,382,0
2025-04-17,Barisal,168,0
2025-04-18,Barisal,283,0
2025-04-19,Barisal,393,0
2025-04-20,Barisal,467,0
2025-04-21,Barisal,376,0
2025-04-22,Barisal,462,0
2025-04-23,Barisal,482,0
2025-04-24,Barisal,478,0
2025-04-25,Barisal,472,0
2025-04-26,Barisal,519,80
2025-04-27,Barisal,478,0
2025-04-28,Barisal,262,0
2025-04-29,Barisal,366,0
2025-04-30,Barisal,396,0
2025-05-01,Barisal,291,0
2025-05-02,Barisal,361,0
2025-05-03,Barisal,425,0
2025-05-04,Barisal,431,0
2025-05-05,Barisal,450,0
2025-05-06,Barisal,378,0
2025-05-07,Barisal,466,0
2025-05-08,Barisal,356,0
2025-05-09,Barisal,482,0
2025-05-10,Barisal,555,0
2025-05-11,Barisal,522,0
2025-05-12,Barisal,418,0
2025-05-13,Barisal,518,0
2025-05-14,Barisal,515,0
2025-05-15,Barisal,493,0
2025-05-16,Barisal,484,0
2025-05-17,Barisal,498,0
2025-05-18,Barisal,449,0
2025-05-19,Barisal,468,0
2025-05-20,Barisal,421,0
2025-05-21,Barisal,478,0
2025-05-22,Barisal,441,0
2025-05-23,Barisal,441,0
2025-05-24,Barisal,469,0
2025-05-25,Barisal,473,0
2025-05-26,Barisal,502,0
2025-05-27,Barisal,504,0
2025-05-28,Barisal,371,0
2025-05-29,Barisal,210,0
2025-05-30,Barisal,381,0
2025-05-31,Barisal,466,0
2025-06-01,Barisal,476,0
2025-06-02,Barisal,435,0
2025-06-03,Barisal,338,0
2025-06-04,Barisal,410,0
2025-06-05,Barisal,452,0
2025-06-07,Barisal,500,0
2025-06-08,Barisal,504,0
2025-06-09,Barisal,528,0
2025-06-10,Barisal,516,0
2025-06-11,Barisal,529,0
2025-06-12,Barisal,506,0
2025-06-13,Barisal,505,0
2025-06-14,Barisal,525,0
2025-06-15,Barisal,498,0
2025-06-16,Barisal,492,0
2025-06-17,Barisal,445,0
2025-06-18,Barisal,415,0
2025-06-19,Barisal,434,0
2025-06-20,Barisal,444,0
2025-06-21,Barisal,464,0
2025-06-22,Barisal,453,0
2025-06-23,Barisal,474,0
2025-06-24,Barisal,478,0
2025-06-25,Barisal,467,0
2025-06-27,Barisal,401,0
2025-06-28,Barisal,458,0
2025-06-29,Barisal,467,0
2025-06-30,Barisal,435,0
2025-07-01,Barisal,482,0
2025-07-03,Barisal,478,0
2025-07-04,Barisal,462,0
2025-07-06,Barisal,418,0
2025-07-07,Barisal,370,0
2025-07-08,Barisal,351,0
2025-07-09,Barisal,384,0
2025-07-10,Barisal,395,0
2025-07-11,Barisal,453,0
2025-07-12,Barisal,503,5
2025-07-13,Barisal,422,0
2025-07-14,Barisal,422,0
2025-07-15,Barisal,468,0
2025-07-16,Barisal,477,0
2025-07-17,Barisal,453,0
2025-07-18,Barisal,455,0
2025-07-19,Barisal,496,0
2025-07-21,Barisal,502,0
2025-07-23,Barisal,518,0
2025-07-24,Barisal,487,0
2025-07-25,Barisal,368,0
2025-07-26,Barisal,463,0
2025-07-27,Barisal,488,0
2025-07-28,Barisal,450,0
2025-07-29,Barisal,438,0
2025-07-30,Barisal,440,0
2025-07-31,Barisal,444,0
2025-08-01,Barisal,438,0
2025-08-02,Barisal,482,0
2025-08-04,Barisal,466,0
2025-08-05,Barisal,454,0
2025-08-06,Barisal,446,0
2025-08-07,Barisal,442,0
2025-08-08,Barisal,414,0
2025-08-09,Barisal,460,0
2025-08-10,Barisal,473,0
2025-08-11,Barisal,487,0
2025-08-12,Barisal,506,0
2025-08-13,Barisal,470,0
2025-08-14,Barisal,474,0
2025-08-15,Barisal,455,0
2025-08-16,Barisal,484,0
2025-08-17,Barisal,476,0
2025-08-18,Barisal,442,0
2025-08-19,Barisal,448,0
2025-08-20,Barisal,413,0
2025-08-21,Barisal,395,0
2025-08-22,Barisal,415,0
2025-08-23,Barisal,407,0
2025-08-24,Barisal,430,0
2025-08-25,Barisal,458,0
2025-08-26,Barisal,436,0
2025-08-27,Barisal,430,0
2025-08-28,Barisal,432,0
2025-08-29,Barisal,381,0
2025-08-30,Barisal,434,0
2025-08-31,Barisal,458,0
2025-09-01,Barisal,422,0
2025-09-02,Barisal,455,0
2025-09-03,Barisal,466,0
2025-09-04,Barisal,463,0
2025-09-05,Barisal,474,0
2025-09-06,Barisal,490,0
2025-09-07,Barisal,469,0
2025-09-08,Barisal,476,0
2025-09-09,Barisal,458,25
2025-09-10,Barisal,488,0
2025-09-11,Barisal,488,0
2025-09-12,Barisal,450,0
2025-09-13,Barisal,437,10
2025-09-14,Barisal,433,0
2025-09-15,Barisal,425,0
2025-09-16,Barisal,422,0
2025-09-17,Barisal,410,0
2025-09-18,Barisal,464,0
2025-09-19,Barisal,488,0
2025-09-20,Barisal,425,0
2025-09-21,Barisal,478,0
2025-09-22,Barisal,423,0
2025-09-23,Barisal,480,0
2025-09-24,Barisal,501,0
2025-09-26,Barisal,484,0
2025-09-28,Barisal,502,0
2025-09-30,Barisal,508,0
2025-10-01,Barisal,395,0
2025-10-02,Barisal,377,0
2025-10-03,Barisal,450,0
2025-10-05,Barisal,446,0
2025-10-06,Barisal,434,0
2025-10-07,Barisal,372,0
2025-10-08,Barisal,408,0
2025-10-09,Barisal,423,0
2025-10-10,Barisal,412,0
2025-10-11,Barisal,394,0
2025-10-12,Barisal,405,15
2025-10-13,Barisal,446,0
2025-10-14,Barisal,452,0
2025-10-15,Barisal,413,25
2025-10-16,Barisal,431,10
2025-10-17,Barisal,433,0
2025-10-18,Barisal,490,0
2025-10-19,Barisal,441,20
2025-10-20,Barisal,450,0
2025-10-21,Barisal,469,0
2025-10-22,Barisal,450,0
2025-10-23,Barisal,474,0
2025-10-24,Barisal,460,0
2025-10-25,Barisal,454,0
2025-10-26,Barisal,470,0
2025-10-27,Barisal,474,0
2025-10-28,Barisal,458,0
2025-10-29,Barisal,456,0
2025-10-30,Barisal,430,0
2025-10-31,Barisal,438,0
2025-11-01,Barisal,453,0
2025-11-02,Barisal,417,0
2025-11-03,Barisal,376,0
2025-11-04,Barisal,395,0
2025-11-05,Barisal,413,0
2025-11-06,Barisal,424,0
2025-11-07,Barisal,414,0
2025-11-08,Barisal,380,0
2025-11-09,Barisal,342,7
2025-11-10,Barisal,343,0
2025-11-11,Barisal,329,0
2025-11-12,Barisal,306,0
2025-11-13,Barisal,298,0
2025-11-14,Barisal,284,0
2025-11-15,Barisal,314,0
2025-11-16,Barisal,312,0
2025-11-17,Barisal,312,0
2025-11-18,Barisal,322,0
2025-11-19,Barisal,306,0
2025-11-20,Barisal,309,0
2025-11-21,Barisal,276,0
2025-11-22,Barisal,316,0
2025-11-23,Barisal,313,0
2025-11-24,Barisal,304,0
2025-11-25,Barisal,307,0
2025-11-26,Barisal,307,0
2025-11-27,Barisal,294,0
2025-11-28,Barisal,290,0
2025-11-29,Barisal,290,0
2025-11-30,Barisal,314,0
2025-12-01,Barisal,304,0
2025-12-02,Barisal,300,0
2025-12-03,Barisal,290,0
2025-12-04,Barisal,312,0
2025-12-05,Barisal,284,0
2025-12-06,Barisal,318,0
2025-12-07,Barisal,307,0
2025-12-08,Barisal,308,0
2025-12-09,Barisal,309,0
2025-12-10,Barisal,306,0
2025-12-11,Barisal,309,0
2025-12-12,Barisal,288,0
2025-12-13,Barisal,321,0
2025-12-14,Barisal,310,0
2025-12-15,Barisal,307,0
2025-12-16,Barisal,295,0
2025-12-17,Barisal,311,0
2025-12-18,Barisal,312,0
2025-12-19,Barisal,292,0
2025-12-20,Barisal,310,0
2025-12-21,Barisal,309,0
2025-12-22,Barisal,308,0
2025-12-23,Barisal,310,0
2025-12-24,Barisal,300,0
2025-12-25,Barisal,301,0
2025-12-26,Barisal,301,0
2025-12-27,Barisal,314,0
2025-12-29,Barisal,320,0
2025-12-30,Barisal,315,0
2025-12-31,Barisal,312,0
2023-01-01,Chittagong,948,0
2023-01-02,Chittagong,894,0
2023-01-03,Chittagong,1010,0
2023-01-04,Chittagong,940,0
2023-01-05,Chittagong,976,0
2023-01-06,Chittagong,907,0
2023-01-07,Chittagong,930,0
2023-01-08,Chittagong,953,35
2023-01-09,Chittagong,1018,90
2023-01-10,Chittagong,977,0
2023-01-11,Chittagong,912,0
2023-01-12,Chittagong,942,0
2023-01-13,Chittagong,885,0
2023-01-14,Chittagong,886,0
2023-01-15,Chittagong,958,0
2023-01-16,Chittagong,898,10
2023-01-17,Chittagong,987,0
2023-01-18,Chittagong,942,0
2023-01-19,Chittagong,982,0
2023-01-20,Chittagong,897,0
2023-01-21,Chittagong,971,0
2023-01-22,Chittagong,984,0
2023-01-23,Chittagong,971,0
2023-01-24,Chittagong,1006,0
2023-01-25,Chittagong,948,0
2023-01-26,Chittagong,928,0
2023-01-27,Chittagong,874,0
2023-01-28,Chittagong,960,0
2023-01-29,Chittagong,987,0
2023-01-30,Chittagong,995,0
2023-01-31,Chittagong,852,0
2023-02-01,Chittagong,1065,0
2023-02-02,Chittagong,990,0
2023-02-03,Chittagong,988,0
2023-02-04,Chittagong,1018,0
2023-02-05,Chittagong,928,0
2023-02-06,Chittagong,1007,0
2023-02-07,Chittagong,988,0
2023-02-08,Chittagong,1017,0
2023-02-09,Chittagong,1048,0
2023-02-10,Chittagong,947,0
2023-02-11,Chittagong,1044,0
2023-02-12,Chittagong,1078,0
2023-02-13,Chittagong,1016,0
2023-02-14,Chittagong,1053,0
2023-02-15,Chittagong,1003,0
2023-02-16,Chittagong,1018,0
2023-02-17,Chittagong,1004,0
2023-02-18,Chittagong,1058,0
2023-02-19,Chittagong,1055,0
2023-02-20,Chittagong,1038,0
2023-02-21,Chittagong,938,0
2023-02-22,Chittagong,1123,0
2023-02-23,Chittagong,1121,0
2023-02-24,Chittagong,1032,0
2023-02-25,Chittagong,1081,0
2023-02-26,Chittagong,1073,0
2023-02-27,Chittagong,1110,0
2023-02-28,Chittagong,1102,0
2023-03-01,Chittagong,1192,0
2023-03-02,Chittagong,1092,0
2023-03-03,Chittagong,1102,0
2023-03-04,Chittagong,1112,0
2023-03-05,Chittagong,1074,0
2023-03-06,Chittagong,1139,0
2023-03-07,Chittagong,1052,0
2023-03-08,Chittagong,999,0
2023-03-09,Chittagong,1142,0
2023-03-10,Chittagong,1096,0
2023-03-11,Chittagong,1169,0
2023-03-12,Chittagong,1208,0
2023-03-13,Chittagong,1175,0
2023-03-14,Chittagong,1179,0
2023-03-15,Chittagong,1222,0
2023-03-16,Chittagong,1304,0
2023-03-17,Chittagong,1149,0
2023-03-18,Chittagong,1193,0
2023-03-19,Chittagong,1163,0
2023-03-20,Chittagong,1025,0
2023-03-21,Chittagong,1035,0
2023-03-22,Chittagong,1031,0
2023-03-23,Chittagong,1133,0
2023-03-24,Chittagong,1109,0
2023-03-25,Chittagong,1200,0
2023-03-26,Chittagong,1083,0
2023-03-27,Chittagong,1227,0
2023-03-28,Chittagong,1305,0
2023-03-29,Chittagong,1153,0
2023-03-30,Chittagong,1234,0
2023-03-31,Chittagong,1142,0
2023-04-01,Chittagong,968,0
2023-04-02,Chittagong,1157,0
2023-04-03,Chittagong,1163,0
2023-04-04,Chittagong,1295,0
2023-04-05,Chittagong,1216,0
2023-04-06,Chittagong,1248,0
2023-04-07,Chittagong,1188,0
2023-04-08,Chittagong,1269,0
2023-04-09,Chittagong,1295,0
2023-04-10,Chittagong,1314,0
2023-04-11,Chittagong,1399,0
2023-04-12,Chittagong,1482,0
2023-04-13,Chittagong,1383,0
2023-04-14,Chittagong,1448,0
2023-04-15,Chittagong,1287,80
2023-04-16,Chittagong,1506,0
2023-04-17,Chittagong,1431,0
2023-04-18,Chittagong,1429,0
2023-04-19,Chittagong,1434,0
2023-04-20,Chittagong,1360,0
2023-04-21,Chittagong,1002,0
2023-04-22,Chittagong,974,0
2023-04-23,Chittagong,877,0
2023-04-24,Chittagong,1117,0
2023-04-25,Chittagong,1199,0
2023-04-26,Chittagong,1176,0
2023-04-27,Chittagong,1165,0
2023-04-28,Chittagong,1251,0
2023-04-29,Chittagong,1275,0
2023-04-30,Chittagong,1308,0
2023-05-01,Chittagong,1190,0
2023-05-02,Chittagong,1407,0
2023-05-03,Chittagong,1297,0
2023-05-04,Chittagong,1325,0
2023-05-05,Chittagong,1340,0
2023-05-06,Chittagong,1367,0
2023-05-07,Chittagong,1405,0
2023-05-08,Chittagong,1393,0
2023-05-09,Chittagong,1448,200
2023-05-10,Chittagong,1384,64
2023-05-11,Chittagong,1383,134
2023-05-12,Chittagong,1296,0
2023-05-13,Chittagong,990,51
2023-05-14,Chittagong,737,0
2023-05-15,Chittagong,1123,142
2023-05-16,Chittagong,1157,91
2023-05-17,Chittagong,1119,0
2023-05-18,Chittagong,1034,0
2023-05-19,Chittagong,1235,0
2023-05-20,Chittagong,1392,0
2023-05-21,Chittagong,1467,140
2023-05-22,Chittagong,1404,55
2023-05-23,Chittagong,1208,0
2023-05-24,Chittagong,1065,0
2023-05-25,Chittagong,1305,0
2023-05-26,Chittagong,1307,0
2023-05-27,Chittagong,1351,0
2023-05-28,Chittagong,1433,0
2023-05-29,Chittagong,1473,0
2023-05-30,Chittagong,1472,45
2023-05-31,Chittagong,1313,124
2023-06-01,Chittagong,1397,0
2023-06-02,Chittagong,1425,0
2023-06-03,Chittagong,1432,270
2023-06-04,Chittagong,1633,320
2023-06-05,Chittagong,1372,266
2023-06-06,Chittagong,1072,0
2023-06-07,Chittagong,1387,0
2023-06-08,Chittagong,1377,0
2023-06-09,Chittagong,1186,0
2023-06-10,Chittagong,1235,0
2023-06-11,Chittagong,1224,0
2023-06-12,Chittagong,1364,0
2023-06-13,Chittagong,1342,170
2023-06-14,Chittagong,1340,0
2023-06-15,Chittagong,1336,0
2023-06-16,Chittagong,1261,0
2023-06-17,Chittagong,1237,0
2023-06-18,Chittagong,1270,0
2023-06-19,Chittagong,1313,0
2023-06-20,Chittagong,1368,0
2023-06-21,Chittagong,1365,0
2023-06-22,Chittagong,1311,0
2023-06-23,Chittagong,1288,0
2023-06-24,Chittagong,1255,0
2023-06-25,Chittagong,1318,0
2023-06-26,Chittagong,1196,0
2023-06-27,Chittagong,1120,0
2023-06-28,Chittagong,928,0
2023-06-29,Chittagong,1021,0
2023-06-30,Chittagong,964,0
2023-07-01,Chittagong,1220,0
2023-07-02,Chittagong,1333,0
2023-07-03,Chittagong,1344,0
2023-07-04,Chittagong,1350,0
2023-07-05,Chittagong,1325,0
2023-07-06,Chittagong,1286,0
2023-07-07,Chittagong,1318,0
2023-07-08,Chittagong,1329,0
2023-07-09,Chittagong,1368,0
2023-07-10,Chittagong,1269,0
2023-07-11,Chittagong,1439,0
2023-07-12,Chittagong,1430,0
2023-07-13,Chittagong,1372,0
2023-07-14,Chittagong,1267,0
2023-07-15,Chittagong,1373,0
2023-07-16,Chittagong,1270,0
2023-07-17,Chittagong,1422,0
2023-07-18,Chittagong,1353,0
2023-07-19,Chittagong,1440,0
2023-07-20,Chittagong,1395,0
2023-07-21,Chittagong,1422,0
2023-07-22,Chittagong,1484,0
2023-07-23,Chittagong,1463,132
2023-07-24,Chittagong,1564,0
2023-07-25,Chittagong,1451,0
2023-07-26,Chittagong,1402,0
2023-07-27,Chittagong,1415,0
2023-07-28,Chittagong,1289,0
2023-07-29,Chittagong,1356,0
2023-07-30,Chittagong,1482,0
2023-07-31,Chittagong,1484,0
2023-08-01,Chittagong,1343,0
2023-08-02,Chittagong,1359,0
2023-08-03,Chittagong,1300,0
2023-08-04,Chittagong,1241,0
2023-08-05,Chittagong,1189,0
2023-08-06,Chittagong,1139,25
2023-08-07,Chittagong,1039,0
2023-08-08,Chittagong,981,0
2023-08-09,Chittagong,1083,0
2023-08-10,Chittagong,1181,0
2023-08-11,Chittagong,1170,0
2023-08-12,Chittagong,1257,0
2023-08-13,Chittagong,1195,0
2023-08-14,Chittagong,1205,0
2023-08-15,Chittagong,1212,0
2023-08-16,Chittagong,1347,0
2023-08-17,Chittagong,1304,0
2023-08-18,Chittagong,1277,0
2023-08-19,Chittagong,1368,77
2023-08-20,Chittagong,1337,0
2023-08-21,Chittagong,1315,35
2023-08-22,Chittagong,1220,0
2023-08-23,Chittagong,1273,0
2023-08-24,Chittagong,1278,0
2023-08-25,Chittagong,1186,0
2023-08-26,Chittagong,1218,0
2023-08-27,Chittagong,1230,0
2023-08-28,Chittagong,1339,0
2023-08-29,Chittagong,1499,0
2023-08-30,Chittagong,1408,0
2023-08-31,Chittagong,1415,0
2023-09-01,Chittagong,1359,0
2023-09-02,Chittagong,1082,0
2023-09-03,Chittagong,1311,0
2023-09-04,Chittagong,1453,0
2023-09-05,Chittagong,1316,185
2023-09-06,Chittagong,1308,0
2023-09-07,Chittagong,1365,0
2023-09-08,Chittagong,1295,0
2023-09-09,Chittagong,1403,52
2023-09-10,Chittagong,1403,0
2023-09-11,Chittagong,1363,0
2023-09-12,Chittagong,1278,0
2023-09-13,Chittagong,1326,0
2023-09-14,Chittagong,1243,0
2023-09-15,Chittagong,1287,0
2023-09-16,Chittagong,1395,0
2023-09-17,Chittagong,1333,0
2023-09-18,Chittagong,1293,0
2023-09-19,Chittagong,1313,0
2023-09-20,Chittagong,1242,0
2023-09-21,Chittagong,1263,0
2023-09-22,Chittagong,1225,0
2023-09-23,Chittagong,1417,0
2023-09-24,Chittagong,1320,0
2023-09-25,Chittagong,1328,0
2023-09-26,Chittagong,1339,0
2023-09-27,Chittagong,1401,0
2023-09-28,Chittagong,1355,0
2023-09-29,Chittagong,1220,0
2023-09-30,Chittagong,1347,0
2023-10-01,Chittagong,1363,0
2023-10-02,Chittagong,1380,0
2023-10-03,Chittagong,1299,0
2023-10-04,Chittagong,1279,0
2023-10-05,Chittagong,1255,0
2023-10-06,Chittagong,1258,0
2023-10-07,Chittagong,1298,0
2023-10-08,Chittagong,1337,0
2023-10-09,Chittagong,1363,0
2023-10-10,Chittagong,1360,0
2023-10-11,Chittagong,1269,0
2023-10-12,Chittagong,1276,0
2023-10-13,Chittagong,1232,0
2023-10-14,Chittagong,1331,0
2023-10-15,Chittagong,1317,0
2023-10-16,Chittagong,1227,0
2023-10-17,Chittagong,1268,0
2023-10-18,Chittagong,1205,0
2023-10-19,Chittagong,1238,0
2023-10-20,Chittagong,1211,0
2023-10-21,Chittagong,1333,0
2023-10-22,Chittagong,1238,0
2023-10-23,Chittagong,1242,0
2023-10-24,Chittagong,731,0
2023-10-25,Chittagong,1076,0
2023-10-26,Chittagong,1161,0
2023-10-27,Chittagong,1109,0
2023-10-28,Chittagong,1216,0
2023-10-29,Chittagong,1233,0
2023-10-30,Chittagong,1199,0
2023-10-31,Chittagong,1352,0
2023-11-01,Chittagong,1285,0
2023-11-02,Chittagong,1348,0
2023-11-03,Chittagong,1187,0
2023-11-04,Chittagong,1195,0
2023-11-05,Chittagong,1163,0
2023-11-06,Chittagong,1204,0
2023-11-07,Chittagong,1106,0
2023-11-08,Chittagong,1109,0
2023-11-09,Chittagong,1161,0
2023-11-10,Chittagong,964,0
2023-11-11,Chittagong,1144,0
2023-11-12,Chittagong,1177,0
2023-11-13,Chittagong,1185,0
2023-11-14,Chittagong,1236,0
2023-11-15,Chittagong,1337,0
2023-11-16,Chittagong,1180,0
2023-11-17,Chittagong,709,0
2023-11-18,Chittagong,1067,0
2023-11-19,Chittagong,1106,0
2023-11-20,Chittagong,1211,0
2023-11-21,Chittagong,1223,0
2023-11-22,Chittagong,1155,0
2023-11-23,Chittagong,1185,0
2023-11-24,Chittagong,977,0
2023-11-25,Chittagong,1073,0
2023-11-26,Chittagong,1168,0
2023-11-27,Chittagong,1159,0
2023-11-28,Chittagong,1089,0
2023-11-29,Chittagong,1195,0
2023-11-30,Chittagong,1135,0
2023-12-01,Chittagong,1005,0
2023-12-02,Chittagong,1151,0
2023-12-03,Chittagong,1117,0
2023-12-04,Chittagong,1157,0
2023-12-05,Chittagong,1144,0
2023-12-06,Chittagong,1198,0
2023-12-07,Chittagong,1156,0
2023-12-08,Chittagong,951,0
2023-12-09,Chittagong,1061,0
2023-12-10,Chittagong,1088,0
2023-12-11,Chittagong,1043,0
2023-12-12,Chittagong,949,0
2023-12-13,Chittagong,966,0
2023-12-14,Chittagong,954,0
2023-12-15,Chittagong,760,0
2023-12-16,Chittagong,680,0
2023-12-17,Chittagong,863,0
2023-12-18,Chittagong,912,0
2023-12-19,Chittagong,977,0
2023-12-20,Chittagong,998,0
2023-12-21,Chittagong,966,0
2023-12-22,Chittagong,876,0
2023-12-23,Chittagong,968,0
2023-12-24,Chittagong,1039,0
2023-12-25,Chittagong,1027,0
2023-12-26,Chittagong,1029,0
2023-12-27,Chittagong,1054,0
2023-12-28,Chittagong,1057,0
2023-12-29,Chittagong,1195,0
2023-12-30,Chittagong,1015,0
2023-12-31,Chittagong,1117,0
2024-01-01,Chittagong,985,0
2024-01-02,Chittagong,986,0
2024-01-03,Chittagong,1066,0
2024-01-04,Chittagong,1070,0
2024-01-05,Chittagong,938,0
2024-01-06,Chittagong,853,0
2024-01-07,Chittagong,611,0
2024-01-08,Chittagong,926,0
2024-01-09,Chittagong,907,0
2024-01-10,Chittagong,972,0
2024-01-11,Chittagong,975,0
2024-01-12,Chittagong,881,0
2024-01-13,Chittagong,968,0
2024-01-14,Chittagong,1008,0
2024-01-15,Chittagong,906,0
2024-01-16,Chittagong,985,0
2024-01-17,Chittagong,929,0
2024-01-18,Chittagong,1045,0
2024-01-19,Chittagong,963,0
2024-01-20,Chittagong,1003,0
2024-01-21,Chittagong,931,0
2024-01-22,Chittagong,976,0
2024-01-23,Chittagong,1012,0
2024-01-24,Chittagong,982,0
2024-01-25,Chittagong,950,0
2024-01-26,Chittagong,894,0
2024-01-27,Chittagong,957,0
2024-01-28,Chittagong,984,0
2024-01-29,Chittagong,948,0
2024-01-30,Chittagong,933,0
2024-01-31,Chittagong,946,0
2024-02-01,Chittagong,956,0
2024-02-02,Chittagong,934,0
2024-02-03,Chittagong,991,0
2024-02-04,Chittagong,978,0
2024-02-05,Chittagong,1008,0
2024-02-06,Chittagong,997,0
2024-02-07,Chittagong,1045,0
2024-02-08,Chittagong,987,0
2024-02-09,Chittagong,840,0
2024-02-10,Chittagong,1002,0
2024-02-11,Chittagong,989,0
2024-02-12,Chittagong,989,0
2024-02-13,Chittagong,1024,0
2024-02-14,Chittagong,1032,0
2024-02-15,Chittagong,1092,0
2024-02-16,Chittagong,1020,0
2024-02-17,Chittagong,1138,0
2024-02-18,Chittagong,1058,0
2024-02-19,Chittagong,1130,0
2024-02-20,Chittagong,1036,0
2024-02-21,Chittagong,965,0
2024-02-22,Chittagong,1128,0
2024-02-23,Chittagong,1090,0
2024-02-24,Chittagong,1192,0
2024-02-25,Chittagong,1018,0
2024-02-26,Chittagong,958,0
2024-02-27,Chittagong,1103,0
2024-02-28,Chittagong,1228,0
2024-02-29,Chittagong,1151,0
2024-03-01,Chittagong,1008,0
2024-03-02,Chittagong,1061,0
2024-03-03,Chittagong,1098,0
2024-03-04,Chittagong,1126,0
2024-03-05,Chittagong,1114,0
2024-03-06,Chittagong,1107,0
2024-03-07,Chittagong,1164,0
2024-03-08,Chittagong,1031,0
2024-03-09,Chittagong,1085,0
2024-03-10,Chittagong,1100,0
2024-03-11,Chittagong,1127,0
2024-03-12,Chittagong,1083,0
2024-03-13,Chittagong,1136,0
2024-03-14,Chittagong,1126,0
2024-03-15,Chittagong,1023,0
2024-03-16,Chittagong,1235,0
2024-03-17,Chittagong,1172,0
2024-03-18,Chittagong,1232,0
2024-03-19,Chittagong,1271,0
2024-03-20,Chittagong,1234,0
2024-03-21,Chittagong,1006,0
2024-03-22,Chittagong,1059,0
2024-03-23,Chittagong,1175,0
2024-03-24,Chittagong,1240,0
2024-03-25,Chittagong,1280,0
2024-03-26,Chittagong,1222,0
2024-03-27,Chittagong,1309,0
2024-03-28,Chittagong,1172,0
2024-03-29,Chittagong,1318,0
2024-03-30,Chittagong,1247,80
2024-03-31,Chittagong,1335,0
2024-04-01,Chittagong,1398,90
2024-04-02,Chittagong,1339,140
2024-04-03,Chittagong,1399,170
2024-04-04,Chittagong,1454,143
2024-04-05,Chittagong,1432,130
2024-04-06,Chittagong,1346,20
2024-04-07,Chittagong,1244,0
2024-04-08,Chittagong,1333,0
2024-04-09,Chittagong,1181,0
2024-04-10,Chittagong,1187,0
2024-04-11,Chittagong,947,0
2024-04-12,Chittagong,1129,0
2024-04-13,Chittagong,1297,0
2024-04-14,Chittagong,1200,0
2024-04-15,Chittagong,1395,88
2024-04-16,Chittagong,1352,0
2024-04-17,Chittagong,1415,99
2024-04-18,Chittagong,1473,95
2024-04-19,Chittagong,1306,0
2024-04-20,Chittagong,1338,0
2024-04-21,Chittagong,1359,0
2024-04-22,Chittagong,1456,100
2024-04-23,Chittagong,1586,128
2024-04-24,Chittagong,1517,105
2024-04-25,Chittagong,1476,170
2024-04-26,Chittagong,1327,0
2024-04-27,Chittagong,1415,130
2024-04-28,Chittagong,1438,214
2024-04-29,Chittagong,1584,165
2024-04-30,Chittagong,1468,20
2024-05-01,Chittagong,1413,0
2024-05-02,Chittagong,1344,0
2024-05-03,Chittagong,1398,0
2024-05-04,Chittagong,1324,45
2024-05-05,Chittagong,1416,0
2024-05-06,Chittagong,403,0
2024-05-07,Chittagong,1171,0
2024-05-08,Chittagong,1144,0
2024-05-09,Chittagong,1302,0
2024-05-10,Chittagong,1225,0
2024-05-11,Chittagong,1159,0
2024-05-12,Chittagong,1419,0
2024-05-13,Chittagong,1408,0
2024-05-14,Chittagong,1490,0
2024-05-15,Chittagong,1512,0
2024-05-16,Chittagong,1553,80
2024-05-17,Chittagong,1484,0
2024-05-18,Chittagong,1434,0
2024-05-19,Chittagong,1337,0
2024-05-20,Chittagong,1418,0
2024-05-23,Chittagong,1523,0
2024-05-24,Chittagong,1388,0
2024-05-25,Chittagong,1423,0
2024-05-27,Chittagong,1275,0
2024-05-28,Chittagong,639,0
2024-05-29,Chittagong,1213,0
2024-05-30,Chittagong,1408,0
2024-05-31,Chittagong,1363,0
2024-06-01,Chittagong,1563,0
2024-06-02,Chittagong,1517,0
2024-06-03,Chittagong,1484,0
2024-06-04,Chittagong,1544,0
2024-06-05,Chittagong,1472,0
2024-06-06,Chittagong,1430,0
2024-06-07,Chittagong,1382,0
2024-06-08,Chittagong,1473,66
2024-06-10,Chittagong,1470,0
2024-06-11,Chittagong,1577,148
2024-06-12,Chittagong,1479,100
2024-06-13,Chittagong,1435,0
2024-06-14,Chittagong,1363,0
2024-06-15,Chittagong,1268,0
2024-06-16,Chittagong,1119,0
2024-06-17,Chittagong,1070,0
2024-06-18,Chittagong,920,0
2024-06-19,Chittagong,1244,0
2024-06-20,Chittagong,1297,0
2024-06-21,Chittagong,1304,0
2024-06-22,Chittagong,1436,0
2024-06-23,Chittagong,1357,0
2024-06-24,Chittagong,1404,120
2024-06-25,Chittagong,1387,110
2024-06-26,Chittagong,1338,120
2024-06-27,Chittagong,1337,0
2024-06-28,Chittagong,1337,0
2024-06-29,Chittagong,1337,0
2024-06-30,Chittagong,1244,0
2024-07-01,Chittagong,1326,0
2024-07-02,Chittagong,1234,0
2024-07-03,Chittagong,1265,0
2024-07-04,Chittagong,1325,0
2024-07-05,Chittagong,1263,0
2024-07-06,Chittagong,1335,0
2024-07-07,Chittagong,1357,0
2024-07-08,Chittagong,1404,54
2024-07-09,Chittagong,1471,0
2024-07-10,Chittagong,1419,0
2024-07-11,Chittagong,1414,0
2024-07-12,Chittagong,1251,0
2024-07-13,Chittagong,1362,0
2024-07-14,Chittagong,1430,0
2024-07-15,Chittagong,1441,0
2024-07-16,Chittagong,1419,15
2024-07-17,Chittagong,1403,0
2024-07-23,Chittagong,1004,0
2024-07-24,Chittagong,1183,0
2024-07-25,Chittagong,1240,0
2024-07-26,Chittagong,1325,0
2024-07-27,Chittagong,1392,0
2024-07-28,Chittagong,1459,0
2024-07-29,Chittagong,1343,0
2024-07-30,Chittagong,1372,0
2024-07-31,Chittagong,1290,0
2024-08-01,Chittagong,1234,0
2024-08-02,Chittagong,1170,0
2024-08-03,Chittagong,1366,0
2024-08-04,Chittagong,1207,0
2024-08-05,Chittagong,1207,0
2024-08-06,Chittagong,1205,0
2024-08-07,Chittagong,1281,0
2024-08-08,Chittagong,1224,0
2024-08-09,Chittagong,1272,0
2024-08-10,Chittagong,1185,0
2024-08-11,Chittagong,1317,0
2024-08-12,Chittagong,1277,0
2024-08-13,Chittagong,1405,0
2024-08-14,Chittagong,1369,0
2024-08-15,Chittagong,1343,0
2024-08-16,Chittagong,1196,0
2024-08-17,Chittagong,1223,0
2024-08-18,Chittagong,1196,0
2024-08-19,Chittagong,1197,0
2024-08-20,Chittagong,1173,0
2024-08-21,Chittagong,1223,0
2024-08-22,Chittagong,1147,0
2024-08-23,Chittagong,1048,0
2024-08-24,Chittagong,1066,0
2024-08-25,Chittagong,1066,0
2024-08-26,Chittagong,1144,0
2024-08-27,Chittagong,1191,0
2024-08-28,Chittagong,1216,0
2024-08-29,Chittagong,1222,0
2024-08-30,Chittagong,1202,0
2024-08-31,Chittagong,1227,0
2024-09-01,Chittagong,1273,0
2024-09-02,Chittagong,1202,0
2024-09-03,Chittagong,1318,0
2024-09-04,Chittagong,1317,0
2024-09-05,Chittagong,1342,0
2024-09-06,Chittagong,1288,0
2024-09-07,Chittagong,1242,0
2024-09-08,Chittagong,1401,0
2024-09-09,Chittagong,1361,0
2024-09-10,Chittagong,1310,0
2024-09-11,Chittagong,1362,0
2024-09-12,Chittagong,1077,0
2024-09-13,Chittagong,675,0
2024-09-14,Chittagong,1144,0
2024-09-15,Chittagong,1248,0
2024-09-16,Chittagong,1327,0
2024-09-17,Chittagong,1408,0
2024-09-18,Chittagong,1242,0
2024-09-19,Chittagong,1431,0
2024-09-20,Chittagong,1118,0
2024-09-21,Chittagong,1224,0
2024-09-22,Chittagong,1423,0
2024-09-23,Chittagong,1250,4
2024-09-24,Chittagong,1334,0
2024-09-25,Chittagong,1194,0
2024-09-26,Chittagong,1362,0
2024-09-27,Chittagong,1233,0
2024-09-28,Chittagong,1417,0
2024-09-29,Chittagong,1417,0
2024-09-30,Chittagong,1384,0
2024-10-01,Chittagong,1330,0
2024-10-02,Chittagong,1098,0
2024-10-03,Chittagong,1198,0
2024-10-05,Chittagong,1308,0
2024-10-06,Chittagong,1292,0
2024-10-07,Chittagong,1412,0
2024-10-08,Chittagong,1313,0
2024-10-09,Chittagong,1479,0
2024-10-10,Chittagong,1246,0
2024-10-11,Chittagong,1229,0
2024-10-12,Chittagong,1235,0
2024-10-13,Chittagong,1234,0
2024-10-14,Chittagong,1282,0
2024-10-15,Chittagong,1257,0
2024-10-16,Chittagong,1244,0
2024-10-17,Chittagong,1402,0
2024-10-18,Chittagong,1302,0
2024-10-19,Chittagong,1318,0
2024-10-20,Chittagong,1369,0
2024-10-21,Chittagong,1330,0
2024-10-22,Chittagong,1283,0
2024-10-23,Chittagong,1295,0
2024-10-24,Chittagong,1280,0
2024-10-25,Chittagong,1180,0
2024-10-26,Chittagong,1369,0
2024-10-27,Chittagong,1263,0
2024-10-28,Chittagong,1215,0
2024-10-29,Chittagong,1229,30
2024-10-30,Chittagong,1273,95
2024-10-31,Chittagong,1298,224
2024-11-01,Chittagong,1120,0
2024-11-02,Chittagong,1148,0
2024-11-03,Chittagong,1240,0
2024-11-04,Chittagong,1232,0
2024-11-05,Chittagong,1180,0
2024-11-06,Chittagong,1250,0
2024-11-07,Chittagong,1141,0
2024-11-08,Chittagong,1032,0
2024-11-09,Chittagong,1119,0
2024-11-10,Chittagong,1155,0
2024-11-11,Chittagong,1325,0
2024-11-12,Chittagong,1256,0
2024-11-13,Chittagong,1227,0
2024-11-14,Chittagong,1282,0
2024-11-15,Chittagong,1298,224
2024-11-16,Chittagong,1126,0
2024-11-17,Chittagong,1142,0
2024-11-18,Chittagong,1097,0
2024-11-19,Chittagong,1111,0
2024-11-20,Chittagong,1123,0
2024-11-21,Chittagong,1131,0
2024-11-22,Chittagong,912,0
2024-11-23,Chittagong,1017,0
2024-11-24,Chittagong,1159,0
2024-11-25,Chittagong,1094,0
2024-11-26,Chittagong,1043,0
2024-11-27,Chittagong,990,0
2024-11-28,Chittagong,1075,0
2024-11-29,Chittagong,1048,0
2024-11-30,Chittagong,1171,0
2024-12-01,Chittagong,1182,0
2024-12-02,Chittagong,1132,0
2024-12-03,Chittagong,1146,0
2024-12-04,Chittagong,1139,0
2024-12-05,Chittagong,1113,0
2024-12-06,Chittagong,955,0
2024-12-07,Chittagong,948,0
2024-12-08,Chittagong,965,0
2024-12-09,Chittagong,1050,0
2024-12-10,Chittagong,992,0
2024-12-11,Chittagong,974,0
2024-12-13,Chittagong,874,0
2024-12-14,Chittagong,977,0
2024-12-15,Chittagong,1021,0
2024-12-16,Chittagong,825,0
2024-12-17,Chittagong,1110,0
2024-12-18,Chittagong,1065,0
2024-12-19,Chittagong,1063,0
2024-12-20,Chittagong,960,0
2024-12-21,Chittagong,948,0
2024-12-22,Chittagong,982,0
2024-12-23,Chittagong,1014,0
2024-12-24,Chittagong,1064,0
2024-12-25,Chittagong,994,0
2024-12-26,Chittagong,1068,0
2024-12-27,Chittagong,868,0
2024-12-28,Chittagong,1014,0
2024-12-29,Chittagong,961,0
2024-12-30,Chittagong,1036,0
2024-12-31,Chittagong,1002,0
2025-01-01,Chittagong,1057,0
2025-01-02,Chittagong,1100,0
2025-01-03,Chittagong,975,0
2025-01-04,Chittagong,1006,0
2025-01-05,Chittagong,1084,0
2025-01-06,Chittagong,1089,0
2025-01-07,Chittagong,1083,0
2025-01-08,Chittagong,1004,0
2025-01-09,Chittagong,1097,0
2025-01-10,Chittagong,1012,0
2025-01-11,Chittagong,1136,0
2025-01-12,Chittagong,1115,0
2025-01-13,Chittagong,753,0
2025-01-14,Chittagong,1049,0
2025-01-15,Chittagong,1103,0
2025-01-16,Chittagong,1174,0
2025-01-17,Chittagong,1080,0
2025-01-18,Chittagong,1008,0
2025-01-19,Chittagong,1148,0
2025-01-20,Chittagong,1024,0
2025-01-21,Chittagong,1099,0
2025-01-22,Chittagong,1126,0
2025-01-23,Chittagong,1118,0
2025-01-24,Chittagong,1030,0
2025-01-25,Chittagong,1138,0
2025-01-26,Chittagong,1034,0
2025-01-27,Chittagong,1134,0
2025-01-28,Chittagong,1186,0
2025-01-29,Chittagong,1146,0
2025-01-30,Chittagong,1152,0
2025-01-31,Chittagong,1017,0
2025-02-01,Chittagong,1097,0
2025-02-02,Chittagong,1238,0
2025-02-03,Chittagong,1218,0
2025-02-05,Chittagong,1235,0
2025-02-06,Chittagong,1183,0
2025-02-07,Chittagong,1004,0
2025-02-08,Chittagong,1110,0
2025-02-09,Chittagong,1160,0
2025-02-10,Chittagong,1059,0
2025-02-11,Chittagong,1124,0
2025-02-12,Chittagong,1163,0
2025-02-13,Chittagong,1186,0
2025-02-15,Chittagong,1078,0
2025-02-16,Chittagong,1188,0
2025-02-17,Chittagong,1212,0
2025-02-18,Chittagong,1240,0
2025-02-19,Chittagong,1293,0
2025-02-20,Chittagong,1340,0
2025-02-21,Chittagong,1188,0
2025-02-22,Chittagong,1270,0
2025-02-23,Chittagong,1218,0
2025-02-24,Chittagong,1288,0
2025-02-25,Chittagong,1317,0
2025-02-26,Chittagong,1276,0
2025-02-27,Chittagong,1248,0
2025-02-28,Chittagong,1225,0
2025-03-01,Chittagong,1339,0
2025-03-02,Chittagong,1277,0
2025-03-03,Chittagong,1341,0
2025-03-04,Chittagong,1243,0
2025-03-05,Chittagong,1267,0
2025-03-06,Chittagong,1313,0
2025-03-07,Chittagong,1088,0
2025-03-08,Chittagong,1293,0
2025-03-09,Chittagong,1307,0
2025-03-10,Chittagong,1310,0
2025-03-11,Chittagong,1318,0
2025-03-12,Chittagong,1295,0
2025-03-13,Chittagong,1395,0
2025-03-14,Chittagong,1317,0
2025-03-15,Chittagong,1432,0
2025-03-16,Chittagong,1497,0
2025-03-17,Chittagong,1470,0
2025-03-18,Chittagong,1412,0
2025-03-19,Chittagong,1460,0
2025-03-20,Chittagong,1476,0
2025-03-21,Chittagong,1320,0
2025-03-22,Chittagong,1317,0
2025-03-23,Chittagong,1415,0
2025-03-24,Chittagong,1372,0
2025-03-25,Chittagong,1405,0
2025-03-26,Chittagong,1456,0
2025-03-27,Chittagong,1422,0
2025-03-28,Chittagong,1443,0
2025-03-30,Chittagong,1211,0
2025-03-31,Chittagong,1022,0
2025-04-01,Chittagong,1178,0
2025-04-02,Chittagong,1286,0
2025-04-03,Chittagong,1345,0
2025-04-04,Chittagong,1344,0
2025-04-05,Chittagong,1356,0
2025-04-06,Chittagong,1516,0
2025-04-07,Chittagong,1459,0
2025-04-08,Chittagong,1438,0
2025-04-09,Chittagong,1404,0
2025-04-10,Chittagong,1410,0
2025-04-11,Chittagong,1444,0
2025-04-12,Chittagong,1487,0
2025-04-13,Chittagong,1546,0
2025-04-14,Chittagong,1405,0
2025-04-15,Chittagong,1519,0
2025-04-16,Chittagong,1261,0
2025-04-17,Chittagong,1389,0
2025-04-18,Chittagong,1111,0
2025-04-19,Chittagong,1225,0
2025-04-20,Chittagong,1480,0
2025-04-21,Chittagong,1318,0
2025-04-22,Chittagong,1473,0
2025-04-23,Chittagong,1453,0
2025-04-24,Chittagong,1522,0
2025-04-25,Chittagong,1413,0
2025-04-26,Chittagong,1498,0
2025-04-27,Chittagong,1598,0
2025-04-28,Chittagong,1542,0
2025-04-29,Chittagong,1462,0
2025-04-30,Chittagong,1412,0
2025-05-01,Chittagong,1118,0
2025-05-02,Chittagong,1296,0
2025-05-03,Chittagong,1360,0
2025-05-04,Chittagong,1462,0
2025-05-05,Chittagong,1468,0
2025-05-06,Chittagong,1463,0
2025-05-07,Chittagong,1521,0
2025-05-08,Chittagong,1564,0
2025-05-09,Chittagong,1558,0
2025-05-10,Chittagong,1603,0
2025-05-11,Chittagong,1542,0
2025-05-12,Chittagong,1563,0
2025-05-13,Chittagong,1624,0
2025-05-14,Chittagong,1550,0
2025-05-15,Chittagong,1578,0
2025-05-16,Chittagong,1513,0
2025-05-17,Chittagong,1426,0
2025-05-18,Chittagong,1505,0
2025-05-19,Chittagong,1524,0
2025-05-20,Chittagong,1515,0
2025-05-21,Chittagong,1476,0
2025-05-22,Chittagong,1379,0
2025-05-23,Chittagong,1350,0
2025-05-24,Chittagong,1493,0
2025-05-25,Chittagong,1527,0
2025-05-26,Chittagong,1267,0
2025-05-27,Chittagong,1554,0
2025-05-28,Chittagong,1396,0
2025-05-29,Chittagong,1020,0
2025-05-30,Chittagong,1270,0
2025-05-31,Chittagong,1544,0
2025-06-01,Chittagong,1162,0
2025-06-02,Chittagong,1357,0
2025-06-03,Chittagong,1240,0
2025-06-04,Chittagong,1260,0
2025-06-05,Chittagong,1184,0
2025-06-07,Chittagong,1100,0
2025-06-08,Chittagong,1237,0
2025-06-09,Chittagong,1345,0
2025-06-10,Chittagong,1190,0
2025-06-11,Chittagong,1284,0
2025-06-12,Chittagong,1296,0
2025-06-13,Chittagong,1320,0
2025-06-14,Chittagong,1430,0
2025-06-15,Chittagong,1497,0
2025-06-16,Chittagong,1434,0
2025-06-17,Chittagong,1381,0
2025-06-18,Chittagong,1289,0
2025-06-19,Chittagong,1387,0
2025-06-20,Chittagong,1366,0
2025-06-21,Chittagong,1407,0
2025-06-22,Chittagong,1418,0
2025-06-23,Chittagong,1412,0
2025-06-24,Chittagong,1486,0
2025-06-25,Chittagong,1440,0
2025-06-27,Chittagong,1323,0
2025-06-28,Chittagong,1386,0
2025-06-29,Chittagong,1417,0
2025-06-30,Chittagong,1489,0
2025-07-01,Chittagong,1496,0
2025-07-03,Chittagong,1407,0
2025-07-04,Chittagong,1247,0
2025-07-06,Chittagong,1256,0
2025-07-07,Chittagong,1216,0
2025-07-08,Chittagong,1260,0
2025-07-09,Chittagong,1270,0
2025-07-10,Chittagong,1353,0
2025-07-11,Chittagong,1297,0
2025-07-12,Chittagong,1420,0
2025-07-13,Chittagong,1366,0
2025-07-14,Chittagong,1361,0
2025-07-15,Chittagong,1411,0
2025-07-16,Chittagong,1538,0
2025-07-17,Chittagong,1526,0
2025-07-18,Chittagong,1401,0
2025-07-19,Chittagong,1452,0
2025-07-21,Chittagong,1493,0
2025-07-23,Chittagong,1556,0
2025-07-24,Chittagong,1519,0
2025-07-25,Chittagong,1378,0
2025-07-26,Chittagong,1470,0
2025-07-27,Chittagong,1375,0
2025-07-28,Chittagong,1410,0
2025-07-29,Chittagong,1424,0
2025-07-30,Chittagong,1478,0
2025-07-31,Chittagong,1481,0
2025-08-01,Chittagong,1316,0
2025-08-02,Chittagong,1408,0
2025-08-04,Chittagong,1446,0
2025-08-05,Chittagong,1200,0
2025-08-06,Chittagong,1434,0
2025-08-07,Chittagong,1386,0
2025-08-08,Chittagong,1326,0
2025-08-09,Chittagong,1430,0
2025-08-10,Chittagong,1458,0
2025-08-11,Chittagong,1518,0
2025-08-12,Chittagong,1448,0
2025-08-13,Chittagong,1456,0
2025-08-14,Chittagong,1434,0
2025-08-15,Chittagong,1359,0
2025-08-16,Chittagong,1542,0
2025-08-17,Chittagong,1499,0
2025-08-18,Chittagong,1555,0
2025-08-19,Chittagong,1508,0
2025-08-20,Chittagong,1500,0
2025-08-21,Chittagong,1394,0
2025-08-22,Chittagong,1031,0
2025-08-23,Chittagong,1299,0
2025-08-24,Chittagong,1358,0
2025-08-25,Chittagong,1458,0
2025-08-26,Chittagong,1496,0
2025-08-27,Chittagong,1465,0
2025-08-28,Chittagong,1452,0
2025-08-29,Chittagong,1345,0
2025-08-30,Chittagong,1514,0
2025-08-31,Chittagong,1440,0
2025-09-01,Chittagong,1475,10
2025-09-02,Chittagong,1488,0
2025-09-03,Chittagong,1446,0
2025-09-04,Chittagong,1452,0
2025-09-05,Chittagong,1294,0
2025-09-06,Chittagong,1380,0
2025-09-07,Chittagong,1466,0
2025-09-08,Chittagong,1492,15
2025-09-09,Chittagong,1518,120
2025-09-10,Chittagong,1502,80
2025-09-11,Chittagong,1502,80
2025-09-12,Chittagong,1415,0
2025-09-13,Chittagong,1434,0
2025-09-14,Chittagong,1450,0
2025-09-15,Chittagong,1362,0
2025-09-16,Chittagong,1308,0
2025-09-17,Chittagong,1402,0
2025-09-18,Chittagong,1436,0
2025-09-19,Chittagong,1366,0
2025-09-20,Chittagong,1496,0
2025-09-21,Chittagong,1464,0
2025-09-22,Chittagong,1384,0
2025-09-23,Chittagong,1576,0
2025-09-24,Chittagong,1568,0
2025-09-26,Chittagong,1531,0
2025-09-28,Chittagong,1478,0
2025-09-30,Chittagong,1583,0
2025-10-01,Chittagong,1368,0
2025-10-02,Chittagong,1168,0
2025-10-03,Chittagong,1328,0
2025-10-05,Chittagong,1409,0
2025-10-06,Chittagong,1348,0
2025-10-07,Chittagong,1429,0
2025-10-08,Chittagong,1411,0
2025-10-09,Chittagong,1425,0
2025-10-10,Chittagong,1322,0
2025-10-11,Chittagong,1477,0
2025-10-12,Chittagong,1460,0
2025-10-13,Chittagong,1497,0
2025-10-14,Chittagong,1505,15
2025-10-15,Chittagong,1429,22
2025-10-16,Chittagong,1531,0
2025-10-17,Chittagong,1416,0
2025-10-18,Chittagong,1435,0
2025-10-19,Chittagong,1374,30
2025-10-20,Chittagong,1482,0
2025-10-21,Chittagong,1512,0
2025-10-22,Chittagong,1562,0
2025-10-23,Chittagong,1543,0
2025-10-24,Chittagong,1404,0
2025-10-25,Chittagong,1595,0
2025-10-26,Chittagong,1630,0
2025-10-27,Chittagong,1571,0
2025-10-28,Chittagong,1541,10
2025-10-29,Chittagong,1569,15
2025-10-30,Chittagong,1664,0
2025-10-31,Chittagong,1441,0
2025-11-01,Chittagong,1595,0
2025-11-02,Chittagong,1508,0
2025-11-03,Chittagong,1457,0
2025-11-04,Chittagong,1443,0
2025-11-05,Chittagong,1275,0
2025-11-06,Chittagong,1362,20
2025-11-07,Chittagong,1305,0
2025-11-08,Chittagong,1425,0
2025-11-09,Chittagong,1490,31
2025-11-10,Chittagong,1368,0
2025-11-11,Chittagong,1393,0
2025-11-12,Chittagong,1269,0
2025-11-13,Chittagong,1436,0
2025-11-14,Chittagong,1206,0
2025-11-15,Chittagong,1209,0
2025-11-16,Chittagong,1282,0
2025-11-17,Chittagong,1429,0
2025-11-18,Chittagong,1384,0
2025-11-19,Chittagong,1374,0
2025-11-20,Chittagong,1312,0
2025-11-21,Chittagong,1163,0
2025-11-22,Chittagong,1260,0
2025-11-23,Chittagong,1167,0
2025-11-24,Chittagong,1233,0
2025-11-25,Chittagong,1186,0
2025-11-26,Chittagong,1280,0
2025-11-27,Chittagong,1216,0
2025-11-28,Chittagong,1129,0
2025-11-29,Chittagong,1142,0
2025-11-30,Chittagong,1235,0
2025-12-01,Chittagong,1198,0
2025-12-02,Chittagong,1227,0
2025-12-03,Chittagong,1251,0
2025-12-04,Chittagong,1225,0
2025-12-05,Chittagong,1088,0
2025-12-06,Chittagong,1193,0
2025-12-07,Chittagong,1248,0
2025-12-08,Chittagong,1147,0
2025-12-09,Chittagong,1146,0
2025-12-10,Chittagong,1235,0
2025-12-11,Chittagong,1218,0
2025-12-12,Chittagong,1110,0
2025-12-13,Chittagong,1275,0
2025-12-14,Chittagong,1242,0
2025-12-15,Chittagong,1224,0
2025-12-16,Chittagong,779,0
2025-12-17,Chittagong,1172,0
2025-12-18,Chittagong,1177,0
2025-12-19,Chittagong,1106,0
2025-12-20,Chittagong,1229,0
2025-12-21,Chittagong,1144,0
2025-12-22,Chittagong,1190,0
2025-12-23,Chittagong,1198,0
2025-12-24,Chittagong,1233,0
2025-12-25,Chittagong,1134,0
2025-12-26,Chittagong,1029,0
2025-12-27,Chittagong,1175,0
2025-12-29,Chittagong,1168,0
2025-12-30,Chittagong,1128,0
2025-12-31,Chittagong,1091,0
2023-01-01,Comilla,798,0
2023-01-02,Comilla,828,0
2023-01-03,Comilla,789,0
2023-01-04,Comilla,797,0
2023-01-05,Comilla,813,0
2023-01-06,Comilla,773,0
2023-01-07,Comilla,838,0
2023-01-08,Comilla,825,0
2023-01-09,Comilla,836,32
2023-01-10,Comilla,836,0
2023-01-11,Comilla,843,0
2023-01-12,Comilla,838,0
2023-01-13,Comilla,740,0
2023-01-14,Comilla,723,38
2023-01-15,Comilla,839,0
2023-01-16,Comilla,806,0
2023-01-17,Comilla,841,0
2023-01-18,Comilla,822,0
2023-01-19,Comilla,799,0
2023-01-20,Comilla,810,0
2023-01-21,Comilla,828,0
2023-01-22,Comilla,844,0
2023-01-23,Comilla,855,0
2023-01-24,Comilla,861,0
2023-01-25,Comilla,830,0
2023-01-26,Comilla,893,0
2023-01-27,Comilla,837,0
2023-01-28,Comilla,876,0
2023-01-29,Comilla,858,0
2023-01-30,Comilla,854,0
2023-01-31,Comilla,855,0
2023-02-01,Comilla,855,0
2023-02-02,Comilla,879,0
2023-02-03,Comilla,806,0
2023-02-04,Comilla,865,0
2023-02-05,Comilla,875,0
2023-02-06,Comilla,877,0
2023-02-07,Comilla,843,0
2023-02-08,Comilla,907,0
2023-02-09,Comilla,918,0
2023-02-10,Comilla,844,0
2023-02-11,Comilla,905,0
2023-02-12,Comilla,918,0
2023-02-13,Comilla,867,0
2023-02-14,Comilla,865,0
2023-02-15,Comilla,868,0
2023-02-16,Comilla,885,0
2023-02-17,Comilla,821,0
2023-02-18,Comilla,850,0
2023-02-19,Comilla,925,0
2023-02-20,Comilla,868,0
2023-02-21,Comilla,888,0
2023-02-22,Comilla,948,0
2023-02-23,Comilla,997,0
2023-02-24,Comilla,976,0
2023-02-25,Comilla,1008,0
2023-02-26,Comilla,947,0
2023-02-27,Comilla,955,0
2023-02-28,Comilla,1001,0
2023-03-01,Comilla,1002,0
2023-03-02,Comilla,1032,0
2023-03-03,Comilla,981,0
2023-03-04,Comilla,1067,0
2023-03-05,Comilla,1112,0
2023-03-06,Comilla,1076,0
2023-03-07,Comilla,1064,0
2023-03-08,Comilla,1002,0
2023-03-09,Comilla,1047,0
2023-03-10,Comilla,993,0
2023-03-11,Comilla,1086,0
2023-03-12,Comilla,1133,0
2023-03-13,Comilla,1160,0
2023-03-14,Comilla,1145,0
2023-03-15,Comilla,1049,0
2023-03-16,Comilla,1097,0
2023-03-17,Comilla,994,0
2023-03-18,Comilla,1118,0
2023-03-19,Comilla,653,0
2023-03-20,Comilla,904,0
2023-03-21,Comilla,659,0
2023-03-22,Comilla,915,0
2023-03-23,Comilla,907,0
2023-03-24,Comilla,886,0
2023-03-25,Comilla,1010,0
2023-03-26,Comilla,782,0
2023-03-27,Comilla,973,0
2023-03-28,Comilla,1025,20
2023-03-29,Comilla,932,0
2023-03-30,Comilla,1057,0
2023-03-31,Comilla,1048,0
2023-04-01,Comilla,923,0
2023-04-02,Comilla,997,877
2023-04-03,Comilla,1069,0
2023-04-04,Comilla,1245,0
2023-04-05,Comilla,1164,0
2023-04-06,Comilla,1162,0
2023-04-07,Comilla,1185,0
2023-04-08,Comilla,1311,0
2023-04-09,Comilla,1373,35
2023-04-10,Comilla,1411,15
2023-04-11,Comilla,1497,0
2023-04-12,Comilla,1420,40
2023-04-13,Comilla,1487,50
2023-04-14,Comilla,1539,30
2023-04-15,Comilla,1398,120
2023-04-16,Comilla,1518,240
2023-04-17,Comilla,1576,64
2023-04-18,Comilla,1568,27
2023-04-19,Comilla,1567,120
2023-04-20,Comilla,1548,0
2023-04-21,Comilla,542,0
2023-04-22,Comilla,1280,0
2023-04-23,Comilla,1052,0
2023-04-24,Comilla,1188,0
2023-04-25,Comilla,1267,0
2023-04-26,Comilla,1345,0
2023-04-27,Comilla,196,0
2023-04-28,Comilla,1232,25
2023-04-29,Comilla,1050,0
2023-04-30,Comilla,1310,20
2023-05-01,Comilla,1218,0
2023-05-02,Comilla,1355,30
2023-05-03,Comilla,1018,0
2023-05-04,Comilla,1212,0
2023-05-05,Comilla,1204,0
2023-05-06,Comilla,1392,0
2023-05-07,Comilla,1377,130
2023-05-08,Comilla,1474,213
2023-05-09,Comilla,1468,221
2023-05-10,Comilla,1457,168
2023-05-11,Comilla,1454,250
2023-05-12,Comilla,1423,147
2023-05-13,Comilla,1311,300
2023-05-14,Comilla,1111,119
2023-05-15,Comilla,1381,418
2023-05-16,Comilla,1315,301
2023-05-17,Comilla,1052,0
2023-05-18,Comilla,1046,0
2023-05-19,Comilla,1289,0
2023-05-20,Comilla,1341,240
2023-05-21,Comilla,1248,145
2023-05-22,Comilla,1405,160
2023-05-23,Comilla,783,0
2023-05-24,Comilla,1002,0
2023-05-25,Comilla,1300,0
2023-05-26,Comilla,1295,0
2023-05-27,Comilla,1114,0
2023-05-28,Comilla,1361,10
2023-05-29,Comilla,1403,15
2023-05-30,Comilla,1378,95
2023-05-31,Comilla,1432,190
2023-06-01,Comilla,1430,250
2023-06-02,Comilla,1366,110
2023-06-03,Comilla,1462,260
2023-06-04,Comilla,1417,240
2023-06-05,Comilla,1415,245
2023-06-06,Comilla,1517,320
2023-06-07,Comilla,1359,320
2023-06-08,Comilla,1317,0
2023-06-09,Comilla,1254,0
2023-06-10,Comilla,1169,0
2023-06-11,Comilla,1153,8
2023-06-12,Comilla,1111,17
2023-06-13,Comilla,1344,48
2023-06-14,Comilla,1432,208
2023-06-15,Comilla,1431,211
2023-06-16,Comilla,951,0
2023-06-17,Comilla,1212,0
2023-06-18,Comilla,1132,0
2023-06-19,Comilla,1190,10
2023-06-20,Comilla,1226,0
2023-06-21,Comilla,1365,0
2023-06-22,Comilla,1403,20
2023-06-23,Comilla,1289,0
2023-06-24,Comilla,1315,96
2023-06-25,Comilla,1422,170
2023-06-26,Comilla,1311,0
2023-06-27,Comilla,1124,0
2023-06-28,Comilla,1171,0
2023-06-29,Comilla,1315,0
2023-06-30,Comilla,917,0
2023-07-01,Comilla,1234,0
2023-07-02,Comilla,1330,0
2023-07-03,Comilla,1399,0
2023-07-04,Comilla,1410,0
2023-07-05,Comilla,1427,0
2023-07-06,Comilla,1322,0
2023-07-07,Comilla,1314,0
2023-07-08,Comilla,1372,0
2023-07-09,Comilla,1425,80
2023-07-10,Comilla,1405,10
2023-07-11,Comilla,1403,0
2023-07-12,Comilla,1434,0
2023-07-13,Comilla,1385,0
2023-07-14,Comilla,1367,0
2023-07-15,Comilla,1364,0
2023-07-16,Comilla,1376,15
2023-07-17,Comilla,1407,0
2023-07-18,Comilla,1384,157
2023-07-19,Comilla,1303,180
2023-07-20,Comilla,1513,85
2023-07-21,Comilla,1349,0
2023-07-22,Comilla,1407,0
2023-07-23,Comilla,1329,140
2023-07-24,Comilla,1325,122
2023-07-25,Comilla,1412,64
2023-07-26,Comilla,1433,40
2023-07-27,Comilla,1368,25
2023-07-28,Comilla,1337,22
2023-07-29,Comilla,1447,32
2023-07-30,Comilla,1391,105
2023-07-31,Comilla,1094,40
2023-08-01,Comilla,1088,36
2023-08-02,Comilla,1308,30
2023-08-03,Comilla,1345,20
2023-08-04,Comilla,1236,0
2023-08-05,Comilla,1294,15
2023-08-06,Comilla,1199,0
2023-08-07,Comilla,1163,0
2023-08-08,Comilla,1214,0
2023-08-09,Comilla,1318,0
2023-08-10,Comilla,1268,0
2023-08-11,Comilla,1281,0
2023-08-12,Comilla,1276,0
2023-08-13,Comilla,1206,0
2023-08-14,Comilla,1313,0
2023-08-15,Comilla,1336,0
2023-08-16,Comilla,1230,90
2023-08-17,Comilla,1354,113
2023-08-18,Comilla,1284,39
2023-08-19,Comilla,1320,55
2023-08-20,Comilla,1365,79
2023-08-21,Comilla,1412,120
2023-08-22,Comilla,1329,25
2023-08-23,Comilla,1319,0
2023-08-24,Comilla,1296,0
2023-08-25,Comilla,1219,0
2023-08-26,Comilla,1250,11
2023-08-27,Comilla,1270,0
2023-08-28,Comilla,1278,0
2023-08-29,Comilla,1400,10
2023-08-30,Comilla,1253,150
2023-08-31,Comilla,1345,100
2023-09-01,Comilla,1385,18
2023-09-02,Comilla,1427,45
2023-09-03,Comilla,1384,70
2023-09-04,Comilla,1272,170
2023-09-05,Comilla,1298,119
2023-09-06,Comilla,1394,100
2023-09-07,Comilla,1422,180
2023-09-08,Comilla,1253,0
2023-09-09,Comilla,1342,42
2023-09-10,Comilla,1404,100
2023-09-11,Comilla,1443,165
2023-09-12,Comilla,1435,135
2023-09-13,Comilla,1392,58
2023-09-14,Comilla,1322,25
2023-09-15,Comilla,1380,30
2023-09-16,Comilla,1436,80
2023-09-17,Comilla,895,20
2023-09-18,Comilla,1272,25
2023-09-19,Comilla,1258,25
2023-09-20,Comilla,1200,0
2023-09-21,Comilla,1170,0
2023-09-22,Comilla,1218,0
2023-09-23,Comilla,1201,0
2023-09-24,Comilla,1260,0
2023-09-25,Comilla,1332,0
2023-09-26,Comilla,1373,15
2023-09-27,Comilla,1364,30
2023-09-28,Comilla,1380,25
2023-09-29,Comilla,1319,20
2023-09-30,Comilla,1307,19
2023-10-01,Comilla,1282,0
2023-10-02,Comilla,1273,20
2023-10-03,Comilla,1145,25
2023-10-04,Comilla,1056,0
2023-10-05,Comilla,1156,0
2023-10-06,Comilla,1130,0
2023-10-07,Comilla,1227,0
2023-10-08,Comilla,1195,10
2023-10-09,Comilla,1257,0
2023-10-10,Comilla,1287,25
2023-10-11,Comilla,1347,18
2023-10-12,Comilla,1242,90
2023-10-13,Comilla,1266,0
2023-10-14,Comilla,1278,0
2023-10-15,Comilla,1308,0
2023-10-16,Comilla,1265,0
2023-10-17,Comilla,1300,0
2023-10-18,Comilla,1225,0
2023-10-19,Comilla,1266,0
2023-10-20,Comilla,1165,40
2023-10-21,Comilla,1230,0
2023-10-22,Comilla,1226,0
2023-10-23,Comilla,1148,0
2023-10-24,Comilla,1030,0
2023-10-25,Comilla,1117,0
2023-10-26,Comilla,1163,0
2023-10-27,Comilla,1090,15
2023-10-28,Comilla,1114,0
2023-10-29,Comilla,1075,0
2023-10-30,Comilla,1057,0
2023-10-31,Comilla,1151,0
2023-11-01,Comilla,1209,16
2023-11-02,Comilla,11215,30
2023-11-03,Comilla,1118,20
2023-11-04,Comilla,1151,12
2023-11-05,Comilla,1099,0
2023-11-06,Comilla,1050,15
2023-11-07,Comilla,973,0
2023-11-08,Comilla,947,0
2023-11-09,Comilla,991,0
2023-11-10,Comilla,887,0
2023-11-11,Comilla,988,0
2023-11-12,Comilla,1017,0
2023-11-13,Comilla,1012,0
2023-11-14,Comilla,1024,0
2023-11-15,Comilla,1081,0
2023-11-16,Comilla,939,0
2023-11-17,Comilla,100,0
2023-11-18,Comilla,681,0
2023-11-19,Comilla,851,0
2023-11-20,Comilla,938,0
2023-11-21,Comilla,900,0
2023-11-22,Comilla,881,0
2023-11-23,Comilla,867,0
2023-11-24,Comilla,761,0
2023-11-25,Comilla,887,0
2023-11-26,Comilla,890,0
2023-11-27,Comilla,933,0
2023-11-28,Comilla,918,0
2023-11-29,Comilla,884,0
2023-11-30,Comilla,902,0
2023-12-01,Comilla,820,0
2023-12-02,Comilla,894,0
2023-12-03,Comilla,877,0
2023-12-04,Comilla,895,0
2023-12-05,Comilla,891,0
2023-12-06,Comilla,881,0
2023-12-07,Comilla,805,0
2023-12-08,Comilla,765,0
2023-12-09,Comilla,838,0
2023-12-10,Comilla,834,0
2023-12-11,Comilla,820,0
2023-12-12,Comilla,836,0
2023-12-13,Comilla,834,0
2023-12-14,Comilla,825,0
2023-12-15,Comilla,763,0
2023-12-16,Comilla,760,0
2023-12-17,Comilla,837,0
2023-12-18,Comilla,821,0
2023-12-19,Comilla,828,0
2023-12-20,Comilla,784,0
2023-12-21,Comilla,846,0
2023-12-22,Comilla,758,0
2023-12-23,Comilla,826,0
2023-12-24,Comilla,843,0
2023-12-25,Comilla,812,0
2023-12-26,Comilla,840,0
2023-12-27,Comilla,845,0
2023-12-28,Comilla,822,0
2023-12-29,Comilla,884,0
2023-12-30,Comilla,837,0
2023-12-31,Comilla,785,0
2024-01-01,Comilla,830,0
2024-01-02,Comilla,809,0
2024-01-03,Comilla,813,0
2024-01-04,Comilla,819,0
2024-01-05,Comilla,785,0
2024-01-06,Comilla,785,0
2024-01-07,Comilla,711,0
2024-01-08,Comilla,803,0
2024-01-09,Comilla,813,0
2024-01-10,Comilla,822,0
2024-01-11,Comilla,808,0
2024-01-12,Comilla,785,0
2024-01-13,Comilla,833,0
2024-01-14,Comilla,830,0
2024-01-15,Comilla,825,0
2024-01-16,Comilla,830,0
2024-01-17,Comilla,849,0
2024-01-18,Comilla,849,0
2024-01-19,Comilla,780,0
2024-01-20,Comilla,860,0
2024-01-21,Comilla,853,0
2024-01-22,Comilla,845,0
2024-01-23,Comilla,847,0
2024-01-24,Comilla,827,0
2024-01-25,Comilla,865,0
2024-01-26,Comilla,803,0
2024-01-27,Comilla,860,0
2024-01-28,Comilla,849,0
2024-01-29,Comilla,858,0
2024-01-30,Comilla,840,0
2024-01-31,Comilla,854,0
2024-02-01,Comilla,783,0
2024-02-02,Comilla,797,0
2024-02-03,Comilla,842,0
2024-02-04,Comilla,858,0
2024-02-05,Comilla,890,0
2024-02-06,Comilla,883,0
2024-02-07,Comilla,897,0
2024-02-08,Comilla,863,0
2024-02-09,Comilla,799,0
2024-02-10,Comilla,886,0
2024-02-11,Comilla,881,0
2024-02-12,Comilla,890,0
2024-02-13,Comilla,861,0
2024-02-14,Comilla,897,0
2024-02-15,Comilla,762,0
2024-02-16,Comilla,839,0
2024-02-17,Comilla,873,0
2024-02-18,Comilla,879,0
2024-02-19,Comilla,887,0
2024-02-20,Comilla,902,0
2024-02-21,Comilla,882,0
2024-02-22,Comilla,825,0
2024-02-23,Comilla,796,0
2024-02-24,Comilla,903,0
2024-02-25,Comilla,868,0
2024-02-26,Comilla,831,0
2024-02-27,Comilla,889,0
2024-02-28,Comilla,815,0
2024-02-29,Comilla,930,0
2024-03-01,Comilla,857,0
2024-03-02,Comilla,922,0
2024-03-03,Comilla,969,0
2024-03-04,Comilla,902,0
2024-03-05,Comilla,995,0
2024-03-06,Comilla,963,0
2024-03-07,Comilla,957,0
2024-03-08,Comilla,907,0
2024-03-09,Comilla,960,0
2024-03-10,Comilla,986,0
2024-03-11,Comilla,1005,0
2024-03-12,Comilla,1056,0
2024-03-13,Comilla,1156,0
2024-03-14,Comilla,966,0
2024-03-15,Comilla,1145,0
2024-03-16,Comilla,1206,0
2024-03-17,Comilla,1256,0
2024-03-18,Comilla,1217,17
2024-03-19,Comilla,1175,0
2024-03-20,Comilla,1067,0
2024-03-21,Comilla,905,0
2024-03-22,Comilla,947,0
2024-03-23,Comilla,1071,0
2024-03-24,Comilla,624,0
2024-03-25,Comilla,1191,10
2024-03-26,Comilla,1166,0
2024-03-27,Comilla,730,0
2024-03-28,Comilla,1031,0
2024-03-29,Comilla,1198,0
2024-03-30,Comilla,1320,100
2024-03-31,Comilla,1193,0
2024-04-01,Comilla,1280,173
2024-04-02,Comilla,1335,200
2024-04-03,Comilla,1356,180
2024-04-04,Comilla,1419,190
2024-04-05,Comilla,1457,45
2024-04-06,Comilla,1450,250
2024-04-07,Comilla,1168,0
2024-04-08,Comilla,1275,0
2024-04-09,Comilla,1370,0
2024-04-10,Comilla,1263,0
2024-04-11,Comilla,1297,0
2024-04-12,Comilla,1314,0
2024-04-13,Comilla,1370,10
2024-04-14,Comilla,1428,0
2024-04-15,Comilla,1461,0
2024-04-16,Comilla,933,0
2024-04-17,Comilla,1226,72
2024-04-18,Comilla,1361,0
2024-04-19,Comilla,1385,0
2024-04-20,Comilla,1364,84
2024-04-21,Comilla,1486,49
2024-04-22,Comilla,1619,36
2024-04-23,Comilla,1554,90
2024-04-24,Comilla,1555,90
2024-04-25,Comilla,1528,80
2024-04-26,Comilla,1519,45
2024-04-27,Comilla,1508,200
2024-04-28,Comilla,1590,240
2024-04-29,Comilla,1560,245
2024-04-30,Comilla,1572,20
2024-05-01,Comilla,1559,30
2024-05-02,Comilla,1087,0
2024-05-03,Comilla,1341,0
2024-05-04,Comilla,1476,127
2024-05-05,Comilla,1281,0
2024-05-06,Comilla,670,0
2024-05-07,Comilla,1227,0
2024-05-08,Comilla,1165,0
2024-05-09,Comilla,1202,0
2024-05-10,Comilla,1336,0
2024-05-11,Comilla,1154,0
2024-05-12,Comilla,1244,0
2024-05-13,Comilla,1342,20
2024-05-14,Comilla,1414,0
2024-05-15,Comilla,1457,20
2024-05-16,Comilla,1443,130
2024-05-17,Comilla,1510,50
2024-05-18,Comilla,1301,0
2024-05-19,Comilla,1240,0
2024-05-20,Comilla,1216,0
2024-05-23,Comilla,1518,35
2024-05-24,Comilla,1552,35
2024-05-25,Comilla,1116,0
2024-05-27,Comilla,1262,0
2024-05-28,Comilla,98,0
2024-05-29,Comilla,984,0
2024-05-30,Comilla,1305,0
2024-05-31,Comilla,1368,0
2024-06-01,Comilla,1552,25
2024-06-02,Comilla,1570,10
2024-06-03,Comilla,1327,0
2024-06-04,Comilla,1376,0
2024-06-05,Comilla,1523,92
2024-06-06,Comilla,1431,125
2024-06-07,Comilla,1201,0
2024-06-08,Comilla,1509,133
2024-06-10,Comilla,1369,0
2024-06-11,Comilla,1523,185
2024-06-12,Comilla,1482,50
2024-06-13,Comilla,794,0
2024-06-14,Comilla,1363,0
2024-06-15,Comilla,1390,0
2024-06-16,Comilla,1380,0
2024-06-17,Comilla,1476,0
2024-06-18,Comilla,1248,0
2024-06-19,Comilla,1127,0
2024-06-20,Comilla,1157,0
2024-06-21,Comilla,1302,0
2024-06-22,Comilla,1351,0
2024-06-23,Comilla,1349,0
2024-06-24,Comilla,1385,180
2024-06-25,Comilla,1443,215
2024-06-26,Comilla,1359,160
2024-06-27,Comilla,1335,120
2024-06-28,Comilla,1215,0
2024-06-29,Comilla,1215,0
2024-06-30,Comilla,1102,0
2024-07-01,Comilla,1351,0
2024-07-02,Comilla,1302,0
2024-07-03,Comilla,1315,0
2024-07-04,Comilla,1323,0
2024-07-05,Comilla,1262,0
2024-07-06,Comilla,1374,15
2024-07-07,Comilla,1461,10
2024-07-08,Comilla,1420,115
2024-07-09,Comilla,1383,18
2024-07-10,Comilla,1373,250
2024-07-11,Comilla,1426,90
2024-07-12,Comilla,1296,0
2024-07-13,Comilla,1473,30
2024-07-14,Comilla,1432,0
2024-07-15,Comilla,1482,95
2024-07-16,Comilla,1455,165
2024-07-17,Comilla,1460,130
2024-07-23,Comilla,1212,43
2024-07-24,Comilla,1313,55
2024-07-25,Comilla,1409,35
2024-07-26,Comilla,1430,60
2024-07-27,Comilla,1472,25
2024-07-28,Comilla,1419,35
2024-07-29,Comilla,1411,100
2024-07-30,Comilla,1427,55
2024-07-31,Comilla,1403,60
2024-08-01,Comilla,983,0
2024-08-02,Comilla,1061,0
2024-08-03,Comilla,1196,0
2024-08-04,Comilla,1272,27
2024-08-05,Comilla,1272,27
2024-08-06,Comilla,1311,0
2024-08-07,Comilla,1314,0
2024-08-08,Comilla,1302,27
2024-08-09,Comilla,1242,15
2024-08-10,Comilla,1242,0
2024-08-11,Comilla,1228,0
2024-08-12,Comilla,1356,20
2024-08-13,Comilla,1332,165
2024-08-14,Comilla,1425,180
2024-08-15,Comilla,1395,137
2024-08-16,Comilla,1239,0
2024-08-17,Comilla,1159,0
2024-08-18,Comilla,1271,0
2024-08-19,Comilla,967,0
2024-08-20,Comilla,1241,0
2024-08-21,Comilla,826,0
2024-08-22,Comilla,855,0
2024-08-23,Comilla,1014,5
2024-08-24,Comilla,1147,30
2024-08-25,Comilla,819,0
2024-08-26,Comilla,1037,0
2024-08-27,Comilla,1160,12
2024-08-28,Comilla,1164,20
2024-08-29,Comilla,1283,20
2024-08-30,Comilla,1321,25
2024-08-31,Comilla,1350,10
2024-09-01,Comilla,1342,24
2024-09-02,Comilla,1373,10
2024-09-03,Comilla,1395,100
2024-09-04,Comilla,1441,260
2024-09-05,Comilla,1354,140
2024-09-06,Comilla,1349,62
2024-09-07,Comilla,1464,217
2024-09-08,Comilla,1443,150
2024-09-09,Comilla,1471,240
2024-09-10,Comilla,1456,196
2024-09-11,Comilla,1431,290
2024-09-12,Comilla,1393,60
2024-09-13,Comilla,749,0
2024-09-14,Comilla,963,0
2024-09-15,Comilla,1101,0
2024-09-16,Comilla,1326,37
2024-09-17,Comilla,1326,60
2024-09-18,Comilla,1500,10
2024-09-19,Comilla,1466,22
2024-09-20,Comilla,1426,50
2024-09-21,Comilla,1237,0
2024-09-22,Comilla,1412,90
2024-09-23,Comilla,1459,150
2024-09-24,Comilla,1418,25
2024-09-25,Comilla,1226,0
2024-09-26,Comilla,1189,0
2024-09-27,Comilla,1275,0
2024-09-28,Comilla,1418,0
2024-09-29,Comilla,1451,35
2024-09-30,Comilla,1393,10
2024-10-01,Comilla,1369,60
2024-10-02,Comilla,1299,0
2024-10-03,Comilla,1252,0
2024-10-05,Comilla,1119,0
2024-10-06,Comilla,1250,0
2024-10-07,Comilla,1324,0
2024-10-08,Comilla,1313,0
2024-10-09,Comilla,1232,0
2024-10-10,Comilla,1322,0
2024-10-11,Comilla,1308,0
2024-10-12,Comilla,1371,0
2024-10-13,Comilla,1280,28
2024-10-14,Comilla,1361,15
2024-10-15,Comilla,1348,42
2024-10-16,Comilla,1384,126
2024-10-17,Comilla,1300,0
2024-10-18,Comilla,1238,0
2024-10-19,Comilla,1280,0
2024-10-20,Comilla,1294,0
2024-10-21,Comilla,1272,0
2024-10-22,Comilla,1388,0
2024-10-23,Comilla,1309,0
2024-10-24,Comilla,935,0
2024-10-25,Comilla,1190,0
2024-10-26,Comilla,1320,15
2024-10-27,Comilla,1367,0
2024-10-28,Comilla,1346,65
2024-10-29,Comilla,1279,125
2024-10-30,Comilla,1287,160
2024-10-31,Comilla,1316,154
2024-11-01,Comilla,1250,0
2024-11-02,Comilla,1302,0
2024-11-03,Comilla,1239,100
2024-11-04,Comilla,1266,0
2024-11-05,Comilla,1072,0
2024-11-06,Comilla,1120,0
2024-11-07,Comilla,1082,0
2024-11-08,Comilla,1043,0
2024-11-09,Comilla,1137,0
2024-11-10,Comilla,1139,0
2024-11-11,Comilla,1265,37
2024-11-12,Comilla,1175,0
2024-11-13,Comilla,1115,0
2024-11-14,Comilla,1100,0
2024-11-15,Comilla,1316,154
2024-11-16,Comilla,1050,0
2024-11-17,Comilla,1001,0
2024-11-18,Comilla,955,0
2024-11-19,Comilla,960,0
2024-11-20,Comilla,981,0
2024-11-21,Comilla,945,0
2024-11-22,Comilla,815,0
2024-11-23,Comilla,931,0
2024-11-24,Comilla,916,0
2024-11-25,Comilla,910,0
2024-11-26,Comilla,923,0
2024-11-27,Comilla,910,0
2024-11-28,Comilla,921,0
2024-11-29,Comilla,827,0
2024-11-30,Comilla,952,0
2024-12-01,Comilla,898,0
2024-12-02,Comilla,905,0
2024-12-03,Comilla,923,0
2024-12-04,Comilla,897,0
2024-12-05,Comilla,873,0
2024-12-06,Comilla,772,0
2024-12-07,Comilla,845,0
2024-12-08,Comilla,847,0
2024-12-09,Comilla,846,0
2024-12-10,Comilla,869,0
2024-12-11,Comilla,900,0
2024-12-13,Comilla,759,0
2024-12-14,Comilla,847,0
2024-12-15,Comilla,863,0
2024-12-16,Comilla,796,0
2024-12-17,Comilla,859,0
2024-12-18,Comilla,853,0
2024-12-19,Comilla,849,0
2024-12-20,Comilla,799,0
2024-12-21,Comilla,889,0
2024-12-22,Comilla,873,0
2024-12-23,Comilla,855,0
2024-12-24,Comilla,913,0
2024-12-25,Comilla,882,0
2024-12-26,Comilla,889,0
2024-12-27,Comilla,789,0
2024-12-28,Comilla,891,0
2024-12-29,Comilla,884,0
2024-12-30,Comilla,879,0
2024-12-31,Comilla,869,0
2025-01-01,Comilla,875,0
2025-01-02,Comilla,860,0
2025-01-03,Comilla,795,0
2025-01-04,Comilla,866,0
2025-01-05,Comilla,893,0
2025-01-06,Comilla,880,0
2025-01-07,Comilla,895,0
2025-01-08,Comilla,879,0
2025-01-09,Comilla,895,0
2025-01-10,Comilla,805,0
2025-01-11,Comilla,917,0
2025-01-12,Comilla,892,0
2025-01-13,Comilla,448,0
2025-01-14,Comilla,908,0
2025-01-15,Comilla,876,0
2025-01-16,Comilla,897,0
2025-01-17,Comilla,818,0
2025-01-18,Comilla,883,0
2025-01-19,Comilla,885,0
2025-01-20,Comilla,883,0
2025-01-21,Comilla,902,0
2025-01-22,Comilla,884,0
2025-01-23,Comilla,838,0
2025-01-24,Comilla,831,0
2025-01-25,Comilla,901,0
2025-01-26,Comilla,854,0
2025-01-27,Comilla,885,0
2025-01-28,Comilla,878,0
2025-01-29,Comilla,923,0
2025-01-30,Comilla,877,0
2025-01-31,Comilla,854,0
2025-02-01,Comilla,935,0
2025-02-02,Comilla,929,0
2025-02-03,Comilla,914,0
2025-02-05,Comilla,884,0
2025-02-06,Comilla,941,0
2025-02-07,Comilla,847,0
2025-02-08,Comilla,888,0
2025-02-09,Comilla,878,0
2025-02-10,Comilla,915,0
2025-02-11,Comilla,938,0
2025-02-12,Comilla,966,0
2025-02-13,Comilla,967,0
2025-02-15,Comilla,893,0
2025-02-16,Comilla,957,0
2025-02-17,Comilla,1009,0
2025-02-18,Comilla,1000,0
2025-02-19,Comilla,983,0
2025-02-20,Comilla,1021,0
2025-02-21,Comilla,965,0
2025-02-22,Comilla,817,0
2025-02-23,Comilla,991,0
2025-02-24,Comilla,1025,0
2025-02-25,Comilla,1026,0
2025-02-26,Comilla,1042,0
2025-02-27,Comilla,1035,0
2025-02-28,Comilla,997,0
2025-03-01,Comilla,1181,0
2025-03-02,Comilla,1213,0
2025-03-03,Comilla,1176,0
2025-03-04,Comilla,1126,0
2025-03-05,Comilla,1082,0
2025-03-06,Comilla,1082,0
2025-03-07,Comilla,944,0
2025-03-08,Comilla,1040,0
2025-03-09,Comilla,1118,0
2025-03-10,Comilla,1154,0
2025-03-11,Comilla,1200,0
2025-03-12,Comilla,1288,0
2025-03-13,Comilla,1347,0
2025-03-14,Comilla,1348,0
2025-03-15,Comilla,1430,10
2025-03-16,Comilla,1458,0
2025-03-17,Comilla,1360,0
2025-03-18,Comilla,1415,0
2025-03-19,Comilla,1371,37
2025-03-20,Comilla,1348,0
2025-03-21,Comilla,1229,0
2025-03-22,Comilla,1168,0
2025-03-23,Comilla,1202,0
2025-03-24,Comilla,1200,0
2025-03-25,Comilla,1264,0
2025-03-26,Comilla,1346,0
2025-03-27,Comilla,1461,0
2025-03-28,Comilla,1431,0
2025-03-30,Comilla,1420,0
2025-03-31,Comilla,1410,0
2025-04-01,Comilla,1391,0
2025-04-02,Comilla,1404,0
2025-04-03,Comilla,1442,0
2025-04-04,Comilla,1396,0
2025-04-05,Comilla,1323,0
2025-04-06,Comilla,1496,0
2025-04-07,Comilla,1468,10
2025-04-08,Comilla,1466,10
2025-04-09,Comilla,1478,10
2025-04-10,Comilla,1402,0
2025-04-11,Comilla,1406,0
2025-04-12,Comilla,1450,20
2025-04-13,Comilla,1489,27
2025-04-14,Comilla,1481,15
2025-04-15,Comilla,1478,0
2025-04-16,Comilla,1072,0
2025-04-17,Comilla,1004,0
2025-04-18,Comilla,982,0
2025-04-19,Comilla,1240,0
2025-04-20,Comilla,1364,0
2025-04-21,Comilla,1296,0
2025-04-22,Comilla,1410,10
2025-04-23,Comilla,1446,0
2025-04-24,Comilla,1396,0
2025-04-25,Comilla,1437,5
2025-04-26,Comilla,1425,250
2025-04-27,Comilla,1400,0
2025-04-28,Comilla,969,0
2025-04-29,Comilla,1325,0
2025-04-30,Comilla,1299,0
2025-05-01,Comilla,1137,0
2025-05-02,Comilla,1272,0
2025-05-03,Comilla,1336,0
2025-05-04,Comilla,1334,0
2025-05-05,Comilla,1452,0
2025-05-06,Comilla,1220,0
2025-05-07,Comilla,1473,10
2025-05-08,Comilla,1478,10
2025-05-09,Comilla,1494,10
2025-05-10,Comilla,1402,0
2025-05-11,Comilla,1385,0
2025-05-12,Comilla,1397,0
2025-05-13,Comilla,1503,0
2025-05-14,Comilla,1292,0
2025-05-15,Comilla,1488,10
2025-05-16,Comilla,1384,0
2025-05-17,Comilla,1294,0
2025-05-18,Comilla,1359,0
2025-05-19,Comilla,1370,0
2025-05-20,Comilla,933,0
2025-05-21,Comilla,1344,30
2025-05-22,Comilla,1348,0
2025-05-23,Comilla,1406,0
2025-05-24,Comilla,1319,30
2025-05-25,Comilla,1472,10
2025-05-26,Comilla,1215,25
2025-05-27,Comilla,1345,15
2025-05-28,Comilla,1486,20
2025-05-29,Comilla,446,0
2025-05-30,Comilla,1193,0
2025-05-31,Comilla,1360,0
2025-06-01,Comilla,1293,0
2025-06-02,Comilla,1345,0
2025-06-03,Comilla,1309,0
2025-06-04,Comilla,1308,0
2025-06-05,Comilla,1433,0
2025-06-07,Comilla,1490,0
2025-06-08,Comilla,1457,0
2025-06-09,Comilla,1505,25
2025-06-10,Comilla,896,15
2025-06-11,Comilla,1376,0
2025-06-12,Comilla,1552,15
2025-06-13,Comilla,1554,15
2025-06-14,Comilla,1563,0
2025-06-15,Comilla,1502,0
2025-06-16,Comilla,1433,0
2025-06-17,Comilla,1380,0
2025-06-18,Comilla,1284,0
2025-06-19,Comilla,1315,0
2025-06-20,Comilla,1327,0
2025-06-21,Comilla,1424,0
2025-06-22,Comilla,1422,0
2025-06-23,Comilla,1399,0
2025-06-24,Comilla,1398,0
2025-06-25,Comilla,1427,0
2025-06-27,Comilla,1324,0
2025-06-28,Comilla,1305,15
2025-06-29,Comilla,1297,0
2025-06-30,Comilla,1376,0
2025-07-01,Comilla,1441,15
2025-07-03,Comilla,1418,0
2025-07-04,Comilla,1404,0
2025-07-06,Comilla,1367,0
2025-07-07,Comilla,1242,0
2025-07-08,Comilla,1108,0
2025-07-09,Comilla,1111,0
2025-07-10,Comilla,1242,0
2025-07-11,Comilla,1355,0
2025-07-12,Comilla,1338,0
2025-07-13,Comilla,1466,0
2025-07-14,Comilla,1266,0
2025-07-15,Comilla,1394,0
2025-07-16,Comilla,1416,0
2025-07-17,Comilla,1357,0
2025-07-18,Comilla,1390,5
2025-07-19,Comilla,1451,20
2025-07-21,Comilla,1520,40
2025-07-23,Comilla,1544,60
2025-07-24,Comilla,1200,0
2025-07-25,Comilla,1242,0
2025-07-26,Comilla,1394,0
2025-07-27,Comilla,1408,0
2025-07-28,Comilla,1366,0
2025-07-29,Comilla,1319,0
2025-07-30,Comilla,1352,0
2025-07-31,Comilla,1344,0
2025-08-01,Comilla,1291,0
2025-08-02,Comilla,1446,0
2025-08-04,Comilla,1381,0
2025-08-05,Comilla,1278,0
2025-08-06,Comilla,1342,0
2025-08-07,Comilla,1348,0
2025-08-08,Comilla,1205,0
2025-08-09,Comilla,1406,0
2025-08-10,Comilla,1454,0
2025-08-11,Comilla,1508,0
2025-08-12,Comilla,1505,5
2025-08-13,Comilla,1448,0
2025-08-14,Comilla,1360,0
2025-08-15,Comilla,1384,0
2025-08-16,Comilla,1395,10
2025-08-17,Comilla,1448,0
2025-08-18,Comilla,1456,0
2025-08-19,Comilla,1436,0
2025-08-20,Comilla,1399,0
2025-08-21,Comilla,1312,0
2025-08-22,Comilla,1257,0
2025-08-23,Comilla,1304,0
2025-08-24,Comilla,1350,0
2025-08-25,Comilla,1461,0
2025-08-26,Comilla,1473,0
2025-08-27,Comilla,1433,0
2025-08-28,Comilla,1376,0
2025-08-29,Comilla,1411,0
2025-08-30,Comilla,1386,0
2025-08-31,Comilla,1477,11
2025-09-01,Comilla,1440,10
2025-09-02,Comilla,1451,20
2025-09-03,Comilla,1457,10
2025-09-04,Comilla,1382,0
2025-09-05,Comilla,1499,0
2025-09-06,Comilla,1547,0
2025-09-07,Comilla,1494,0
2025-09-08,Comilla,1502,85
2025-09-09,Comilla,1507,203
2025-09-10,Comilla,1394,95
2025-09-11,Comilla,1394,95
2025-09-12,Comilla,1434,0
2025-09-13,Comilla,1387,10
2025-09-14,Comilla,1346,0
2025-09-15,Comilla,1281,0
2025-09-16,Comilla,1291,0
2025-09-17,Comilla,1380,0
2025-09-18,Comilla,1485,0
2025-09-19,Comilla,1445,0
2025-09-20,Comilla,1493,0
2025-09-21,Comilla,1421,0
2025-09-22,Comilla,1329,0
2025-09-23,Comilla,1516,0
2025-09-24,Comilla,1520,20
2025-09-26,Comilla,1512,0
2025-09-28,Comilla,1486,115
2025-09-30,Comilla,1580,0
2025-10-01,Comilla,1320,0
2025-10-02,Comilla,1135,0
2025-10-03,Comilla,1336,0
2025-10-05,Comilla,1341,0
2025-10-06,Comilla,1373,0
2025-10-07,Comilla,1393,0
2025-10-08,Comilla,1371,0
2025-10-09,Comilla,1387,0
2025-10-10,Comilla,1299,0
2025-10-11,Comilla,1269,0
2025-10-12,Comilla,1322,55
2025-10-13,Comilla,1329,35
2025-10-14,Comilla,1396,40
2025-10-15,Comilla,1423,52
2025-10-16,Comilla,1393,60
2025-10-17,Comilla,1353,0
2025-10-18,Comilla,1504,0
2025-10-19,Comilla,1378,50
2025-10-20,Comilla,1405,39
2025-10-21,Comilla,1530,0
2025-10-22,Comilla,1575,0
2025-10-23,Comilla,1513,0
2025-10-24,Comilla,1426,0
2025-10-25,Comilla,1454,0
2025-10-26,Comilla,1476,0
2025-10-27,Comilla,1477,0
2025-10-28,Comilla,1436,0
2025-10-29,Comilla,1419,15
2025-10-30,Comilla,1435,0
2025-10-31,Comilla,1368,0
2025-11-01,Comilla,1380,0
2025-11-02,Comilla,1369,0
2025-11-03,Comilla,1274,0
2025-11-04,Comilla,1328,0
2025-11-05,Comilla,1219,0
2025-11-06,Comilla,1270,80
2025-11-07,Comilla,1243,0
2025-11-08,Comilla,1225,0
2025-11-09,Comilla,1103,9
2025-11-10,Comilla,1133,0
2025-11-11,Comilla,1134,0
2025-11-12,Comilla,998,0
2025-11-13,Comilla,1057,0
2025-11-14,Comilla,926,0
2025-11-15,Comilla,947,0
2025-11-16,Comilla,969,0
2025-11-17,Comilla,1009,0
2025-11-18,Comilla,1029,0
2025-11-19,Comilla,989,0
2025-11-20,Comilla,1021,0
2025-11-21,Comilla,899,0
2025-11-22,Comilla,959,0
2025-11-23,Comilla,940,0
2025-11-24,Comilla,965,0
2025-11-25,Comilla,951,0
2025-11-26,Comilla,934,0
2025-11-27,Comilla,951,0
2025-11-28,Comilla,876,0
2025-11-29,Comilla,957,0
2025-11-30,Comilla,907,0
2025-12-01,Comilla,936,0
2025-12-02,Comilla,891,0
2025-12-03,Comilla,909,0
2025-12-04,Comilla,883,0
2025-12-05,Comilla,887,0
2025-12-06,Comilla,939,0
2025-12-07,Comilla,932,0
2025-12-08,Comilla,912,0
2025-12-09,Comilla,921,0
2025-12-10,Comilla,956,0
2025-12-11,Comilla,933,0
2025-12-12,Comilla,855,0
2025-12-13,Comilla,959,0
2025-12-14,Comilla,939,0
2025-12-15,Comilla,913,0
2025-12-16,Comilla,863,0
2025-12-17,Comilla,937,0
2025-12-18,Comilla,956,0
2025-12-19,Comilla,857,0
2025-12-20,Comilla,909,0
2025-12-21,Comilla,938,0
2025-12-22,Comilla,945,0
2025-12-23,Comilla,897,0
2025-12-24,Comilla,924,0
2025-12-25,Comilla,878,0
2025-12-26,Comilla,857,0
2025-12-27,Comilla,916,0
2025-12-29,Comilla,915,0
2025-12-30,Comilla,930,0
2025-12-31,Comilla,896,0
2023-01-01,Dhaka,3119,0
2023-01-02,Dhaka,3354,0
2023-01-03,Dhaka,3397,0
2023-01-04,Dhaka,3491,0
2023-01-05,Dhaka,3430,0
2023-01-06,Dhaka,2880,0
2023-01-07,Dhaka,3349,0
2023-01-08,Dhaka,3325,134
2023-01-09,Dhaka,3352,401
2023-01-10,Dhaka,3342,0
2023-01-11,Dhaka,3338,0
2023-01-12,Dhaka,3262,120
2023-01-13,Dhaka,2849,0
2023-01-14,Dhaka,3296,53
2023-01-15,Dhaka,3073,0
2023-01-16,Dhaka,3322,314
2023-01-17,Dhaka,3343,102
2023-01-18,Dhaka,3376,81
2023-01-19,Dhaka,3440,41
2023-01-20,Dhaka,2892,0
2023-01-21,Dhaka,3232,0
2023-01-22,Dhaka,3295,0
2023-01-23,Dhaka,3444,0
2023-01-24,Dhaka,3446,0
2023-01-25,Dhaka,3552,0
2023-01-26,Dhaka,3665,22
2023-01-27,Dhaka,3097,0
2023-01-28,Dhaka,3508,0
2023-01-29,Dhaka,3633,0
2023-01-30,Dhaka,3645,0
2023-01-31,Dhaka,3648,30
2023-02-01,Dhaka,3619,56
2023-02-02,Dhaka,3608,0
2023-02-03,Dhaka,2988,0
2023-02-04,Dhaka,3524,0
2023-02-05,Dhaka,3636,0
2023-02-06,Dhaka,3491,0
2023-02-07,Dhaka,3493,0
2023-02-08,Dhaka,3627,10
2023-02-09,Dhaka,3662,30
2023-02-10,Dhaka,3073,0
2023-02-11,Dhaka,3532,0
2023-02-12,Dhaka,3639,60
2023-02-13,Dhaka,3586,0
2023-02-14,Dhaka,3599,0
2023-02-15,Dhaka,3756,0
2023-02-16,Dhaka,3614,0
2023-02-17,Dhaka,3131,0
2023-02-18,Dhaka,3655,0
2023-02-19,Dhaka,3871,0
2023-02-20,Dhaka,3788,0
2023-02-21,Dhaka,3208,0
2023-02-22,Dhaka,4101,0
2023-02-23,Dhaka,4011,0
2023-02-24,Dhaka,3672,0
2023-02-25,Dhaka,4023,0
2023-02-26,Dhaka,3977,0
2023-02-27,Dhaka,4213,0
2023-02-28,Dhaka,4168,0
2023-03-01,Dhaka,4249,0
2023-03-02,Dhaka,4293,0
2023-03-03,Dhaka,3674,0
2023-03-04,Dhaka,4269,0
2023-03-05,Dhaka,4381,29
2023-03-06,Dhaka,4552,0
2023-03-07,Dhaka,3868,0
2023-03-08,Dhaka,3524,0
2023-03-09,Dhaka,4375,0
2023-03-10,Dhaka,3788,0
2023-03-11,Dhaka,4353,0
2023-03-12,Dhaka,4618,0
2023-03-13,Dhaka,4580,10
2023-03-14,Dhaka,4633,0
2023-03-15,Dhaka,4647,0
2023-03-16,Dhaka,4710,0
2023-03-17,Dhaka,3564,0
2023-03-18,Dhaka,4371,11
2023-03-19,Dhaka,3433,0
2023-03-20,Dhaka,4053,0
2023-03-21,Dhaka,4020,0
2023-03-22,Dhaka,4282,0
2023-03-23,Dhaka,4291,0
2023-03-24,Dhaka,3687,0
2023-03-25,Dhaka,3873,0
2023-03-26,Dhaka,3675,0
2023-03-27,Dhaka,4156,0
2023-03-28,Dhaka,4338,0
2023-03-29,Dhaka,3952,0
2023-03-30,Dhaka,4171,0
2023-03-31,Dhaka,3685,0
2023-04-01,Dhaka,3898,0
2023-04-02,Dhaka,4076,0
2023-04-03,Dhaka,4312,0
2023-04-04,Dhaka,4614,0
2023-04-05,Dhaka,4741,0
2023-04-06,Dhaka,4614,0
2023-04-07,Dhaka,4259,0
2023-04-08,Dhaka,4746,0
2023-04-09,Dhaka,4879,0
2023-04-10,Dhaka,4905,0
2023-04-11,Dhaka,4994,0
2023-04-12,Dhaka,5144,42
2023-04-13,Dhaka,5281,0
2023-04-14,Dhaka,4809,0
2023-04-15,Dhaka,5220,60
2023-04-16,Dhaka,5382,10
2023-04-17,Dhaka,5312,75
2023-04-18,Dhaka,5266,0
2023-04-19,Dhaka,5107,0
2023-04-20,Dhaka,4310,0
2023-04-21,Dhaka,2215,0
2023-04-22,Dhaka,3011,0
2023-04-23,Dhaka,2433,0
2023-04-24,Dhaka,2662,0
2023-04-25,Dhaka,3041,0
2023-04-26,Dhaka,3460,0
2023-04-27,Dhaka,2434,0
2023-04-28,Dhaka,3594,0
2023-04-29,Dhaka,3058,0
2023-04-30,Dhaka,4281,0
2023-05-01,Dhaka,3605,0
2023-05-02,Dhaka,4414,25
2023-05-03,Dhaka,4265,0
2023-05-04,Dhaka,4579,0
2023-05-05,Dhaka,4301,0
2023-05-06,Dhaka,4834,15
2023-05-07,Dhaka,5055,0
2023-05-08,Dhaka,5303,134
2023-05-09,Dhaka,5232,172
2023-05-10,Dhaka,5064,23
2023-05-11,Dhaka,5136,60
2023-05-12,Dhaka,4720,0
2023-05-13,Dhaka,5141,850
2023-05-14,Dhaka,4594,710
2023-05-15,Dhaka,5142,631
2023-05-16,Dhaka,4962,253
2023-05-17,Dhaka,4429,0
2023-05-18,Dhaka,4519,0
2023-05-19,Dhaka,4354,0
2023-05-20,Dhaka,4951,90
2023-05-21,Dhaka,5192,0
2023-05-22,Dhaka,4837,0
2023-05-23,Dhaka,3514,0
2023-05-24,Dhaka,4718,0
2023-05-25,Dhaka,4667,0
2023-05-26,Dhaka,4374,0
2023-05-27,Dhaka,4404,0
2023-05-28,Dhaka,4755,18
2023-05-29,Dhaka,4993,60
2023-05-30,Dhaka,5158,53
2023-05-31,Dhaka,5320,270
2023-06-01,Dhaka,5473,270
2023-06-02,Dhaka,5050,0
2023-06-03,Dhaka,5321,340
2023-06-04,Dhaka,5332,456
2023-06-05,Dhaka,5389,290
2023-06-06,Dhaka,5581,500
2023-06-07,Dhaka,5725,0
2023-06-08,Dhaka,5045,43
2023-06-09,Dhaka,4103,0
2023-06-10,Dhaka,4790,25
2023-06-11,Dhaka,5081,90
2023-06-12,Dhaka,4752,100
2023-06-13,Dhaka,5235,180
2023-06-14,Dhaka,5422,53
2023-06-15,Dhaka,5340,20
2023-06-16,Dhaka,3794,0
2023-06-17,Dhaka,3903,0
2023-06-18,Dhaka,4832,30
2023-06-19,Dhaka,5046,20
2023-06-20,Dhaka,4737,0
2023-06-21,Dhaka,5079,35
2023-06-22,Dhaka,5111,50
2023-06-23,Dhaka,4690,18
2023-06-24,Dhaka,5065,61
2023-06-25,Dhaka,4984,86
2023-06-26,Dhaka,4409,0
2023-06-27,Dhaka,3429,0
2023-06-28,Dhaka,2747,0
2023-06-29,Dhaka,2762,0
2023-06-30,Dhaka,2604,0
2023-07-01,Dhaka,2615,0
2023-07-02,Dhaka,3025,0
2023-07-03,Dhaka,3369,0
2023-07-04,Dhaka,3843,0
2023-07-05,Dhaka,3994,0
2023-07-06,Dhaka,3920,0
2023-07-07,Dhaka,3940,0
2023-07-08,Dhaka,4441,0
2023-07-09,Dhaka,4776,0
2023-07-10,Dhaka,4943,35
2023-07-11,Dhaka,4899,12
2023-07-12,Dhaka,4905,0
2023-07-13,Dhaka,5010,0
2023-07-14,Dhaka,4526,0
2023-07-15,Dhaka,4918,0
2023-07-16,Dhaka,4853,22
2023-07-17,Dhaka,5055,37
2023-07-18,Dhaka,5200,100
2023-07-19,Dhaka,5296,138
2023-07-20,Dhaka,5244,82
2023-07-21,Dhaka,4593,0
2023-07-22,Dhaka,5093,0
2023-07-23,Dhaka,5303,52
2023-07-24,Dhaka,5184,45
2023-07-25,Dhaka,5241,0
2023-07-26,Dhaka,5148,0
2023-07-27,Dhaka,5091,0
2023-07-28,Dhaka,4513,0
2023-07-29,Dhaka,4920,25
2023-07-30,Dhaka,5217,40
2023-07-31,Dhaka,4936,40
2023-08-01,Dhaka,5003,10
2023-08-02,Dhaka,4915,0
2023-08-03,Dhaka,4899,10
2023-08-04,Dhaka,4210,0
2023-08-05,Dhaka,4788,15
2023-08-06,Dhaka,4665,25
2023-08-07,Dhaka,4420,0
2023-08-08,Dhaka,4653,0
2023-08-09,Dhaka,4725,60
2023-08-10,Dhaka,4765,0
2023-08-11,Dhaka,4232,0
2023-08-12,Dhaka,4887,25
2023-08-13,Dhaka,4673,0
2023-08-14,Dhaka,4656,20
2023-08-15,Dhaka,4322,0
2023-08-16,Dhaka,4902,0
2023-08-17,Dhaka,5018,45
2023-08-18,Dhaka,4439,0
2023-08-19,Dhaka,4861,10
2023-08-20,Dhaka,5085,10
2023-08-21,Dhaka,5176,35
2023-08-22,Dhaka,4827,0
2023-08-23,Dhaka,4881,20
2023-08-24,Dhaka,4750,0
2023-08-25,Dhaka,4017,0
2023-08-26,Dhaka,4593,30
2023-08-27,Dhaka,4933,0
2023-08-28,Dhaka,4954,15
2023-08-29,Dhaka,4940,10
2023-08-30,Dhaka,5141,25
2023-08-31,Dhaka,5079,40
2023-09-01,Dhaka,4439,0
2023-09-02,Dhaka,4997,10
2023-09-03,Dhaka,4976,80
2023-09-04,Dhaka,5169,60
2023-09-05,Dhaka,5117,42
2023-09-06,Dhaka,4731,50
2023-09-07,Dhaka,4903,0
2023-09-08,Dhaka,4265,0
2023-09-09,Dhaka,4905,5
2023-09-10,Dhaka,5021,80
2023-09-11,Dhaka,5044,27
2023-09-12,Dhaka,4891,0
2023-09-13,Dhaka,4929,0
2023-09-14,Dhaka,4909,15
2023-09-15,Dhaka,4426,0
2023-09-16,Dhaka,5091,0
2023-09-17,Dhaka,5472,25
2023-09-18,Dhaka,5146,0
2023-09-19,Dhaka,4721,0
2023-09-20,Dhaka,4764,0
2023-09-21,Dhaka,4705,0
2023-09-22,Dhaka,4097,0
2023-09-23,Dhaka,4656,0
2023-09-24,Dhaka,4692,0
2023-09-25,Dhaka,4927,0
2023-09-26,Dhaka,5017,22
2023-09-27,Dhaka,5078,0
2023-09-28,Dhaka,4863,0
2023-09-29,Dhaka,4257,0
2023-09-30,Dhaka,4849,19
2023-10-01,Dhaka,5125,0
2023-10-02,Dhaka,5090,0
2023-10-03,Dhaka,4804,0
2023-10-04,Dhaka,4660,0
2023-10-05,Dhaka,4091,0
2023-10-06,Dhaka,3788,0
2023-10-07,Dhaka,4826,0
2023-10-08,Dhaka,4879,0
2023-10-09,Dhaka,5020,0
2023-10-10,Dhaka,4964,0
2023-10-11,Dhaka,5005,0
2023-10-12,Dhaka,5012,55
2023-10-13,Dhaka,4210,0
2023-10-14,Dhaka,4774,0
2023-10-15,Dhaka,5008,15
2023-10-16,Dhaka,5026,0
2023-10-17,Dhaka,4993,0
2023-10-18,Dhaka,4841,0
2023-10-19,Dhaka,4942,0
2023-10-20,Dhaka,4047,0
2023-10-21,Dhaka,4741,0
2023-10-22,Dhaka,4716,0
2023-10-23,Dhaka,4420,0
2023-10-24,Dhaka,4346,0
2023-10-25,Dhaka,4711,18
2023-10-26,Dhaka,4731,0
2023-10-27,Dhaka,3836,0
2023-10-28,Dhaka,4355,0
2023-10-29,Dhaka,4438,0
2023-10-30,Dhaka,4568,0
2023-10-31,Dhaka,4483,0
2023-11-01,Dhaka,4657,0
2023-11-02,Dhaka,4640,0
2023-11-03,Dhaka,3805,0
2023-11-04,Dhaka,4574,0
2023-11-05,Dhaka,4659,0
2023-11-06,Dhaka,4472,0
2023-11-07,Dhaka,4308,0
2023-11-08,Dhaka,4420,0
2023-11-09,Dhaka,4417,0
2023-11-10,Dhaka,3418,0
2023-11-11,Dhaka,4349,0
2023-11-12,Dhaka,4490,0
2023-11-13,Dhaka,4477,0
2023-11-14,Dhaka,4524,0
2023-11-15,Dhaka,4547,0
2023-11-16,Dhaka,4402,0
2023-11-17,Dhaka,2780,0
2023-11-18,Dhaka,4108,0
2023-11-19,Dhaka,4270,0
2023-11-20,Dhaka,4350,0
2023-11-21,Dhaka,4371,0
2023-11-22,Dhaka,4211,0
2023-11-23,Dhaka,4066,0
2023-11-24,Dhaka,3147,0
2023-11-25,Dhaka,3890,0
2023-11-26,Dhaka,4125,0
2023-11-27,Dhaka,4337,0
2023-11-28,Dhaka,4343,0
2023-11-29,Dhaka,4237,0
2023-11-30,Dhaka,4214,0
2023-12-01,Dhaka,3202,0
2023-12-02,Dhaka,3797,0
2023-12-03,Dhaka,4217,0
2023-12-04,Dhaka,4082,0
2023-12-05,Dhaka,4122,0
2023-12-06,Dhaka,4172,0
2023-12-07,Dhaka,3721,0
2023-12-08,Dhaka,2868,0
2023-12-09,Dhaka,3578,0
2023-12-10,Dhaka,3715,0
2023-12-11,Dhaka,3704,0
2023-12-12,Dhaka,3692,0
2023-12-13,Dhaka,3770,0
2023-12-14,Dhaka,3650,0
2023-12-15,Dhaka,2805,0
2023-12-16,Dhaka,2541,0
2023-12-17,Dhaka,3429,0
2023-12-18,Dhaka,3686,0
2023-12-19,Dhaka,3735,0
2023-12-20,Dhaka,3774,0
2023-12-21,Dhaka,3874,0
2023-12-22,Dhaka,2915,0
2023-12-23,Dhaka,3630,0
2023-12-24,Dhaka,3813,0
2023-12-25,Dhaka,3649,0
2023-12-26,Dhaka,3769,0
2023-12-27,Dhaka,3929,0
2023-12-28,Dhaka,3912,0
2023-12-29,Dhaka,4237,0
2023-12-30,Dhaka,3781,0
2023-12-31,Dhaka,3882,0
2024-01-01,Dhaka,3505,0
2024-01-02,Dhaka,3705,0
2024-01-03,Dhaka,3739,0
2024-01-04,Dhaka,3740,0
2024-01-05,Dhaka,3015,0
2024-01-06,Dhaka,3039,0
2024-01-07,Dhaka,2232,0
2024-01-08,Dhaka,3248,0
2024-01-09,Dhaka,3442,0
2024-01-10,Dhaka,3625,0
2024-01-11,Dhaka,3710,0
2024-01-12,Dhaka,2990,0
2024-01-13,Dhaka,3621,0
2024-01-14,Dhaka,3687,0
2024-01-15,Dhaka,3717,0
2024-01-16,Dhaka,3765,0
2024-01-17,Dhaka,3764,0
2024-01-18,Dhaka,3872,0
2024-01-19,Dhaka,3116,0
2024-01-20,Dhaka,3541,0
2024-01-21,Dhaka,3587,0
2024-01-22,Dhaka,3702,0
2024-01-23,Dhaka,3772,0
2024-01-24,Dhaka,3712,0
2024-01-25,Dhaka,3781,0
2024-01-26,Dhaka,2959,0
2024-01-27,Dhaka,3533,0
2024-01-28,Dhaka,3676,0
2024-01-29,Dhaka,3770,0
2024-01-30,Dhaka,3768,0
2024-01-31,Dhaka,3829,0
2024-02-01,Dhaka,3613,0
2024-02-02,Dhaka,3024,0
2024-02-03,Dhaka,3596,0
2024-02-04,Dhaka,3499,0
2024-02-05,Dhaka,3622,0
2024-02-06,Dhaka,3853,0
2024-02-07,Dhaka,3851,0
2024-02-08,Dhaka,3867,0
2024-02-09,Dhaka,2948,0
2024-02-10,Dhaka,3705,0
2024-02-11,Dhaka,3780,0
2024-02-12,Dhaka,3840,0
2024-02-13,Dhaka,3908,0
2024-02-14,Dhaka,3985,0
2024-02-15,Dhaka,4128,0
2024-02-16,Dhaka,3295,0
2024-02-17,Dhaka,3947,0
2024-02-18,Dhaka,4116,28
2024-02-19,Dhaka,4209,10
2024-02-20,Dhaka,4245,24
2024-02-21,Dhaka,3341,0
2024-02-22,Dhaka,3825,0
2024-02-23,Dhaka,3324,0
2024-02-24,Dhaka,4026,0
2024-02-25,Dhaka,3577,0
2024-02-26,Dhaka,3097,0
2024-02-27,Dhaka,4034,0
2024-02-28,Dhaka,4115,0
2024-02-29,Dhaka,4284,0
2024-03-01,Dhaka,3426,0
2024-03-02,Dhaka,4160,15
2024-03-03,Dhaka,4366,0
2024-03-04,Dhaka,4288,0
2024-03-05,Dhaka,4375,15
2024-03-06,Dhaka,4256,0
2024-03-07,Dhaka,4274,0
2024-03-08,Dhaka,3490,0
2024-03-09,Dhaka,4175,20
2024-03-10,Dhaka,4312,0
2024-03-11,Dhaka,4376,0
2024-03-12,Dhaka,4323,0
2024-03-13,Dhaka,4566,0
2024-03-14,Dhaka,4511,0
2024-03-15,Dhaka,4152,0
2024-03-16,Dhaka,4413,0
2024-03-17,Dhaka,4472,0
2024-03-18,Dhaka,4620,10
2024-03-19,Dhaka,4071,0
2024-03-20,Dhaka,4085,0
2024-03-21,Dhaka,3931,0
2024-03-22,Dhaka,3612,0
2024-03-23,Dhaka,4215,0
2024-03-24,Dhaka,4101,0
2024-03-25,Dhaka,4596,0
2024-03-26,Dhaka,4089,0
2024-03-27,Dhaka,4324,0
2024-03-28,Dhaka,4517,0
2024-03-29,Dhaka,4384,0
2024-03-30,Dhaka,4999,65
2024-03-31,Dhaka,4830,10
2024-04-01,Dhaka,5084,130
2024-04-02,Dhaka,5296,200
2024-04-03,Dhaka,5457,225
2024-04-04,Dhaka,5415,210
2024-04-05,Dhaka,4986,50
2024-04-06,Dhaka,5297,50
2024-04-07,Dhaka,4702,0
2024-04-08,Dhaka,3741,0
2024-04-09,Dhaka,3338,0
2024-04-10,Dhaka,3049,0
2024-04-11,Dhaka,2799,0
2024-04-12,Dhaka,2895,0
2024-04-13,Dhaka,3161,0
2024-04-14,Dhaka,3242,0
2024-04-15,Dhaka,3861,0
2024-04-16,Dhaka,3696,0
2024-04-17,Dhaka,3755,0
2024-04-18,Dhaka,4780,0
2024-04-19,Dhaka,4532,0
2024-04-20,Dhaka,5155,40
2024-04-21,Dhaka,5284,20
2024-04-22,Dhaka,5500,90
2024-04-23,Dhaka,5527,124
2024-04-24,Dhaka,5532,120
2024-04-25,Dhaka,5823,160
2024-04-26,Dhaka,5176,0
2024-04-27,Dhaka,5644,100
2024-04-28,Dhaka,5830,190
2024-04-29,Dhaka,5774,360
2024-04-30,Dhaka,5814,140
2024-05-01,Dhaka,4938,70
2024-05-02,Dhaka,5482,161
2024-05-03,Dhaka,4964,0
2024-05-04,Dhaka,5505,28
2024-05-05,Dhaka,5525,35
2024-05-06,Dhaka,4235,0
2024-05-07,Dhaka,4721,0
2024-05-08,Dhaka,4567,0
2024-05-09,Dhaka,4579,0
2024-05-10,Dhaka,4289,0
2024-05-11,Dhaka,4717,0
2024-05-12,Dhaka,4892,0
2024-05-13,Dhaka,5191,0
2024-05-14,Dhaka,5371,50
2024-05-15,Dhaka,5530,100
2024-05-16,Dhaka,5615,205
2024-05-17,Dhaka,5190,0
2024-05-18,Dhaka,5154,0
2024-05-19,Dhaka,5151,90
2024-05-20,Dhaka,5110,100
2024-05-23,Dhaka,5552,100
2024-05-24,Dhaka,5245,0
2024-05-25,Dhaka,5944,75
2024-05-27,Dhaka,5182,25
2024-05-28,Dhaka,2278,0
2024-05-29,Dhaka,4616,0
2024-05-30,Dhaka,5175,0
2024-05-31,Dhaka,4901,95
2024-06-01,Dhaka,5559,140
2024-06-02,Dhaka,5557,340
2024-06-03,Dhaka,5395,38
2024-06-04,Dhaka,5257,40
2024-06-05,Dhaka,5856,280
2024-06-06,Dhaka,5655,83
2024-06-07,Dhaka,4663,0
2024-06-08,Dhaka,5578,155
2024-06-10,Dhaka,5195,50
2024-06-11,Dhaka,5721,185
2024-06-12,Dhaka,5607,210
2024-06-13,Dhaka,4683,10
2024-06-14,Dhaka,4703,0
2024-06-15,Dhaka,4032,0
2024-06-16,Dhaka,3590,0
2024-06-17,Dhaka,3594,0
2024-06-18,Dhaka,3318,0
2024-06-19,Dhaka,2862,0
2024-06-20,Dhaka,2997,0
2024-06-21,Dhaka,3570,0
2024-06-22,Dhaka,3939,0
2024-06-23,Dhaka,4581,0
2024-06-24,Dhaka,4968,180
2024-06-25,Dhaka,5257,255
2024-06-26,Dhaka,5247,350
2024-06-27,Dhaka,5063,130
2024-06-28,Dhaka,4951,18
2024-06-29,Dhaka,4951,18
2024-06-30,Dhaka,4858,0
2024-07-01,Dhaka,4908,0
2024-07-02,Dhaka,4780,0
2024-07-03,Dhaka,5023,48
2024-07-04,Dhaka,4887,10
2024-07-05,Dhaka,4355,0
2024-07-06,Dhaka,5083,70
2024-07-07,Dhaka,5189,100
2024-07-08,Dhaka,5252,110
2024-07-09,Dhaka,5193,190
2024-07-10,Dhaka,5306,561
2024-07-11,Dhaka,5173,200
2024-07-12,Dhaka,4379,0
2024-07-13,Dhaka,5127,138
2024-07-14,Dhaka,5323,185
2024-07-15,Dhaka,5406,259
2024-07-16,Dhaka,5472,350
2024-07-17,Dhaka,5300,260
2024-07-23,Dhaka,4007,0
2024-07-24,Dhaka,4995,8
2024-07-25,Dhaka,5153,133
2024-07-26,Dhaka,4648,0
2024-07-27,Dhaka,5132,90
2024-07-28,Dhaka,5304,140
2024-07-29,Dhaka,5217,200
2024-07-30,Dhaka,5190,132
2024-07-31,Dhaka,5157,160
2024-08-01,Dhaka,4659,0
2024-08-02,Dhaka,3973,0
2024-08-03,Dhaka,4682,0
2024-08-04,Dhaka,4157,80
2024-08-05,Dhaka,4157,80
2024-08-06,Dhaka,4002,0
2024-08-07,Dhaka,4418,48
2024-08-08,Dhaka,4660,130
2024-08-09,Dhaka,4253,30
2024-08-10,Dhaka,4924,71
2024-08-11,Dhaka,4950,118
2024-08-12,Dhaka,4944,40
2024-08-13,Dhaka,5276,320
2024-08-14,Dhaka,5212,130
2024-08-15,Dhaka,5252,380
2024-08-16,Dhaka,4442,20
2024-08-17,Dhaka,4809,95
2024-08-18,Dhaka,4889,111
2024-08-19,Dhaka,4664,0
2024-08-20,Dhaka,4966,45
2024-08-21,Dhaka,4902,60
2024-08-22,Dhaka,4733,30
2024-08-23,Dhaka,4144,0
2024-08-24,Dhaka,4969,100
2024-08-25,Dhaka,4970,160
2024-08-26,Dhaka,4689,60
2024-08-27,Dhaka,5009,111
2024-08-28,Dhaka,4910,130
2024-08-29,Dhaka,5226,154
2024-08-30,Dhaka,4611,25
2024-08-31,Dhaka,5320,155
2024-09-01,Dhaka,5295,205
2024-09-02,Dhaka,5330,201
2024-09-03,Dhaka,5081,159
2024-09-04,Dhaka,5164,300
2024-09-05,Dhaka,5235,400
2024-09-06,Dhaka,4642,75
2024-09-07,Dhaka,5409,225
2024-09-08,Dhaka,5437,321
2024-09-09,Dhaka,5504,520
2024-09-10,Dhaka,5466,291
2024-09-11,Dhaka,5407,150
2024-09-12,Dhaka,5550,135
2024-09-13,Dhaka,4490,0
2024-09-14,Dhaka,4433,0
2024-09-15,Dhaka,4455,0
2024-09-16,Dhaka,4613,20
2024-09-17,Dhaka,5337,115
2024-09-18,Dhaka,5450,90
2024-09-19,Dhaka,5690,250
2024-09-20,Dhaka,5156,90
2024-09-21,Dhaka,4920,37
2024-09-22,Dhaka,5540,150
2024-09-23,Dhaka,5619,180
2024-09-24,Dhaka,5371,95
2024-09-25,Dhaka,4900,0
2024-09-26,Dhaka,4641,0
2024-09-27,Dhaka,4216,30
2024-09-28,Dhaka,5206,79
2024-09-29,Dhaka,5276,70
2024-09-30,Dhaka,4527,120
2024-10-01,Dhaka,5308,60
2024-10-02,Dhaka,5043,50
2024-10-03,Dhaka,4827,0
2024-10-05,Dhaka,4781,0
2024-10-06,Dhaka,5002,45
2024-10-07,Dhaka,5164,75
2024-10-08,Dhaka,4785,43
2024-10-09,Dhaka,4966,0
2024-10-10,Dhaka,4852,20
2024-10-11,Dhaka,3885,0
2024-10-12,Dhaka,4790,0
2024-10-13,Dhaka,4833,0
2024-10-14,Dhaka,4906,20
2024-10-15,Dhaka,5050,67
2024-10-16,Dhaka,5108,147
2024-10-17,Dhaka,5072,78
2024-10-18,Dhaka,3984,0
2024-10-19,Dhaka,4939,27
2024-10-20,Dhaka,5016,35
2024-10-21,Dhaka,5062,32
2024-10-22,Dhaka,5095,34
2024-10-23,Dhaka,5087,0
2024-10-24,Dhaka,4421,0
2024-10-25,Dhaka,3962,0
2024-10-26,Dhaka,4887,39
2024-10-27,Dhaka,5096,124
2024-10-28,Dhaka,5111,30
2024-10-29,Dhaka,5200,170
2024-10-30,Dhaka,5150,85
2024-10-31,Dhaka,5032,158
2024-11-01,Dhaka,4284,0
2024-11-02,Dhaka,4791,0
2024-11-03,Dhaka,4969,0
2024-11-04,Dhaka,4953,20
2024-11-05,Dhaka,5005,0
2024-11-06,Dhaka,4830,17
2024-11-07,Dhaka,4849,0
2024-11-08,Dhaka,3810,0
2024-11-09,Dhaka,4617,0
2024-11-10,Dhaka,4576,0
2024-11-11,Dhaka,4516,0
2024-11-12,Dhaka,4690,0
2024-11-13,Dhaka,4780,0
2024-11-14,Dhaka,4787,0
2024-11-15,Dhaka,5032,158
2024-11-16,Dhaka,4270,0
2024-11-17,Dhaka,4239,0
2024-11-18,Dhaka,4263,0
2024-11-19,Dhaka,4300,0
2024-11-20,Dhaka,4240,0
2024-11-21,Dhaka,4249,0
2024-11-22,Dhaka,3234,0
2024-11-23,Dhaka,3957,0
2024-11-24,Dhaka,4017,0
2024-11-25,Dhaka,4038,0
2024-11-26,Dhaka,4103,0
2024-11-27,Dhaka,4236,0
2024-11-28,Dhaka,4215,0
2024-11-29,Dhaka,3324,0
2024-11-30,Dhaka,4053,0
2024-12-01,Dhaka,4153,0
2024-12-02,Dhaka,4118,0
2024-12-03,Dhaka,4236,0
2024-12-04,Dhaka,4171,0
2024-12-05,Dhaka,4134,0
2024-12-06,Dhaka,3050,0
2024-12-07,Dhaka,3706,0
2024-12-08,Dhaka,3886,0
2024-12-09,Dhaka,3909,0
2024-12-10,Dhaka,3954,0
2024-12-11,Dhaka,3903,0
2024-12-13,Dhaka,3014,0
2024-12-14,Dhaka,3813,0
2024-12-15,Dhaka,3808,0
2024-12-16,Dhaka,2704,0
2024-12-17,Dhaka,3648,0
2024-12-18,Dhaka,3758,0
2024-12-19,Dhaka,3930,0
2024-12-20,Dhaka,3079,0
2024-12-21,Dhaka,3739,0
2024-12-22,Dhaka,3972,0
2024-12-23,Dhaka,4004,0
2024-12-24,Dhaka,3891,0
2024-12-25,Dhaka,3886,0
2024-12-26,Dhaka,3958,0
2024-12-27,Dhaka,3013,0
2024-12-28,Dhaka,3798,0
2024-12-29,Dhaka,3891,0
2024-12-30,Dhaka,4031,0
2024-12-31,Dhaka,3985,0
2025-01-01,Dhaka,3687,0
2025-01-02,Dhaka,3873,0
2025-01-03,Dhaka,3062,0
2025-01-04,Dhaka,3798,0
2025-01-05,Dhaka,4031,0
2025-01-06,Dhaka,3996,0
2025-01-07,Dhaka,3944,0
2025-01-08,Dhaka,3918,0
2025-01-09,Dhaka,3938,0
2025-01-10,Dhaka,3016,0
2025-01-11,Dhaka,3722,0
2025-01-12,Dhaka,3927,0
2025-01-13,Dhaka,3747,0
2025-01-14,Dhaka,4004,0
2025-01-15,Dhaka,3932,0
2025-01-16,Dhaka,3977,0
2025-01-17,Dhaka,3103,0
2025-01-18,Dhaka,3936,0
2025-01-19,Dhaka,3909,0
2025-01-20,Dhaka,3997,0
2025-01-21,Dhaka,3968,30
2025-01-22,Dhaka,3944,18
2025-01-23,Dhaka,3938,90
2025-01-24,Dhaka,3104,0
2025-01-25,Dhaka,3884,0
2025-01-26,Dhaka,3935,0
2025-01-27,Dhaka,3975,0
2025-01-28,Dhaka,4039,20
2025-01-29,Dhaka,3989,0
2025-01-30,Dhaka,3987,0
2025-01-31,Dhaka,3268,0
2025-02-01,Dhaka,3997,0
2025-02-02,Dhaka,3857,0
2025-02-03,Dhaka,3991,0
2025-02-05,Dhaka,4193,0
2025-02-06,Dhaka,4240,0
2025-02-07,Dhaka,3253,0
2025-02-08,Dhaka,4024,0
2025-02-09,Dhaka,3999,40
2025-02-10,Dhaka,4135,0
2025-02-11,Dhaka,4171,25
2025-02-12,Dhaka,4373,0
2025-02-13,Dhaka,4381,0
2025-02-15,Dhaka,3288,0
2025-02-16,Dhaka,4154,0
2025-02-17,Dhaka,4430,0
2025-02-18,Dhaka,4517,0
2025-02-19,Dhaka,4523,0
2025-02-20,Dhaka,4522,0
2025-02-21,Dhaka,3506,0
2025-02-22,Dhaka,3274,0
2025-02-23,Dhaka,4368,20
2025-02-24,Dhaka,4552,88
2025-02-25,Dhaka,4692,0
2025-02-26,Dhaka,4626,69
2025-02-27,Dhaka,4606,30
2025-02-28,Dhaka,3962,0
2025-03-01,Dhaka,4870,0
2025-03-02,Dhaka,4517,0
2025-03-03,Dhaka,4423,0
2025-03-04,Dhaka,4486,0
2025-03-05,Dhaka,4525,0
2025-03-06,Dhaka,4415,0
2025-03-07,Dhaka,3767,0
2025-03-08,Dhaka,4428,0
2025-03-09,Dhaka,4658,0
2025-03-10,Dhaka,4772,0
2025-03-11,Dhaka,4879,0
2025-03-12,Dhaka,4939,0
2025-03-13,Dhaka,5243,0
2025-03-14,Dhaka,4825,0
2025-03-15,Dhaka,5384,14
2025-03-16,Dhaka,5268,0
2025-03-17,Dhaka,5116,0
2025-03-18,Dhaka,5172,0
2025-03-19,Dhaka,5315,9
2025-03-20,Dhaka,4963,0
2025-03-21,Dhaka,4343,0
2025-03-22,Dhaka,4525,0
2025-03-23,Dhaka,4740,0
2025-03-24,Dhaka,4697,0
2025-03-25,Dhaka,4870,0
2025-03-26,Dhaka,4743,0
2025-03-27,Dhaka,4850,0
2025-03-28,Dhaka,4617,0
2025-03-30,Dhaka,3593,0
2025-03-31,Dhaka,3205,0
2025-04-01,Dhaka,3119,0
2025-04-02,Dhaka,3165,0
2025-04-03,Dhaka,3277,0
2025-04-04,Dhaka,3470,0
2025-04-05,Dhaka,3079,0
2025-04-06,Dhaka,4548,0
2025-04-07,Dhaka,4537,29
2025-04-08,Dhaka,4937,15
2025-04-09,Dhaka,5206,10
2025-04-10,Dhaka,4317,0
2025-04-11,Dhaka,4636,0
2025-04-12,Dhaka,5191,106
2025-04-13,Dhaka,5297,65
2025-04-14,Dhaka,4812,32
2025-04-15,Dhaka,5567,110
2025-04-16,Dhaka,4355,0
2025-04-17,Dhaka,4644,0
2025-04-18,Dhaka,4287,0
2025-04-19,Dhaka,5149,0
2025-04-20,Dhaka,5551,85
2025-04-21,Dhaka,5481,66
2025-04-22,Dhaka,5755,50
2025-04-23,Dhaka,5872,100
2025-04-24,Dhaka,5877,55
2025-04-25,Dhaka,5248,12
2025-04-26,Dhaka,5573,310
2025-04-27,Dhaka,5809,55
2025-04-28,Dhaka,4787,0
2025-04-29,Dhaka,5129,0
2025-04-30,Dhaka,5214,0
2025-05-01,Dhaka,3955,0
2025-05-02,Dhaka,4534,0
2025-05-03,Dhaka,5028,0
2025-05-04,Dhaka,5355,34
2025-05-05,Dhaka,5673,37
2025-05-06,Dhaka,5436,32
2025-05-07,Dhaka,5614,18
2025-05-08,Dhaka,5677,50
2025-05-09,Dhaka,5393,35
2025-05-10,Dhaka,5878,55
2025-05-11,Dhaka,5341,0
2025-05-12,Dhaka,5609,0
2025-05-13,Dhaka,5704,80
2025-05-14,Dhaka,5562,40
2025-05-15,Dhaka,5537,35
2025-05-16,Dhaka,4746,0
2025-05-17,Dhaka,5298,0
2025-05-18,Dhaka,5656,35
2025-05-19,Dhaka,5518,44
2025-05-20,Dhaka,5144,39
2025-05-21,Dhaka,5119,0
2025-05-22,Dhaka,5593,55
2025-05-23,Dhaka,4949,10
2025-05-24,Dhaka,5570,50
2025-05-25,Dhaka,5774,44
2025-05-26,Dhaka,5567,45
2025-05-27,Dhaka,5993,140
2025-05-28,Dhaka,5758,30
2025-05-29,Dhaka,4252,0
2025-05-30,Dhaka,4678,0
2025-05-31,Dhaka,5283,0
2025-06-01,Dhaka,4984,0
2025-06-02,Dhaka,5201,0
2025-06-03,Dhaka,4949,0
2025-06-04,Dhaka,4568,0
2025-06-05,Dhaka,3617,0
2025-06-07,Dhaka,3274,0
2025-06-08,Dhaka,3313,0
2025-06-09,Dhaka,3513,0
2025-06-10,Dhaka,3634,0
2025-06-11,Dhaka,3702,0
2025-06-12,Dhaka,4085,0
2025-06-13,Dhaka,4338,0
2025-06-14,Dhaka,4702,0
2025-06-15,Dhaka,4826,0
2025-06-16,Dhaka,4943,0
2025-06-17,Dhaka,4837,0
2025-06-18,Dhaka,4960,0
2025-06-19,Dhaka,5119,0
2025-06-20,Dhaka,4577,0
2025-06-21,Dhaka,5347,0
2025-06-22,Dhaka,5480,0
2025-06-23,Dhaka,5404,0
2025-06-24,Dhaka,5700,0
2025-06-25,Dhaka,5584,0
2025-06-27,Dhaka,4786,0
2025-06-28,Dhaka,5354,0
2025-06-29,Dhaka,5448,23
2025-06-30,Dhaka,5450,0
2025-07-01,Dhaka,5435,0
2025-07-03,Dhaka,5192,5
2025-07-04,Dhaka,4606,0
2025-07-06,Dhaka,5017,0
2025-07-07,Dhaka,5047,0
2025-07-08,Dhaka,4673,0
2025-07-09,Dhaka,4618,0
2025-07-10,Dhaka,4755,0
2025-07-11,Dhaka,4558,0
2025-07-12,Dhaka,5492,5
2025-07-13,Dhaka,5366,0
2025-07-14,Dhaka,5007,0
2025-07-15,Dhaka,4838,0
2025-07-16,Dhaka,5063,0
2025-07-17,Dhaka,4983,0
2025-07-18,Dhaka,4719,0
2025-07-19,Dhaka,5499,0
2025-07-21,Dhaka,5565,0
2025-07-23,Dhaka,5842,28
2025-07-24,Dhaka,5540,0
2025-07-25,Dhaka,4541,0
2025-07-26,Dhaka,5239,0
2025-07-27,Dhaka,5013,0
2025-07-28,Dhaka,5016,0
2025-07-29,Dhaka,5106,0
2025-07-30,Dhaka,5321,0
2025-07-31,Dhaka,5015,0
2025-08-01,Dhaka,4330,0
2025-08-02,Dhaka,5176,0
2025-08-04,Dhaka,5198,0
2025-08-05,Dhaka,4301,0
2025-08-06,Dhaka,5230,0
2025-08-07,Dhaka,5211,7
2025-08-08,Dhaka,3958,0
2025-08-09,Dhaka,5005,30
2025-08-10,Dhaka,5317,0
2025-08-11,Dhaka,5584,0
2025-08-12,Dhaka,5465,0
2025-08-13,Dhaka,5209,0
2025-08-14,Dhaka,5183,0
2025-08-15,Dhaka,4783,0
2025-08-16,Dhaka,5445,0
2025-08-17,Dhaka,5410,10
2025-08-18,Dhaka,5511,0
2025-08-19,Dhaka,5314,45
2025-08-20,Dhaka,5185,0
2025-08-21,Dhaka,5174,0
2025-08-22,Dhaka,4095,0
2025-08-23,Dhaka,5017,0
2025-08-24,Dhaka,5231,0
2025-08-25,Dhaka,5345,0
2025-08-26,Dhaka,5598,0
2025-08-27,Dhaka,5500,0
2025-08-28,Dhaka,5452,0
2025-08-29,Dhaka,4678,0
2025-08-30,Dhaka,5315,0
2025-08-31,Dhaka,5267,7
2025-09-01,Dhaka,5652,10
2025-09-02,Dhaka,5507,25
2025-09-03,Dhaka,5614,10
2025-09-04,Dhaka,5642,25
2025-09-05,Dhaka,4996,0
2025-09-06,Dhaka,5404,0
2025-09-07,Dhaka,5509,0
2025-09-08,Dhaka,5591,180
2025-09-09,Dhaka,5501,265
2025-09-10,Dhaka,5704,120
2025-09-11,Dhaka,5704,120
2025-09-12,Dhaka,4743,0
2025-09-13,Dhaka,5430,0
2025-09-14,Dhaka,5168,0
2025-09-15,Dhaka,5067,0
2025-09-16,Dhaka,5141,0
2025-09-17,Dhaka,5266,0
2025-09-18,Dhaka,5393,10
2025-09-19,Dhaka,4799,0
2025-09-20,Dhaka,5506,0
2025-09-21,Dhaka,5580,0
2025-09-22,Dhaka,5192,0
2025-09-23,Dhaka,5343,50
2025-09-24,Dhaka,5470,100
2025-09-26,Dhaka,4832,0
2025-09-28,Dhaka,5329,75
2025-09-30,Dhaka,5397,0
2025-10-01,Dhaka,5025,0
2025-10-02,Dhaka,4597,0
2025-10-03,Dhaka,4225,0
2025-10-05,Dhaka,5263,0
2025-10-06,Dhaka,5213,0
2025-10-07,Dhaka,5129,0
2025-10-08,Dhaka,5310,0
2025-10-09,Dhaka,5267,0
2025-10-10,Dhaka,4258,0
2025-10-11,Dhaka,4887,17
2025-10-12,Dhaka,5107,10
2025-10-13,Dhaka,5208,6
2025-10-14,Dhaka,5228,65
2025-10-15,Dhaka,4986,78
2025-10-16,Dhaka,5261,70
2025-10-17,Dhaka,4563,0
2025-10-18,Dhaka,5295,15
2025-10-19,Dhaka,5287,120
2025-10-20,Dhaka,5343,51
2025-10-21,Dhaka,5525,20
2025-10-22,Dhaka,5615,30
2025-10-23,Dhaka,5375,0
2025-10-24,Dhaka,4581,0
2025-10-25,Dhaka,5349,9
2025-10-26,Dhaka,5471,12
2025-10-27,Dhaka,5577,12
2025-10-28,Dhaka,5429,0
2025-10-29,Dhaka,5478,0
2025-10-30,Dhaka,5456,5
2025-10-31,Dhaka,4672,0
2025-11-01,Dhaka,4699,0
2025-11-02,Dhaka,5056,0
2025-11-03,Dhaka,5072,0
2025-11-04,Dhaka,5080,0
2025-11-05,Dhaka,5205,0
2025-11-06,Dhaka,5195,10
2025-11-07,Dhaka,4499,0
2025-11-08,Dhaka,4740,5
2025-11-09,Dhaka,4825,28
2025-11-10,Dhaka,4942,0
2025-11-11,Dhaka,4754,0
2025-11-12,Dhaka,4615,0
2025-11-13,Dhaka,4538,0
2025-11-14,Dhaka,3394,0
2025-11-15,Dhaka,4243,0
2025-11-16,Dhaka,4531,0
2025-11-17,Dhaka,4564,0
2025-11-18,Dhaka,4577,0
2025-11-19,Dhaka,4654,0
2025-11-20,Dhaka,4651,0
2025-11-21,Dhaka,3377,0
2025-11-22,Dhaka,4269,0
2025-11-23,Dhaka,4288,0
2025-11-24,Dhaka,4360,0
2025-11-25,Dhaka,4350,0
2025-11-26,Dhaka,4262,0
2025-11-27,Dhaka,4266,0
2025-11-28,Dhaka,3299,0
2025-11-29,Dhaka,4095,0
2025-11-30,Dhaka,4231,0
2025-12-01,Dhaka,4280,0
2025-12-02,Dhaka,4214,0
2025-12-03,Dhaka,4161,0
2025-12-04,Dhaka,4207,0
2025-12-05,Dhaka,3224,0
2025-12-06,Dhaka,3929,0
2025-12-07,Dhaka,4178,0
2025-12-08,Dhaka,4122,0
2025-12-09,Dhaka,4097,0
2025-12-10,Dhaka,4268,0
2025-12-11,Dhaka,4166,0
2025-12-12,Dhaka,3177,0
2025-12-13,Dhaka,3965,0
2025-12-14,Dhaka,4142,0
2025-12-15,Dhaka,4149,0
2025-12-16,Dhaka,2986,0
2025-12-17,Dhaka,4018,0
2025-12-18,Dhaka,4223,0
2025-12-19,Dhaka,3255,0
2025-12-20,Dhaka,4038,0
2025-12-21,Dhaka,4162,0
2025-12-22,Dhaka,4151,0
2025-12-23,Dhaka,4187,0
2025-12-24,Dhaka,4004,0
2025-12-25,Dhaka,3680,0
2025-12-26,Dhaka,3051,0
2025-12-27,Dhaka,3839,0
2025-12-29,Dhaka,3985,0
2025-12-30,Dhaka,3970,0
2025-12-31,Dhaka,3181,0
2023-01-01,Khulna,1105,0
2023-01-02,Khulna,1129,0
2023-01-03,Khulna,1139,0
2023-01-04,Khulna,1124,0
2023-01-05,Khulna,1148,0
2023-01-06,Khulna,1069,8730
2023-01-07,Khulna,1155,0
2023-01-08,Khulna,1169,47
2023-01-09,Khulna,1206,107
2023-01-10,Khulna,1183,0
2023-01-11,Khulna,1160,0
2023-01-12,Khulna,1173,12
2023-01-13,Khulna,1100,0
2023-01-14,Khulna,1168,43
2023-01-15,Khulna,1205,136
2023-01-16,Khulna,1157,237
2023-01-17,Khulna,1195,171
2023-01-18,Khulna,1165,132
2023-01-19,Khulna,1191,40
2023-01-20,Khulna,1087,0
2023-01-21,Khulna,1125,0
2023-01-22,Khulna,1151,0
2023-01-23,Khulna,1112,0
2023-01-24,Khulna,1135,0
2023-01-25,Khulna,1124,0
2023-01-26,Khulna,1142,0
2023-01-27,Khulna,1075,0
2023-01-28,Khulna,1139,0
2023-01-29,Khulna,1168,0
2023-01-30,Khulna,1158,0
2023-01-31,Khulna,1140,0
2023-02-01,Khulna,1150,0
2023-02-02,Khulna,1167,0
2023-02-03,Khulna,1094,0
2023-02-04,Khulna,1166,0
2023-02-05,Khulna,1176,0
2023-02-06,Khulna,1132,0
2023-02-07,Khulna,1141,0
2023-02-08,Khulna,1134,0
2023-02-09,Khulna,1141,0
2023-02-10,Khulna,1112,0
2023-02-11,Khulna,1130,0
2023-02-12,Khulna,1162,0
2023-02-13,Khulna,1145,0
2023-02-14,Khulna,1161,0
2023-02-15,Khulna,1188,0
2023-02-16,Khulna,1157,0
2023-02-17,Khulna,1113,0
2023-02-18,Khulna,1167,0
2023-02-19,Khulna,1209,0
2023-02-20,Khulna,1193,0
2023-02-21,Khulna,1231,0
2023-02-22,Khulna,1230,0
2023-02-23,Khulna,1276,0
2023-02-24,Khulna,1241,0
2023-02-25,Khulna,1320,0
2023-02-26,Khulna,1232,0
2023-02-27,Khulna,1328,0
2023-02-28,Khulna,1303,0
2023-03-01,Khulna,1324,0
2023-03-02,Khulna,1378,0
2023-03-03,Khulna,1280,0
2023-03-04,Khulna,1376,0
2023-03-05,Khulna,1466,0
2023-03-06,Khulna,1386,0
2023-03-07,Khulna,1375,0
2023-03-08,Khulna,1289,0
2023-03-09,Khulna,1387,0
2023-03-10,Khulna,1261,0
2023-03-11,Khulna,1341,0
2023-03-12,Khulna,1416,0
2023-03-13,Khulna,1465,0
2023-03-14,Khulna,1444,0
2023-03-15,Khulna,1456,0
2023-03-16,Khulna,1460,0
2023-03-17,Khulna,1158,0
2023-03-18,Khulna,1366,0
2023-03-19,Khulna,969,0
2023-03-20,Khulna,1121,0
2023-03-21,Khulna,1155,0
2023-03-22,Khulna,1311,0
2023-03-23,Khulna,1412,0
2023-03-24,Khulna,1410,0
2023-03-25,Khulna,1234,0
2023-03-26,Khulna,994,0
2023-03-27,Khulna,1377,0
2023-03-28,Khulna,1479,0
2023-03-29,Khulna,1132,0
2023-03-30,Khulna,1541,0
2023-03-31,Khulna,1294,0
2023-04-01,Khulna,1194,0
2023-04-02,Khulna,1381,0
2023-04-03,Khulna,1507,0
2023-04-04,Khulna,1688,0
2023-04-05,Khulna,1660,0
2023-04-06,Khulna,1606,0
2023-04-07,Khulna,1591,0
2023-04-08,Khulna,1711,0
2023-04-09,Khulna,1740,0
2023-04-10,Khulna,1799,0
2023-04-11,Khulna,1826,0
2023-04-12,Khulna,1784,0
2023-04-13,Khulna,1851,0
2023-04-14,Khulna,1825,0
2023-04-15,Khulna,1658,170
2023-04-16,Khulna,1842,350
2023-04-17,Khulna,2015,10
2023-04-18,Khulna,1986,0
2023-04-19,Khulna,2028,10
2023-04-20,Khulna,1889,0
2023-04-21,Khulna,1528,0
2023-04-22,Khulna,1582,0
2023-04-23,Khulna,1274,0
2023-04-24,Khulna,1180,0
2023-04-25,Khulna,1518,0
2023-04-26,Khulna,1455,0
2023-04-27,Khulna,466,0
2023-04-28,Khulna,1317,0
2023-04-29,Khulna,978,0
2023-04-30,Khulna,1110,0
2023-05-01,Khulna,1179,0
2023-05-02,Khulna,1543,0
2023-05-03,Khulna,1311,0
2023-05-04,Khulna,1450,0
2023-05-05,Khulna,1557,0
2023-05-06,Khulna,1673,0
2023-05-07,Khulna,1767,70
2023-05-08,Khulna,1790,251
2023-05-09,Khulna,1783,292
2023-05-10,Khulna,1712,0
2023-05-11,Khulna,1879,221
2023-05-12,Khulna,1675,70
2023-05-13,Khulna,1762,64
2023-05-14,Khulna,1515,0
2023-05-15,Khulna,759,0
2023-05-16,Khulna,672,0
2023-05-17,Khulna,964,0
2023-05-18,Khulna,953,0
2023-05-19,Khulna,1554,0
2023-05-20,Khulna,1683,0
2023-05-21,Khulna,1726,25
2023-05-22,Khulna,1773,25
2023-05-23,Khulna,567,0
2023-05-24,Khulna,1418,0
2023-05-25,Khulna,1365,0
2023-05-26,Khulna,994,0
2023-05-27,Khulna,1495,0
2023-05-28,Khulna,1665,0
2023-05-29,Khulna,1779,178
2023-05-30,Khulna,1743,73
2023-05-31,Khulna,1873,160
2023-06-01,Khulna,1868,260
2023-06-02,Khulna,1663,130
2023-06-03,Khulna,1768,291
2023-06-04,Khulna,1698,280
2023-06-05,Khulna,1775,345
2023-06-06,Khulna,1970,345
2023-06-07,Khulna,1804,400
2023-06-08,Khulna,1927,16
2023-06-09,Khulna,1372,0
2023-06-10,Khulna,1636,0
2023-06-11,Khulna,1752,0
2023-06-12,Khulna,1650,0
2023-06-13,Khulna,1451,100
2023-06-14,Khulna,1878,250
2023-06-15,Khulna,1908,19
2023-06-16,Khulna,1857,0
2023-06-17,Khulna,1580,0
2023-06-18,Khulna,1747,0
2023-06-19,Khulna,1639,0
2023-06-20,Khulna,1629,0
2023-06-21,Khulna,1749,0
2023-06-22,Khulna,1616,190
2023-06-23,Khulna,1560,0
2023-06-24,Khulna,1657,96
2023-06-25,Khulna,1686,181
2023-06-26,Khulna,1489,0
2023-06-27,Khulna,1479,0
2023-06-28,Khulna,1309,0
2023-06-29,Khulna,1423,0
2023-06-30,Khulna,1198,0
2023-07-01,Khulna,1496,0
2023-07-02,Khulna,1639,0
2023-07-03,Khulna,1712,0
2023-07-04,Khulna,1819,0
2023-07-05,Khulna,1710,0
2023-07-06,Khulna,1659,0
2023-07-07,Khulna,1678,0
2023-07-08,Khulna,1774,0
2023-07-09,Khulna,1867,160
2023-07-10,Khulna,1830,2
2023-07-11,Khulna,1839,0
2023-07-12,Khulna,1755,0
2023-07-13,Khulna,1841,0
2023-07-14,Khulna,1739,0
2023-07-15,Khulna,1761,0
2023-07-16,Khulna,1766,0
2023-07-17,Khulna,1799,58
2023-07-18,Khulna,1820,0
2023-07-19,Khulna,1892,172
2023-07-20,Khulna,1838,0
2023-07-21,Khulna,1771,0
2023-07-22,Khulna,1779,0
2023-07-23,Khulna,1736,142
2023-07-24,Khulna,1847,77
2023-07-25,Khulna,1786,0
2023-07-26,Khulna,1776,0
2023-07-27,Khulna,1749,0
2023-07-28,Khulna,1756,0
2023-07-29,Khulna,1785,0
2023-07-30,Khulna,1822,89
2023-07-31,Khulna,1868,0
2023-08-01,Khulna,1529,0
2023-08-02,Khulna,1629,0
2023-08-03,Khulna,1749,0
2023-08-04,Khulna,1620,0
2023-08-05,Khulna,1709,0
2023-08-06,Khulna,1638,0
2023-08-07,Khulna,1456,0
2023-08-08,Khulna,1562,0
2023-08-09,Khulna,1618,0
2023-08-10,Khulna,1664,0
2023-08-11,Khulna,1673,0
2023-08-12,Khulna,1575,0
2023-08-13,Khulna,1632,0
2023-08-14,Khulna,1687,0
2023-08-15,Khulna,1666,0
2023-08-16,Khulna,1736,0
2023-08-17,Khulna,1754,10
2023-08-18,Khulna,1665,0
2023-08-19,Khulna,1727,164
2023-08-20,Khulna,1786,75
2023-08-21,Khulna,1820,84
2023-08-22,Khulna,1768,0
2023-08-23,Khulna,1614,0
2023-08-24,Khulna,1705,0
2023-08-25,Khulna,1352,0
2023-08-26,Khulna,1593,0
2023-08-27,Khulna,1742,0
2023-08-28,Khulna,1791,0
2023-08-29,Khulna,1789,0
2023-08-30,Khulna,1857,0
2023-08-31,Khulna,1842,0
2023-09-01,Khulna,1711,0
2023-09-02,Khulna,1808,0
2023-09-03,Khulna,1738,0
2023-09-04,Khulna,1720,130
2023-09-05,Khulna,1787,112
2023-09-06,Khulna,1792,0
2023-09-07,Khulna,1651,10
2023-09-08,Khulna,1581,0
2023-09-09,Khulna,1806,0
2023-09-10,Khulna,1800,0
2023-09-11,Khulna,1770,0
2023-09-12,Khulna,1726,0
2023-09-13,Khulna,1699,0
2023-09-14,Khulna,1656,0
2023-09-15,Khulna,1656,0
2023-09-16,Khulna,1841,0
2023-09-17,Khulna,1839,35
2023-09-18,Khulna,1625,0
2023-09-19,Khulna,1596,0
2023-09-20,Khulna,1495,0
2023-09-21,Khulna,1485,0
2023-09-22,Khulna,1430,0
2023-09-23,Khulna,1529,0
2023-09-24,Khulna,1479,0
2023-09-25,Khulna,1616,0
2023-09-26,Khulna,1744,0
2023-09-27,Khulna,1758,0
2023-09-28,Khulna,1736,0
2023-09-29,Khulna,1573,0
2023-09-30,Khulna,1516,0
2023-10-01,Khulna,1601,0
2023-10-02,Khulna,1524,0
2023-10-03,Khulna,1485,0
2023-10-04,Khulna,1336,0
2023-10-05,Khulna,1318,0
2023-10-06,Khulna,1460,0
2023-10-07,Khulna,1642,0
2023-10-08,Khulna,1704,0
2023-10-09,Khulna,1739,0
2023-10-10,Khulna,1671,0
2023-10-11,Khulna,1721,0
2023-10-12,Khulna,1722,0
2023-10-13,Khulna,1567,0
2023-10-14,Khulna,1627,0
2023-10-15,Khulna,1596,0
2023-10-16,Khulna,1553,0
2023-10-17,Khulna,1560,0
2023-10-18,Khulna,1534,0
2023-10-19,Khulna,1463,0
2023-10-20,Khulna,1370,0
2023-10-21,Khulna,1417,0
2023-10-22,Khulna,1409,0
2023-10-23,Khulna,1349,0
2023-10-24,Khulna,1281,0
2023-10-25,Khulna,1419,0
2023-10-26,Khulna,1399,0
2023-10-27,Khulna,1266,0
2023-10-28,Khulna,1309,0
2023-10-29,Khulna,1340,0
2023-10-30,Khulna,1351,0
2023-10-31,Khulna,1352,0
2023-11-01,Khulna,1372,0
2023-11-02,Khulna,1444,0
2023-11-03,Khulna,1280,0
2023-11-04,Khulna,1340,0
2023-11-05,Khulna,1332,0
2023-11-06,Khulna,1304,0
2023-11-07,Khulna,1207,0
2023-11-08,Khulna,1215,0
2023-11-09,Khulna,1231,0
2023-11-10,Khulna,1053,0
2023-11-11,Khulna,1198,0
2023-11-12,Khulna,1222,0
2023-11-13,Khulna,1217,0
2023-11-14,Khulna,1231,0
2023-11-15,Khulna,1213,0
2023-11-16,Khulna,1094,0
2023-11-17,Khulna,845,0
2023-11-18,Khulna,1170,0
2023-11-19,Khulna,1228,0
2023-11-20,Khulna,1226,0
2023-11-21,Khulna,1207,0
2023-11-22,Khulna,1125,0
2023-11-23,Khulna,1147,0
2023-11-24,Khulna,1057,0
2023-11-25,Khulna,1142,0
2023-11-26,Khulna,1175,0
2023-11-27,Khulna,1142,0
2023-11-28,Khulna,1182,0
2023-11-29,Khulna,1143,0
2023-11-30,Khulna,1165,0
2023-12-01,Khulna,1020,0
2023-12-02,Khulna,1173,0
2023-12-03,Khulna,1169,0
2023-12-04,Khulna,1109,0
2023-12-05,Khulna,1130,0
2023-12-06,Khulna,1127,0
2023-12-07,Khulna,1065,0
2023-12-08,Khulna,991,0
2023-12-09,Khulna,1102,0
2023-12-10,Khulna,1136,0
2023-12-11,Khulna,1135,0
2023-12-12,Khulna,1105,0
2023-12-13,Khulna,1101,0
2023-12-14,Khulna,1136,0
2023-12-15,Khulna,1030,0
2023-12-16,Khulna,1051,0
2023-12-17,Khulna,1081,0
2023-12-18,Khulna,1132,0
2023-12-19,Khulna,1148,0
2023-12-20,Khulna,1125,0
2023-12-21,Khulna,1150,0
2023-12-22,Khulna,1044,0
2023-12-23,Khulna,1087,0
2023-12-24,Khulna,1143,0
2023-12-25,Khulna,1124,0
2023-12-26,Khulna,1143,0
2023-12-27,Khulna,1136,0
2023-12-28,Khulna,1160,0
2023-12-29,Khulna,1143,0
2023-12-30,Khulna,1129,0
2023-12-31,Khulna,1124,0
2024-01-01,Khulna,1138,0
2024-01-02,Khulna,1152,0
2024-01-03,Khulna,1141,0
2024-01-04,Khulna,1149,0
2024-01-05,Khulna,1073,0
2024-01-06,Khulna,1083,0
2024-01-07,Khulna,967,0
2024-01-08,Khulna,1127,0
2024-01-09,Khulna,1130,0
2024-01-10,Khulna,1136,0
2024-01-11,Khulna,1157,0
2024-01-12,Khulna,1077,0
2024-01-13,Khulna,1195,0
2024-01-14,Khulna,1205,0
2024-01-15,Khulna,1187,0
2024-01-16,Khulna,1195,0
2024-01-17,Khulna,1188,0
2024-01-18,Khulna,1158,0
2024-01-19,Khulna,1087,0
2024-01-20,Khulna,1216,0
2024-01-21,Khulna,1157,0
2024-01-22,Khulna,1204,0
2024-01-23,Khulna,1214,0
2024-01-24,Khulna,1160,0
2024-01-25,Khulna,1203,0
2024-01-26,Khulna,1099,0
2024-01-27,Khulna,1186,0
2024-01-28,Khulna,1208,0
2024-01-29,Khulna,1196,0
2024-01-30,Khulna,1206,0
2024-01-31,Khulna,1175,0
2024-02-01,Khulna,1144,0
2024-02-02,Khulna,1074,0
2024-02-03,Khulna,1195,0
2024-02-04,Khulna,1192,0
2024-02-05,Khulna,1182,0
2024-02-06,Khulna,1196,0
2024-02-07,Khulna,1219,0
2024-02-08,Khulna,1197,0
2024-02-09,Khulna,1122,0
2024-02-10,Khulna,1239,9
2024-02-11,Khulna,1207,0
2024-02-12,Khulna,1209,0
2024-02-13,Khulna,1192,0
2024-02-14,Khulna,1184,0
2024-02-15,Khulna,1078,0
2024-02-16,Khulna,1095,0
2024-02-17,Khulna,1239,0
2024-02-18,Khulna,1225,0
2024-02-19,Khulna,1251,0
2024-02-20,Khulna,1296,0
2024-02-21,Khulna,1227,0
2024-02-22,Khulna,1179,0
2024-02-23,Khulna,1147,0
2024-02-24,Khulna,1215,0
2024-02-25,Khulna,1174,0
2024-02-26,Khulna,1147,0
2024-02-27,Khulna,1239,0
2024-02-28,Khulna,1255,0
2024-02-29,Khulna,1255,0
2024-03-01,Khulna,1185,0
2024-03-02,Khulna,1281,0
2024-03-03,Khulna,1324,0
2024-03-04,Khulna,1288,0
2024-03-05,Khulna,1374,0
2024-03-06,Khulna,1319,0
2024-03-07,Khulna,1292,0
2024-03-08,Khulna,1224,0
2024-03-09,Khulna,1308,0
2024-03-10,Khulna,1357,0
2024-03-11,Khulna,1394,0
2024-03-12,Khulna,1430,0
2024-03-13,Khulna,1471,0
2024-03-14,Khulna,1506,0
2024-03-15,Khulna,1521,0
2024-03-16,Khulna,1510,0
2024-03-17,Khulna,1468,0
2024-03-18,Khulna,1501,0
2024-03-19,Khulna,1452,0
2024-03-20,Khulna,1126,0
2024-03-21,Khulna,1019,0
2024-03-22,Khulna,1203,0
2024-03-23,Khulna,1441,0
2024-03-24,Khulna,1601,0
2024-03-25,Khulna,1392,0
2024-03-26,Khulna,1532,0
2024-03-27,Khulna,1509,0
2024-03-28,Khulna,1598,0
2024-03-29,Khulna,1656,0
2024-03-30,Khulna,1707,150
2024-03-31,Khulna,1710,0
2024-04-01,Khulna,1789,130
2024-04-02,Khulna,1807,175
2024-04-03,Khulna,1717,130
2024-04-04,Khulna,1840,166
2024-04-05,Khulna,1875,185
2024-04-06,Khulna,1956,180
2024-04-07,Khulna,1584,0
2024-04-08,Khulna,1459,0
2024-04-09,Khulna,1643,0
2024-04-10,Khulna,1507,0
2024-04-11,Khulna,1403,0
2024-04-12,Khulna,1560,0
2024-04-13,Khulna,1617,0
2024-04-14,Khulna,1704,0
2024-04-15,Khulna,1862,7
2024-04-16,Khulna,1664,0
2024-04-17,Khulna,1765,0
2024-04-18,Khulna,1837,0
2024-04-19,Khulna,1839,0
2024-04-20,Khulna,1928,0
2024-04-21,Khulna,1958,0
2024-04-22,Khulna,1944,0
2024-04-23,Khulna,1947,0
2024-04-24,Khulna,1905,0
2024-04-25,Khulna,1950,0
2024-04-26,Khulna,1941,0
2024-04-27,Khulna,1986,0
2024-04-28,Khulna,2009,0
2024-04-29,Khulna,2029,132
2024-04-30,Khulna,1982,15
2024-05-01,Khulna,1943,9
2024-05-02,Khulna,1938,0
2024-05-03,Khulna,1871,0
2024-05-04,Khulna,1919,11
2024-05-05,Khulna,1816,10
2024-05-06,Khulna,554,0
2024-05-07,Khulna,1639,0
2024-05-08,Khulna,1485,0
2024-05-09,Khulna,1138,0
2024-05-10,Khulna,1518,0
2024-05-11,Khulna,1451,0
2024-05-12,Khulna,1527,0
2024-05-13,Khulna,1733,0
2024-05-14,Khulna,1837,0
2024-05-15,Khulna,1841,0
2024-05-16,Khulna,1861,0
2024-05-17,Khulna,1872,0
2024-05-18,Khulna,1738,0
2024-05-19,Khulna,1652,0
2024-05-20,Khulna,1551,0
2024-05-23,Khulna,1897,0
2024-05-24,Khulna,1896,0
2024-05-25,Khulna,1862,0
2024-05-27,Khulna,1139,0
2024-05-28,Khulna,279,0
2024-05-29,Khulna,1505,0
2024-05-30,Khulna,1734,0
2024-05-31,Khulna,1681,0
2024-06-01,Khulna,1897,0
2024-06-02,Khulna,1890,5
2024-06-03,Khulna,1813,0
2024-06-04,Khulna,1790,0
2024-06-05,Khulna,1974,0
2024-06-06,Khulna,1917,0
2024-06-07,Khulna,1859,0
2024-06-08,Khulna,2039,15
2024-06-10,Khulna,1834,0
2024-06-11,Khulna,2053,10
2024-06-12,Khulna,1999,10
2024-06-13,Khulna,1969,10
2024-06-14,Khulna,1984,0
2024-06-15,Khulna,1998,0
2024-06-16,Khulna,1900,0
2024-06-17,Khulna,1905,0
2024-06-18,Khulna,1876,0
2024-06-19,Khulna,1412,0
2024-06-20,Khulna,1372,0
2024-06-21,Khulna,1680,0
2024-06-22,Khulna,1714,0
2024-06-23,Khulna,1772,0
2024-06-24,Khulna,1869,290
2024-06-25,Khulna,1977,332
2024-06-26,Khulna,1928,280
2024-06-27,Khulna,1762,4
2024-06-28,Khulna,1758,0
2024-06-29,Khulna,1758,0
2024-06-30,Khulna,1472,0
2024-07-01,Khulna,1739,0
2024-07-02,Khulna,1614,0
2024-07-03,Khulna,1649,0
2024-07-04,Khulna,1657,0
2024-07-05,Khulna,1682,0
2024-07-06,Khulna,1731,0
2024-07-07,Khulna,1810,0
2024-07-08,Khulna,1835,159
2024-07-09,Khulna,1861,0
2024-07-10,Khulna,1686,0
2024-07-11,Khulna,1765,0
2024-07-12,Khulna,1649,0
2024-07-13,Khulna,1897,0
2024-07-14,Khulna,1921,0
2024-07-15,Khulna,1875,0
2024-07-16,Khulna,1896,4
2024-07-17,Khulna,1888,10
2024-07-23,Khulna,1734,0
2024-07-24,Khulna,1691,0
2024-07-25,Khulna,1875,5
2024-07-26,Khulna,1821,6
2024-07-27,Khulna,1892,0
2024-07-28,Khulna,1868,10
2024-07-29,Khulna,1833,10
2024-07-30,Khulna,1870,50
2024-07-31,Khulna,1771,0
2024-08-01,Khulna,11426,0
2024-08-02,Khulna,1360,0
2024-08-03,Khulna,1581,0
2024-08-04,Khulna,1617,0
2024-08-05,Khulna,1617,0
2024-08-06,Khulna,1628,0
2024-08-07,Khulna,1649,0
2024-08-08,Khulna,1664,0
2024-08-09,Khulna,1631,0
2024-08-10,Khulna,1725,0
2024-08-11,Khulna,1704,0
2024-08-12,Khulna,1775,0
2024-08-13,Khulna,1797,0
2024-08-14,Khulna,1803,160
2024-08-15,Khulna,1853,180
2024-08-16,Khulna,1697,0
2024-08-17,Khulna,1727,0
2024-08-18,Khulna,1645,0
2024-08-19,Khulna,1625,0
2024-08-20,Khulna,1730,0
2024-08-21,Khulna,1725,0
2024-08-22,Khulna,1656,0
2024-08-23,Khulna,1600,0
2024-08-24,Khulna,1658,0
2024-08-25,Khulna,1569,0
2024-08-26,Khulna,1483,0
2024-08-27,Khulna,1599,0
2024-08-28,Khulna,1684,0
2024-08-29,Khulna,1772,0
2024-08-30,Khulna,1737,0
2024-08-31,Khulna,1815,0
2024-09-01,Khulna,1776,0
2024-09-02,Khulna,1815,0
2024-09-03,Khulna,1801,0
2024-09-04,Khulna,1815,77
2024-09-05,Khulna,1847,0
2024-09-06,Khulna,1792,0
2024-09-07,Khulna,1829,0
2024-09-08,Khulna,1819,0
2024-09-09,Khulna,1814,213
2024-09-10,Khulna,1846,0
2024-09-11,Khulna,1822,0
2024-09-12,Khulna,1775,0
2024-09-13,Khulna,1451,0
2024-09-14,Khulna,666,0
2024-09-15,Khulna,973,0
2024-09-16,Khulna,1370,0
2024-09-17,Khulna,1646,0
2024-09-18,Khulna,1767,0
2024-09-19,Khulna,1854,0
2024-09-20,Khulna,1833,0
2024-09-21,Khulna,1725,0
2024-09-22,Khulna,1877,15
2024-09-23,Khulna,1885,0
2024-09-24,Khulna,1720,0
2024-09-25,Khulna,1464,0
2024-09-26,Khulna,1372,0
2024-09-27,Khulna,1492,0
2024-09-28,Khulna,1749,0
2024-09-29,Khulna,1811,0
2024-09-30,Khulna,1831,0
2024-10-01,Khulna,1806,80
2024-10-02,Khulna,1693,0
2024-10-03,Khulna,1572,0
2024-10-05,Khulna,1541,0
2024-10-06,Khulna,1625,0
2024-10-07,Khulna,1720,0
2024-10-08,Khulna,1610,0
2024-10-09,Khulna,1111,0
2024-10-10,Khulna,1603,0
2024-10-11,Khulna,1602,0
2024-10-12,Khulna,1625,0
2024-10-13,Khulna,1601,0
2024-10-14,Khulna,1645,0
2024-10-15,Khulna,1694,0
2024-10-16,Khulna,1622,6
2024-10-17,Khulna,1565,0
2024-10-18,Khulna,1353,0
2024-10-19,Khulna,1495,0
2024-10-20,Khulna,1509,0
2024-10-21,Khulna,1533,0
2024-10-22,Khulna,1586,0
2024-10-23,Khulna,1448,0
2024-10-24,Khulna,1208,0
2024-10-25,Khulna,1205,0
2024-10-26,Khulna,1534,0
2024-10-27,Khulna,1580,0
2024-10-28,Khulna,1610,124
2024-10-29,Khulna,1583,120
2024-10-30,Khulna,1563,150
2024-10-31,Khulna,1572,237
2024-11-01,Khulna,1480,0
2024-11-02,Khulna,1515,0
2024-11-03,Khulna,1491,145
2024-11-04,Khulna,1482,0
2024-11-05,Khulna,1508,0
2024-11-06,Khulna,1454,0
2024-11-07,Khulna,1456,0
2024-11-08,Khulna,1342,0
2024-11-09,Khulna,1333,0
2024-11-10,Khulna,1339,0
2024-11-11,Khulna,1337,0
2024-11-12,Khulna,1308,0
2024-11-13,Khulna,1330,0
2024-11-14,Khulna,1283,0
2024-11-15,Khulna,1572,237
2024-11-16,Khulna,1204,0
2024-11-17,Khulna,1176,0
2024-11-18,Khulna,1144,0
2024-11-19,Khulna,1191,0
2024-11-20,Khulna,1175,0
2024-11-21,Khulna,1187,0
2024-11-22,Khulna,1051,0
2024-11-23,Khulna,1098,0
2024-11-24,Khulna,1136,0
2024-11-25,Khulna,1133,0
2024-11-26,Khulna,1159,0
2024-11-27,Khulna,1153,0
2024-11-28,Khulna,1171,0
2024-11-29,Khulna,1035,0
2024-11-30,Khulna,1146,0
2024-12-01,Khulna,1131,0
2024-12-02,Khulna,1120,0
2024-12-03,Khulna,1166,0
2024-12-04,Khulna,1162,0
2024-12-05,Khulna,1176,0
2024-12-06,Khulna,1061,0
2024-12-07,Khulna,1183,0
2024-12-08,Khulna,1157,0
2024-12-09,Khulna,1135,0
2024-12-10,Khulna,1172,0
2024-12-11,Khulna,1160,0
2024-12-13,Khulna,1057,0
2024-12-14,Khulna,1081,0
2024-12-15,Khulna,1166,0
2024-12-16,Khulna,1105,0
2024-12-17,Khulna,1138,0
2024-12-18,Khulna,1126,0
2024-12-19,Khulna,1172,0
2024-12-20,Khulna,1047,0
2024-12-21,Khulna,1112,0
2024-12-22,Khulna,1188,0
2024-12-23,Khulna,1160,0
2024-12-24,Khulna,1184,0
2024-12-25,Khulna,1150,0
2024-12-26,Khulna,1173,0
2024-12-27,Khulna,1074,0
2024-12-28,Khulna,1170,0
2024-12-29,Khulna,1150,0
2024-12-30,Khulna,1205,0
2024-12-31,Khulna,1174,0
2025-01-01,Khulna,1183,0
2025-01-02,Khulna,1174,0
2025-01-03,Khulna,1063,0
2025-01-04,Khulna,1164,0
2025-01-05,Khulna,1223,0
2025-01-06,Khulna,1214,0
2025-01-07,Khulna,1186,0
2025-01-08,Khulna,1195,0
2025-01-09,Khulna,1206,0
2025-01-10,Khulna,1105,0
2025-01-11,Khulna,1198,0
2025-01-12,Khulna,1212,0
2025-01-13,Khulna,1217,0
2025-01-14,Khulna,1183,0
2025-01-15,Khulna,1183,0
2025-01-16,Khulna,1198,0
2025-01-17,Khulna,1116,0
2025-01-18,Khulna,1200,0
2025-01-19,Khulna,1209,0
2025-01-20,Khulna,1208,0
2025-01-21,Khulna,1196,0
2025-01-22,Khulna,1186,0
2025-01-23,Khulna,1214,0
2025-01-24,Khulna,1104,0
2025-01-25,Khulna,1201,0
2025-01-26,Khulna,1190,0
2025-01-27,Khulna,1210,0
2025-01-28,Khulna,1213,0
2025-01-29,Khulna,1186,0
2025-01-30,Khulna,1220,0
2025-01-31,Khulna,1067,0
2025-02-01,Khulna,1204,0
2025-02-02,Khulna,1206,0
2025-02-03,Khulna,1224,0
2025-02-05,Khulna,1225,0
2025-02-06,Khulna,1258,0
2025-02-07,Khulna,1136,0
2025-02-08,Khulna,1233,0
2025-02-09,Khulna,1231,0
2025-02-10,Khulna,1234,0
2025-02-11,Khulna,1286,0
2025-02-12,Khulna,1298,0
2025-02-13,Khulna,1274,0
2025-02-15,Khulna,1205,0
2025-02-16,Khulna,1294,0
2025-02-17,Khulna,1308,0
2025-02-18,Khulna,1293,0
2025-02-19,Khulna,1279,0
2025-02-20,Khulna,1194,0
2025-02-21,Khulna,1183,0
2025-02-22,Khulna,1168,0
2025-02-23,Khulna,1324,0
2025-02-24,Khulna,1318,0
2025-02-25,Khulna,1338,0
2025-02-26,Khulna,1278,0
2025-02-27,Khulna,1337,0
2025-02-28,Khulna,1272,0
2025-03-01,Khulna,1549,0
2025-03-02,Khulna,1485,0
2025-03-03,Khulna,1443,0
2025-03-04,Khulna,1443,0
2025-03-05,Khulna,1339,0
2025-03-06,Khulna,1327,0
2025-03-07,Khulna,1231,0
2025-03-08,Khulna,1367,0
2025-03-09,Khulna,1445,0
2025-03-10,Khulna,1494,0
2025-03-11,Khulna,1467,0
2025-03-12,Khulna,1535,0
2025-03-13,Khulna,1690,0
2025-03-14,Khulna,1729,0
2025-03-15,Khulna,1829,0
2025-03-16,Khulna,1824,0
2025-03-17,Khulna,1689,0
2025-03-18,Khulna,1625,0
2025-03-19,Khulna,1701,0
2025-03-20,Khulna,1525,0
2025-03-21,Khulna,1326,0
2025-03-22,Khulna,1340,0
2025-03-23,Khulna,1404,0
2025-03-24,Khulna,1476,0
2025-03-25,Khulna,1568,0
2025-03-26,Khulna,1668,0
2025-03-27,Khulna,1796,0
2025-03-28,Khulna,1844,0
2025-03-30,Khulna,1723,0
2025-03-31,Khulna,1700,0
2025-04-01,Khulna,1680,0
2025-04-02,Khulna,1722,0
2025-04-03,Khulna,1726,0
2025-04-04,Khulna,1705,0
2025-04-05,Khulna,1767,0
2025-04-06,Khulna,1865,0
2025-04-07,Khulna,1887,0
2025-04-08,Khulna,1821,0
2025-04-09,Khulna,1868,0
2025-04-10,Khulna,1572,0
2025-04-11,Khulna,1672,0
2025-04-12,Khulna,1795,18
2025-04-13,Khulna,1874,0
2025-04-14,Khulna,1666,0
2025-04-15,Khulna,1807,0
2025-04-16,Khulna,1580,0
2025-04-17,Khulna,1125,0
2025-04-18,Khulna,1253,0
2025-04-19,Khulna,1636,0
2025-04-20,Khulna,1842,0
2025-04-21,Khulna,1760,0
2025-04-22,Khulna,1852,0
2025-04-23,Khulna,1891,0
2025-04-24,Khulna,1924,11
2025-04-25,Khulna,1836,0
2025-04-26,Khulna,1855,416
2025-04-27,Khulna,1877,0
2025-04-28,Khulna,1320,0
2025-04-29,Khulna,1592,0
2025-04-30,Khulna,1463,0
2025-05-01,Khulna,1234,0
2025-05-02,Khulna,1650,0
2025-05-03,Khulna,1600,0
2025-05-04,Khulna,1649,0
2025-05-05,Khulna,1775,0
2025-05-06,Khulna,1578,0
2025-05-07,Khulna,1883,0
2025-05-08,Khulna,1875,0
2025-05-09,Khulna,1893,0
2025-05-10,Khulna,2018,52
2025-05-11,Khulna,1982,0
2025-05-12,Khulna,1810,0
2025-05-13,Khulna,1960,0
2025-05-14,Khulna,1966,50
2025-05-15,Khulna,1261,0
2025-05-16,Khulna,1810,0
2025-05-17,Khulna,1545,0
2025-05-18,Khulna,1796,0
2025-05-19,Khulna,1464,0
2025-05-20,Khulna,1395,0
2025-05-21,Khulna,1580,0
2025-05-22,Khulna,1807,5
2025-05-23,Khulna,1668,0
2025-05-24,Khulna,1840,0
2025-05-25,Khulna,1779,0
2025-05-26,Khulna,1721,0
2025-05-27,Khulna,1933,0
2025-05-28,Khulna,1815,0
2025-05-29,Khulna,1356,0
2025-05-30,Khulna,1665,0
2025-05-31,Khulna,1861,0
2025-06-01,Khulna,1592,0
2025-06-02,Khulna,1865,0
2025-06-03,Khulna,1695,0
2025-06-04,Khulna,1747,0
2025-06-05,Khulna,1743,0
2025-06-07,Khulna,1780,0
2025-06-08,Khulna,1824,0
2025-06-09,Khulna,1906,0
2025-06-10,Khulna,1881,0
2025-06-11,Khulna,1902,0
2025-06-12,Khulna,1957,0
2025-06-13,Khulna,1943,15
2025-06-14,Khulna,1945,0
2025-06-15,Khulna,1905,0
2025-06-16,Khulna,1876,0
2025-06-17,Khulna,1641,0
2025-06-18,Khulna,1620,0
2025-06-19,Khulna,1569,0
2025-06-20,Khulna,1672,0
2025-06-21,Khulna,1895,0
2025-06-22,Khulna,1863,0
2025-06-23,Khulna,1851,0
2025-06-24,Khulna,1817,0
2025-06-25,Khulna,1819,0
2025-06-27,Khulna,1733,0
2025-06-28,Khulna,1774,0
2025-06-29,Khulna,1816,0
2025-06-30,Khulna,1721,0
2025-07-01,Khulna,1815,0
2025-07-03,Khulna,1818,0
2025-07-04,Khulna,1514,0
2025-07-06,Khulna,1738,0
2025-07-07,Khulna,1587,0
2025-07-08,Khulna,1560,0
2025-07-09,Khulna,1518,0
2025-07-10,Khulna,1545,0
2025-07-11,Khulna,1649,0
2025-07-12,Khulna,1922,0
2025-07-13,Khulna,1675,0
2025-07-14,Khulna,1319,0
2025-07-15,Khulna,1605,0
2025-07-16,Khulna,1705,0
2025-07-17,Khulna,1781,0
2025-07-18,Khulna,1743,0
2025-07-19,Khulna,1878,0
2025-07-21,Khulna,1924,0
2025-07-23,Khulna,2002,0
2025-07-24,Khulna,1870,0
2025-07-25,Khulna,1495,0
2025-07-26,Khulna,1796,0
2025-07-27,Khulna,1797,0
2025-07-28,Khulna,1712,0
2025-07-29,Khulna,1681,0
2025-07-30,Khulna,1654,0
2025-07-31,Khulna,1572,0
2025-08-01,Khulna,1516,0
2025-08-02,Khulna,1808,0
2025-08-04,Khulna,1810,0
2025-08-05,Khulna,1644,0
2025-08-06,Khulna,1774,0
2025-08-07,Khulna,1732,0
2025-08-08,Khulna,1489,0
2025-08-09,Khulna,1709,0
2025-08-10,Khulna,1864,0
2025-08-11,Khulna,1887,0
2025-08-12,Khulna,1922,0
2025-08-13,Khulna,1814,0
2025-08-14,Khulna,1734,0
2025-08-15,Khulna,1746,0
2025-08-16,Khulna,1927,0
2025-08-17,Khulna,1852,0
2025-08-18,Khulna,1799,0
2025-08-19,Khulna,1747,0
2025-08-20,Khulna,1712,0
2025-08-21,Khulna,1625,0
2025-08-22,Khulna,1572,0
2025-08-23,Khulna,1689,0
2025-08-24,Khulna,1695,0
2025-08-25,Khulna,1833,0
2025-08-26,Khulna,1881,0
2025-08-27,Khulna,1855,0
2025-08-28,Khulna,1782,0
2025-08-29,Khulna,1679,0
2025-08-30,Khulna,1810,0
2025-08-31,Khulna,1925,0
2025-09-01,Khulna,1971,0
2025-09-02,Khulna,1832,0
2025-09-03,Khulna,1733,0
2025-09-04,Khulna,1815,0
2025-09-05,Khulna,1794,0
2025-09-06,Khulna,1913,0
2025-09-07,Khulna,1886,0
2025-09-08,Khulna,1949,0
2025-09-09,Khulna,1779,160
2025-09-10,Khulna,1942,0
2025-09-11,Khulna,1942,0
2025-09-12,Khulna,1766,0
2025-09-13,Khulna,1812,30
2025-09-14,Khulna,1736,0
2025-09-15,Khulna,1646,0
2025-09-16,Khulna,1664,0
2025-09-17,Khulna,1691,0
2025-09-18,Khulna,1852,0
2025-09-19,Khulna,1699,0
2025-09-20,Khulna,1794,0
2025-09-21,Khulna,1935,0
2025-09-22,Khulna,1682,0
2025-09-23,Khulna,1834,0
2025-09-24,Khulna,1896,0
2025-09-26,Khulna,1794,0
2025-09-28,Khulna,1904,45
2025-09-30,Khulna,1822,0
2025-10-01,Khulna,1655,0
2025-10-02,Khulna,1509,0
2025-10-03,Khulna,1539,0
2025-10-05,Khulna,1404,0
2025-10-06,Khulna,1586,0
2025-10-07,Khulna,1649,0
2025-10-08,Khulna,1712,0
2025-10-09,Khulna,1645,0
2025-10-10,Khulna,1420,0
2025-10-11,Khulna,1659,0
2025-10-12,Khulna,1598,105
2025-10-13,Khulna,1612,66
2025-10-14,Khulna,1487,45
2025-10-15,Khulna,1599,55
2025-10-16,Khulna,1606,70
2025-10-17,Khulna,1628,0
2025-10-18,Khulna,1782,15
2025-10-19,Khulna,1641,65
2025-10-20,Khulna,1778,0
2025-10-21,Khulna,1757,0
2025-10-22,Khulna,1698,0
2025-10-23,Khulna,1738,0
2025-10-24,Khulna,1594,0
2025-10-25,Khulna,1682,33
2025-10-26,Khulna,1756,0
2025-10-27,Khulna,1789,0
2025-10-28,Khulna,1721,0
2025-10-29,Khulna,1565,0
2025-10-30,Khulna,1637,0
2025-10-31,Khulna,1580,0
2025-11-01,Khulna,1531,0
2025-11-02,Khulna,1484,0
2025-11-03,Khulna,1489,0
2025-11-04,Khulna,1457,0
2025-11-05,Khulna,1531,0
2025-11-06,Khulna,1471,140
2025-11-07,Khulna,1378,0
2025-11-08,Khulna,1319,0
2025-11-09,Khulna,1277,46
2025-11-10,Khulna,1340,0
2025-11-11,Khulna,1292,0
2025-11-12,Khulna,1246,0
2025-11-13,Khulna,1227,0
2025-11-14,Khulna,1093,0
2025-11-15,Khulna,1178,0
2025-11-16,Khulna,1203,0
2025-11-17,Khulna,1201,0
2025-11-18,Khulna,1276,0
2025-11-19,Khulna,1222,0
2025-11-20,Khulna,1281,0
2025-11-21,Khulna,1118,0
2025-11-22,Khulna,1275,0
2025-11-23,Khulna,1263,0
2025-11-24,Khulna,1252,0
2025-11-25,Khulna,1257,0
2025-11-26,Khulna,1245,0
2025-11-27,Khulna,1252,0
2025-11-28,Khulna,1132,0
2025-11-29,Khulna,1258,0
2025-11-30,Khulna,1266,0
2025-12-01,Khulna,1263,0
2025-12-02,Khulna,1212,0
2025-12-03,Khulna,1242,0
2025-12-04,Khulna,1225,0
2025-12-05,Khulna,1132,0
2025-12-06,Khulna,1218,0
2025-12-07,Khulna,1264,0
2025-12-08,Khulna,1271,0
2025-12-09,Khulna,1260,0
2025-12-10,Khulna,1250,0
2025-12-11,Khulna,1268,0
2025-12-12,Khulna,1084,0
2025-12-13,Khulna,1287,0
2025-12-14,Khulna,1271,0
2025-12-15,Khulna,1266,0
2025-12-16,Khulna,1170,0
2025-12-17,Khulna,1214,0
2025-12-18,Khulna,1271,0
2025-12-19,Khulna,1108,0
2025-12-20,Khulna,1236,0
2025-12-21,Khulna,1251,0
2025-12-22,Khulna,1271,0
2025-12-23,Khulna,1267,0
2025-12-24,Khulna,1243,0
2025-12-25,Khulna,1220,0
2025-12-26,Khulna,1115,0
2025-12-27,Khulna,1231,0
2025-12-29,Khulna,1309,0
2025-12-30,Khulna,1263,0
2025-12-31,Khulna,1217,0
2023-01-01,Mymensingh,761,0
2023-01-02,Mymensingh,769,0
2023-01-03,Mymensingh,785,0
2023-01-04,Mymensingh,822,0
2023-01-05,Mymensingh,821,0
2023-01-06,Mymensingh,774,0
2023-01-07,Mymensingh,818,0
2023-01-08,Mymensingh,822,101
2023-01-09,Mymensingh,790,101
2023-01-10,Mymensingh,848,24
2023-01-11,Mymensingh,844,0
2023-01-12,Mymensingh,870,155
2023-01-13,Mymensingh,826,0
2023-01-14,Mymensingh,856,39
2023-01-15,Mymensingh,864,87
2023-01-16,Mymensingh,878,62
2023-01-17,Mymensingh,889,107
2023-01-18,Mymensingh,963,90
2023-01-19,Mymensingh,868,150
2023-01-20,Mymensingh,895,49
2023-01-21,Mymensingh,929,30
2023-01-22,Mymensingh,929,150
2023-01-23,Mymensingh,866,113
2023-01-24,Mymensingh,936,0
2023-01-25,Mymensingh,937,0
2023-01-26,Mymensingh,940,141
2023-01-27,Mymensingh,881,45
2023-01-28,Mymensingh,917,90
2023-01-29,Mymensingh,916,143
2023-01-30,Mymensingh,922,153
2023-01-31,Mymensingh,919,120
2023-02-01,Mymensingh,924,150
2023-02-02,Mymensingh,934,188
2023-02-03,Mymensingh,913,62
2023-02-04,Mymensingh,960,173
2023-02-05,Mymensingh,925,158
2023-02-06,Mymensingh,927,107
2023-02-07,Mymensingh,947,35
2023-02-08,Mymensingh,954,45
2023-02-09,Mymensingh,973,105
2023-02-10,Mymensingh,890,18
2023-02-11,Mymensingh,934,25
2023-02-12,Mymensingh,895,76
2023-02-13,Mymensingh,944,35
2023-02-14,Mymensingh,982,69
2023-02-15,Mymensingh,1002,210
2023-02-16,Mymensingh,989,40
2023-02-17,Mymensingh,925,22
2023-02-18,Mymensingh,937,0
2023-02-19,Mymensingh,971,75
2023-02-20,Mymensingh,956,56
2023-02-21,Mymensingh,937,0
2023-02-22,Mymensingh,968,10
2023-02-23,Mymensingh,955,0
2023-02-24,Mymensingh,936,0
2023-02-25,Mymensingh,977,75
2023-02-26,Mymensingh,953,0
2023-02-27,Mymensingh,1007,80
2023-02-28,Mymensingh,936,20
2023-03-01,Mymensingh,1020,65
2023-03-02,Mymensingh,1004,43
2023-03-03,Mymensingh,965,0
2023-03-04,Mymensingh,1055,178
2023-03-05,Mymensingh,1074,120
2023-03-06,Mymensingh,1068,52
2023-03-07,Mymensingh,1066,60
2023-03-08,Mymensingh,991,18
2023-03-09,Mymensingh,1098,155
2023-03-10,Mymensingh,1033,30
2023-03-11,Mymensingh,1026,45
2023-03-12,Mymensingh,1090,75
2023-03-13,Mymensingh,1127,105
2023-03-14,Mymensingh,1010,0
2023-03-15,Mymensingh,1056,40
2023-03-16,Mymensingh,1054,32
2023-03-17,Mymensingh,634,0
2023-03-18,Mymensingh,1026,46
2023-03-19,Mymensingh,769,0
2023-03-20,Mymensingh,600,0
2023-03-21,Mymensingh,832,0
2023-03-22,Mymensingh,872,0
2023-03-23,Mymensingh,947,0
2023-03-24,Mymensingh,903,0
2023-03-25,Mymensingh,930,0
2023-03-26,Mymensingh,997,0
2023-03-27,Mymensingh,1043,42
2023-03-28,Mymensingh,1110,75
2023-03-29,Mymensingh,918,0
2023-03-30,Mymensingh,936,25
2023-03-31,Mymensingh,801,0
2023-04-01,Mymensingh,809,0
2023-04-02,Mymensingh,877,0
2023-04-03,Mymensingh,964,0
2023-04-04,Mymensingh,1088,0
2023-04-05,Mymensingh,1055,0
2023-04-06,Mymensingh,1045,17
2023-04-07,Mymensingh,1098,43
2023-04-08,Mymensingh,1048,74
2023-04-09,Mymensingh,1156,70
2023-04-10,Mymensingh,1224,158
2023-04-11,Mymensingh,1160,88
2023-04-12,Mymensingh,1206,123
2023-04-13,Mymensingh,1264,206
2023-04-14,Mymensingh,1177,100
2023-04-15,Mymensingh,1250,195
2023-04-16,Mymensingh,1274,249
2023-04-17,Mymensingh,1257,275
2023-04-18,Mymensingh,1231,200
2023-04-19,Mymensingh,1279,198
2023-04-20,Mymensingh,1003,0
2023-04-21,Mymensingh,1045,0
2023-04-22,Mymensingh,1117,21
2023-04-23,Mymensingh,868,0
2023-04-24,Mymensingh,998,0
2023-04-25,Mymensingh,1101,20
2023-04-26,Mymensingh,1112,0
2023-04-27,Mymensingh,898,0
2023-04-28,Mymensingh,1159,65
2023-04-29,Mymensingh,356,0
2023-04-30,Mymensingh,1033,55
2023-05-01,Mymensingh,1000,0
2023-05-02,Mymensingh,1142,120
2023-05-03,Mymensingh,1078,45
2023-05-04,Mymensingh,842,0
2023-05-05,Mymensingh,1072,0
2023-05-06,Mymensingh,1104,48
2023-05-07,Mymensingh,1105,200
2023-05-08,Mymensingh,1198,284
2023-05-09,Mymensingh,1165,258
2023-05-10,Mymensingh,901,109
2023-05-11,Mymensingh,657,0
2023-05-12,Mymensingh,1055,85
2023-05-13,Mymensingh,1122,190
2023-05-14,Mymensingh,968,173
2023-05-15,Mymensingh,1155,225
2023-05-16,Mymensingh,1081,232
2023-05-17,Mymensingh,905,0
2023-05-18,Mymensingh,938,0
2023-05-19,Mymensingh,966,0
2023-05-20,Mymensingh,1055,140
2023-05-21,Mymensingh,432,0
2023-05-22,Mymensingh,1065,35
2023-05-23,Mymensingh,508,0
2023-05-24,Mymensingh,936,52
2023-05-25,Mymensingh,1063,53
2023-05-26,Mymensingh,1066,50
2023-05-27,Mymensingh,985,0
2023-05-28,Mymensingh,1104,25
2023-05-29,Mymensingh,1085,85
2023-05-30,Mymensingh,1150,63
2023-05-31,Mymensingh,1189,181
2023-06-01,Mymensingh,1181,170
2023-06-02,Mymensingh,1221,50
2023-06-03,Mymensingh,1193,110
2023-06-04,Mymensingh,1234,65
2023-06-05,Mymensingh,1256,116
2023-06-06,Mymensingh,1179,230
2023-06-07,Mymensingh,1126,220
2023-06-08,Mymensingh,1169,152
2023-06-09,Mymensingh,968,0
2023-06-10,Mymensingh,1125,0
2023-06-11,Mymensingh,1137,107
2023-06-12,Mymensingh,1058,120
2023-06-13,Mymensingh,1107,110
2023-06-14,Mymensingh,1019,68
2023-06-15,Mymensingh,486,0
2023-06-16,Mymensingh,695,0
2023-06-17,Mymensingh,717,0
2023-06-18,Mymensingh,958,90
2023-06-19,Mymensingh,925,50
2023-06-20,Mymensingh,993,0
2023-06-21,Mymensingh,936,0
2023-06-22,Mymensingh,1045,40
2023-06-23,Mymensingh,1074,103
2023-06-24,Mymensingh,1144,144
2023-06-25,Mymensingh,1173,164
2023-06-26,Mymensingh,1113,30
2023-06-27,Mymensingh,995,0
2023-06-28,Mymensingh,925,0
2023-06-29,Mymensingh,985,0
2023-06-30,Mymensingh,826,0
2023-07-01,Mymensingh,929,0
2023-07-02,Mymensingh,920,0
2023-07-03,Mymensingh,1007,0
2023-07-04,Mymensingh,1101,0
2023-07-05,Mymensingh,1137,0
2023-07-06,Mymensingh,1085,0
2023-07-07,Mymensingh,1083,0
2023-07-08,Mymensingh,1107,0
2023-07-09,Mymensingh,1213,120
2023-07-10,Mymensingh,1131,80
2023-07-11,Mymensingh,1192,97
2023-07-12,Mymensingh,1120,116
2023-07-13,Mymensingh,1203,154
2023-07-14,Mymensingh,1110,55
2023-07-15,Mymensingh,1128,0
2023-07-16,Mymensingh,1136,73
2023-07-17,Mymensingh,1214,144
2023-07-18,Mymensingh,1180,150
2023-07-19,Mymensingh,1239,200
2023-07-20,Mymensingh,1105,177
2023-07-21,Mymensingh,1137,15
2023-07-22,Mymensingh,1213,120
2023-07-23,Mymensingh,1145,105
2023-07-24,Mymensingh,1182,107
2023-07-25,Mymensingh,1227,210
2023-07-26,Mymensingh,1201,100
2023-07-27,Mymensingh,1245,193
2023-07-28,Mymensingh,1197,23
2023-07-29,Mymensingh,1221,52
2023-07-30,Mymensingh,1233,100
2023-07-31,Mymensingh,1288,170
2023-08-01,Mymensingh,1107,0
2023-08-02,Mymensingh,1196,105
2023-08-03,Mymensingh,1217,84
2023-08-04,Mymensingh,1129,0
2023-08-05,Mymensingh,1155,75
2023-08-06,Mymensingh,1122,15
2023-08-07,Mymensingh,982,0
2023-08-08,Mymensingh,1087,0
2023-08-09,Mymensingh,1158,50
2023-08-10,Mymensingh,1136,78
2023-08-11,Mymensingh,1151,0
2023-08-12,Mymensingh,1043,60
2023-08-13,Mymensingh,1042,0
2023-08-14,Mymensingh,1193,102
2023-08-15,Mymensingh,1190,20
2023-08-16,Mymensingh,1201,160
2023-08-17,Mymensingh,1215,114
2023-08-18,Mymensingh,1230,79
2023-08-19,Mymensingh,1204,90
2023-08-20,Mymensingh,1233,150
2023-08-21,Mymensingh,1202,90
2023-08-22,Mymensingh,1214,217
2023-08-23,Mymensingh,1185,115
2023-08-24,Mymensingh,1155,41
2023-08-25,Mymensingh,1049,0
2023-08-26,Mymensingh,1138,10
2023-08-27,Mymensingh,1160,65
2023-08-28,Mymensingh,1152,50
2023-08-29,Mymensingh,1186,51
2023-08-30,Mymensingh,1243,80
2023-08-31,Mymensingh,1225,85
2023-09-01,Mymensingh,1253,70
2023-09-02,Mymensingh,1272,125
2023-09-03,Mymensingh,1230,100
2023-09-04,Mymensingh,1212,130
2023-09-05,Mymensingh,1229,145
2023-09-06,Mymensingh,1177,222
2023-09-07,Mymensingh,1064,10
2023-09-08,Mymensingh,1143,39
2023-09-09,Mymensingh,1196,45
2023-09-10,Mymensingh,1278,300
2023-09-11,Mymensingh,1247,138
2023-09-12,Mymensingh,1222,130
2023-09-13,Mymensingh,1234,86
2023-09-14,Mymensingh,1209,90
2023-09-15,Mymensingh,1234,48
2023-09-16,Mymensingh,1299,138
2023-09-17,Mymensingh,1233,245
2023-09-18,Mymensingh,1221,122
2023-09-19,Mymensingh,1138,132
2023-09-20,Mymensingh,1092,44
2023-09-21,Mymensingh,905,0
2023-09-22,Mymensingh,981,0
2023-09-23,Mymensingh,1055,37
2023-09-24,Mymensingh,1028,0
2023-09-25,Mymensingh,1162,64
2023-09-26,Mymensingh,1209,48
2023-09-27,Mymensingh,1211,75
2023-09-28,Mymensingh,1234,100
2023-09-29,Mymensingh,1113,30
2023-09-30,Mymensingh,1205,100
2023-10-01,Mymensingh,1178,80
2023-10-02,Mymensingh,1161,45
2023-10-03,Mymensingh,1071,20
2023-10-04,Mymensingh,1023,20
2023-10-05,Mymensingh,553,0
2023-10-06,Mymensingh,818,0
2023-10-07,Mymensingh,1024,0
2023-10-08,Mymensingh,1161,27
2023-10-09,Mymensingh,1064,0
2023-10-10,Mymensingh,1087,0
2023-10-11,Mymensingh,1162,21
2023-10-12,Mymensingh,1169,64
2023-10-13,Mymensingh,1061,0
2023-10-14,Mymensingh,1085,77
2023-10-15,Mymensingh,1076,10
2023-10-16,Mymensingh,1086,0
2023-10-17,Mymensingh,1093,0
2023-10-18,Mymensingh,1057,0
2023-10-19,Mymensingh,1018,18
2023-10-20,Mymensingh,967,30
2023-10-21,Mymensingh,1035,50
2023-10-22,Mymensingh,1009,0
2023-10-23,Mymensingh,906,0
2023-10-24,Mymensingh,919,0
2023-10-25,Mymensingh,1002,15
2023-10-26,Mymensingh,977,25
2023-10-27,Mymensingh,884,0
2023-10-28,Mymensingh,863,0
2023-10-29,Mymensingh,927,0
2023-10-30,Mymensingh,930,0
2023-10-31,Mymensingh,989,0
2023-11-01,Mymensingh,1006,10
2023-11-02,Mymensingh,984,0
2023-11-03,Mymensingh,846,0
2023-11-04,Mymensingh,972,0
2023-11-05,Mymensingh,932,0
2023-11-06,Mymensingh,918,0
2023-11-07,Mymensingh,857,0
2023-11-08,Mymensingh,858,0
2023-11-09,Mymensingh,890,0
2023-11-10,Mymensingh,766,0
2023-11-11,Mymensingh,896,0
2023-11-12,Mymensingh,860,0
2023-11-13,Mymensingh,891,0
2023-11-14,Mymensingh,861,0
2023-11-15,Mymensingh,863,0
2023-11-16,Mymensingh,757,0
2023-11-17,Mymensingh,619,0
2023-11-18,Mymensingh,783,0
2023-11-19,Mymensingh,844,0
2023-11-20,Mymensingh,813,0
2023-11-21,Mymensingh,814,0
2023-11-22,Mymensingh,795,0
2023-11-23,Mymensingh,804,0
2023-11-24,Mymensingh,693,0
2023-11-25,Mymensingh,812,0
2023-11-26,Mymensingh,800,0
2023-11-27,Mymensingh,813,0
2023-11-28,Mymensingh,813,0
2023-11-29,Mymensingh,784,0
2023-11-30,Mymensingh,800,0
2023-12-01,Mymensingh,694,0
2023-12-02,Mymensingh,799,0
2023-12-03,Mymensingh,790,0
2023-12-04,Mymensingh,779,0
2023-12-05,Mymensingh,782,0
2023-12-06,Mymensingh,751,0
2023-12-07,Mymensingh,669,0
2023-12-08,Mymensingh,679,0
2023-12-09,Mymensingh,764,0
2023-12-10,Mymensingh,742,0
2023-12-11,Mymensingh,750,0
2023-12-12,Mymensingh,746,0
2023-12-13,Mymensingh,767,0
2023-12-14,Mymensingh,767,0
2023-12-15,Mymensingh,721,0
2023-12-16,Mymensingh,715,0
2023-12-17,Mymensingh,753,0
2023-12-18,Mymensingh,765,0
2023-12-19,Mymensingh,765,0
2023-12-20,Mymensingh,769,0
2023-12-21,Mymensingh,760,0
2023-12-22,Mymensingh,718,0
2023-12-23,Mymensingh,781,0
2023-12-24,Mymensingh,774,0
2023-12-25,Mymensingh,761,0
2023-12-26,Mymensingh,765,0
2023-12-27,Mymensingh,783,0
2023-12-28,Mymensingh,792,0
2023-12-29,Mymensingh,784,0
2023-12-30,Mymensingh,770,0
2023-12-31,Mymensingh,792,0
2024-01-01,Mymensingh,773,0
2024-01-02,Mymensingh,790,0
2024-01-03,Mymensingh,800,0
2024-01-04,Mymensingh,794,0
2024-01-05,Mymensingh,779,0
2024-01-06,Mymensingh,784,0
2024-01-07,Mymensingh,695,0
2024-01-08,Mymensingh,797,0
2024-01-09,Mymensingh,813,0
2024-01-10,Mymensingh,848,0
2024-01-11,Mymensingh,858,0
2024-01-12,Mymensingh,811,0
2024-01-13,Mymensingh,895,0
2024-01-14,Mymensingh,879,0
2024-01-15,Mymensingh,881,0
2024-01-16,Mymensingh,874,0
2024-01-17,Mymensingh,878,0
2024-01-18,Mymensingh,891,0
2024-01-19,Mymensingh,848,0
2024-01-20,Mymensingh,868,0
2024-01-21,Mymensingh,817,0
2024-01-22,Mymensingh,883,0
2024-01-23,Mymensingh,848,0
2024-01-24,Mymensingh,809,0
2024-01-25,Mymensingh,883,0
2024-01-26,Mymensingh,779,0
2024-01-27,Mymensingh,863,0
2024-01-28,Mymensingh,854,0
2024-01-29,Mymensingh,900,0
2024-01-30,Mymensingh,886,0
2024-01-31,Mymensingh,887,0
2024-02-01,Mymensingh,890,0
2024-02-02,Mymensingh,846,0
2024-02-03,Mymensingh,890,0
2024-02-04,Mymensingh,904,0
2024-02-05,Mymensingh,878,0
2024-02-06,Mymensingh,862,0
2024-02-07,Mymensingh,945,0
2024-02-08,Mymensingh,891,64
2024-02-09,Mymensingh,890,60
2024-02-10,Mymensingh,925,20
2024-02-11,Mymensingh,971,92
2024-02-12,Mymensingh,954,0
2024-02-13,Mymensingh,989,90
2024-02-14,Mymensingh,969,60
2024-02-15,Mymensingh,962,72
2024-02-16,Mymensingh,958,68
2024-02-17,Mymensingh,993,117
2024-02-18,Mymensingh,1012,123
2024-02-19,Mymensingh,1025,156
2024-02-20,Mymensingh,1004,135
2024-02-21,Mymensingh,910,0
2024-02-22,Mymensingh,839,0
2024-02-23,Mymensingh,844,0
2024-02-24,Mymensingh,923,0
2024-02-25,Mymensingh,861,0
2024-02-26,Mymensingh,858,0
2024-02-27,Mymensingh,968,32
2024-02-28,Mymensingh,967,20
2024-02-29,Mymensingh,950,50
2024-03-01,Mymensingh,944,18
2024-03-02,Mymensingh,1002,55
2024-03-03,Mymensingh,1015,92
2024-03-04,Mymensingh,975,25
2024-03-05,Mymensingh,1023,99
2024-03-06,Mymensingh,1018,49
2024-03-07,Mymensingh,1006,83
2024-03-08,Mymensingh,968,39
2024-03-09,Mymensingh,1022,76
2024-03-10,Mymensingh,1031,0
2024-03-11,Mymensingh,1086,149
2024-03-12,Mymensingh,1078,90
2024-03-13,Mymensingh,1084,152
2024-03-14,Mymensingh,1119,90
2024-03-15,Mymensingh,1118,80
2024-03-16,Mymensingh,1070,25
2024-03-17,Mymensingh,1164,72
2024-03-18,Mymensingh,1201,90
2024-03-19,Mymensingh,947,0
2024-03-20,Mymensingh,822,0
2024-03-21,Mymensingh,946,0
2024-03-22,Mymensingh,945,0
2024-03-23,Mymensingh,511,0
2024-03-24,Mymensingh,908,0
2024-03-25,Mymensingh,1077,20
2024-03-26,Mymensingh,972,0
2024-03-27,Mymensingh,991,0
2024-03-28,Mymensingh,1126,41
2024-03-29,Mymensingh,1177,58
2024-03-30,Mymensingh,1204,66
2024-03-31,Mymensingh,1098,40
2024-04-01,Mymensingh,1205,70
2024-04-02,Mymensingh,1247,190
2024-04-03,Mymensingh,1255,180
2024-04-04,Mymensingh,1274,192
2024-04-05,Mymensingh,1256,150
2024-04-06,Mymensingh,1273,180
2024-04-07,Mymensingh,1188,115
2024-04-08,Mymensingh,1172,96
2024-04-09,Mymensingh,1169,0
2024-04-10,Mymensingh,1151,0
2024-04-11,Mymensingh,1051,0
2024-04-12,Mymensingh,1149,0
2024-04-13,Mymensingh,1172,35
2024-04-14,Mymensingh,983,111
2024-04-15,Mymensingh,1210,65
2024-04-16,Mymensingh,1065,0
2024-04-17,Mymensingh,1030,0
2024-04-18,Mymensingh,1246,140
2024-04-19,Mymensingh,1244,132
2024-04-20,Mymensingh,1378,200
2024-04-21,Mymensingh,1314,150
2024-04-22,Mymensingh,1402,170
2024-04-23,Mymensingh,1425,300
2024-04-24,Mymensingh,1463,350
2024-04-25,Mymensingh,1387,200
2024-04-26,Mymensingh,1363,145
2024-04-27,Mymensingh,1422,238
2024-04-28,Mymensingh,1407,260
2024-04-29,Mymensingh,1436,275
2024-04-30,Mymensingh,1422,220
2024-05-01,Mymensingh,1359,115
2024-05-02,Mymensingh,1368,195
2024-05-03,Mymensingh,1356,139
2024-05-04,Mymensingh,958,90
2024-05-05,Mymensingh,849,0
2024-05-06,Mymensingh,901,0
2024-05-07,Mymensingh,1125,0
2024-05-08,Mymensingh,1028,0
2024-05-09,Mymensingh,908,0
2024-05-10,Mymensingh,1020,0
2024-05-11,Mymensingh,1111,0
2024-05-12,Mymensingh,1150,35
2024-05-13,Mymensingh,1175,80
2024-05-14,Mymensingh,1247,128
2024-05-15,Mymensingh,1232,179
2024-05-16,Mymensingh,1323,180
2024-05-17,Mymensingh,1282,90
2024-05-18,Mymensingh,1128,0
2024-05-19,Mymensingh,965,0
2024-05-20,Mymensingh,1138,50
2024-05-23,Mymensingh,1267,150
2024-05-24,Mymensingh,1288,145
2024-05-25,Mymensingh,1252,190
2024-05-27,Mymensingh,991,25
2024-05-28,Mymensingh,56,0
2024-05-29,Mymensingh,840,0
2024-05-30,Mymensingh,1195,45
2024-05-31,Mymensingh,1155,69
2024-06-01,Mymensingh,1238,210
2024-06-02,Mymensingh,1205,105
2024-06-03,Mymensingh,1143,85
2024-06-04,Mymensingh,1187,97
2024-06-05,Mymensingh,1179,140
2024-06-06,Mymensingh,1155,160
2024-06-07,Mymensingh,1184,125
2024-06-08,Mymensingh,1226,190
2024-06-10,Mymensingh,1262,110
2024-06-11,Mymensingh,1309,285
2024-06-12,Mymensingh,1249,239
2024-06-13,Mymensingh,1156,97
2024-06-14,Mymensingh,1109,80
2024-06-15,Mymensingh,1072,0
2024-06-16,Mymensingh,1094,0
2024-06-17,Mymensingh,1130,0
2024-06-18,Mymensingh,914,0
2024-06-19,Mymensingh,847,0
2024-06-20,Mymensingh,949,0
2024-06-21,Mymensingh,1137,0
2024-06-22,Mymensingh,1126,0
2024-06-23,Mymensingh,1168,60
2024-06-24,Mymensingh,1219,160
2024-06-25,Mymensingh,1205,210
2024-06-26,Mymensingh,1150,90
2024-06-27,Mymensingh,1138,125
2024-06-28,Mymensingh,1143,130
2024-06-29,Mymensingh,1143,130
2024-06-30,Mymensingh,1003,0
2024-07-01,Mymensingh,1077,63
2024-07-02,Mymensingh,1135,68
2024-07-03,Mymensingh,1129,160
2024-07-04,Mymensingh,1184,111
2024-07-05,Mymensingh,1133,0
2024-07-06,Mymensingh,1134,10
2024-07-07,Mymensingh,1219,170
2024-07-08,Mymensingh,1190,115
2024-07-09,Mymensingh,1185,115
2024-07-10,Mymensingh,1231,200
2024-07-11,Mymensingh,1066,110
2024-07-12,Mymensingh,1131,0
2024-07-13,Mymensingh,1239,190
2024-07-14,Mymensingh,1225,180
2024-07-15,Mymensingh,1249,160
2024-07-16,Mymensingh,1219,180
2024-07-17,Mymensingh,1180,125
2024-07-23,Mymensingh,1207,0
2024-07-24,Mymensingh,1223,107
2024-07-25,Mymensingh,1219,120
2024-07-26,Mymensingh,1236,190
2024-07-27,Mymensingh,1238,175
2024-07-28,Mymensingh,1293,290
2024-07-29,Mymensingh,1294,270
2024-07-30,Mymensingh,1300,220
2024-07-31,Mymensingh,1245,175
2024-08-01,Mymensingh,839,0
2024-08-02,Mymensingh,1012,0
2024-08-03,Mymensingh,1056,0
2024-08-04,Mymensingh,1131,0
2024-08-05,Mymensingh,1131,0
2024-08-06,Mymensingh,1117,0
2024-08-07,Mymensingh,1209,0
2024-08-08,Mymensingh,1151,0
2024-08-09,Mymensingh,1148,40
2024-08-10,Mymensingh,1193,80
2024-08-11,Mymensingh,1224,200
2024-08-12,Mymensingh,1231,205
2024-08-13,Mymensingh,1197,187
2024-08-14,Mymensingh,1263,180
2024-08-15,Mymensingh,1290,224
2024-08-16,Mymensingh,1171,108
2024-08-17,Mymensingh,1219,221
2024-08-18,Mymensingh,1197,125
2024-08-19,Mymensingh,1065,35
2024-08-20,Mymensingh,952,0
2024-08-21,Mymensingh,1079,15
2024-08-22,Mymensingh,1006,0
2024-08-23,Mymensingh,1098,27
2024-08-24,Mymensingh,1188,125
2024-08-25,Mymensingh,1155,100
2024-08-26,Mymensingh,1166,80
2024-08-27,Mymensingh,1226,120
2024-08-28,Mymensingh,1239,190
2024-08-29,Mymensingh,1184,190
2024-08-30,Mymensingh,1217,130
2024-08-31,Mymensingh,1271,245
2024-09-01,Mymensingh,1275,265
2024-09-02,Mymensingh,1249,260
2024-09-03,Mymensingh,1221,200
2024-09-04,Mymensingh,1218,190
2024-09-05,Mymensingh,1294,300
2024-09-06,Mymensingh,1241,157
2024-09-07,Mymensingh,1282,257
2024-09-08,Mymensingh,1299,260
2024-09-09,Mymensingh,1313,310
2024-09-10,Mymensingh,1309,215
2024-09-11,Mymensingh,1307,200
2024-09-12,Mymensingh,1255,170
2024-09-13,Mymensingh,1205,100
2024-09-14,Mymensingh,1084,0
2024-09-15,Mymensingh,997,0
2024-09-16,Mymensingh,1188,66
2024-09-17,Mymensingh,1247,160
2024-09-18,Mymensingh,1224,134
2024-09-19,Mymensingh,1278,195
2024-09-20,Mymensingh,1333,276
2024-09-21,Mymensingh,836,0
2024-09-22,Mymensingh,1294,190
2024-09-23,Mymensingh,1279,200
2024-09-24,Mymensingh,1239,134
2024-09-25,Mymensingh,987,0
2024-09-26,Mymensingh,942,0
2024-09-27,Mymensingh,1009,0
2024-09-28,Mymensingh,1149,100
2024-09-29,Mymensingh,1241,185
2024-09-30,Mymensingh,1271,210
2024-10-01,Mymensingh,1197,130
2024-10-02,Mymensingh,1322,200
2024-10-03,Mymensingh,1045,0
2024-10-05,Mymensingh,1021,0
2024-10-06,Mymensingh,1088,52
2024-10-07,Mymensingh,1110,90
2024-10-08,Mymensingh,1079,0
2024-10-09,Mymensingh,1084,0
2024-10-10,Mymensingh,1173,72
2024-10-11,Mymensingh,1067,0
2024-10-12,Mymensingh,1177,57
2024-10-13,Mymensingh,1166,40
2024-10-14,Mymensingh,1156,59
2024-10-15,Mymensingh,1132,61
2024-10-16,Mymensingh,1204,157
2024-10-17,Mymensingh,1027,0
2024-10-18,Mymensingh,873,0
2024-10-19,Mymensingh,1057,15
2024-10-20,Mymensingh,1075,38
2024-10-21,Mymensingh,1112,78
2024-10-22,Mymensingh,1167,115
2024-10-23,Mymensingh,1081,37
2024-10-24,Mymensingh,816,0
2024-10-25,Mymensingh,943,0
2024-10-26,Mymensingh,1103,122
2024-10-27,Mymensingh,1104,50
2024-10-28,Mymensingh,1112,165
2024-10-29,Mymensingh,1057,130
2024-10-30,Mymensingh,1070,110
2024-10-31,Mymensingh,1092,136
2024-11-01,Mymensingh,1008,0
2024-11-02,Mymensingh,1051,0
2024-11-03,Mymensingh,1054,41
2024-11-04,Mymensingh,1028,45
2024-11-05,Mymensingh,1029,67
2024-11-06,Mymensingh,1000,25
2024-11-07,Mymensingh,1011,0
2024-11-08,Mymensingh,968,0
2024-11-09,Mymensingh,942,0
2024-11-10,Mymensingh,908,0
2024-11-11,Mymensingh,902,0
2024-11-12,Mymensingh,915,0
2024-11-13,Mymensingh,964,0
2024-11-14,Mymensingh,866,0
2024-11-15,Mymensingh,1092,136
2024-11-16,Mymensingh,922,0
2024-11-17,Mymensingh,871,0
2024-11-18,Mymensingh,890,0
2024-11-19,Mymensingh,867,0
2024-11-20,Mymensingh,851,0
2024-11-21,Mymensingh,850,0
2024-11-22,Mymensingh,772,0
2024-11-23,Mymensingh,803,0
2024-11-24,Mymensingh,834,0
2024-11-25,Mymensingh,809,0
2024-11-26,Mymensingh,845,0
2024-11-27,Mymensingh,849,0
2024-11-28,Mymensingh,840,0
2024-11-29,Mymensingh,738,0
2024-11-30,Mymensingh,859,0
2024-12-01,Mymensingh,862,0
2024-12-02,Mymensingh,850,0
2024-12-03,Mymensingh,857,0
2024-12-04,Mymensingh,802,0
2024-12-05,Mymensingh,842,0
2024-12-06,Mymensingh,757,0
2024-12-07,Mymensingh,855,0
2024-12-08,Mymensingh,825,0
2024-12-09,Mymensingh,842,0
2024-12-10,Mymensingh,878,0
2024-12-11,Mymensingh,823,0
2024-12-13,Mymensingh,781,0
2024-12-14,Mymensingh,807,0
2024-12-15,Mymensingh,851,0
2024-12-16,Mymensingh,801,0
2024-12-17,Mymensingh,835,0
2024-12-18,Mymensingh,813,0
2024-12-19,Mymensingh,855,0
2024-12-20,Mymensingh,778,0
2024-12-21,Mymensingh,853,0
2024-12-22,Mymensingh,841,0
2024-12-23,Mymensingh,873,0
2024-12-24,Mymensingh,869,0
2024-12-25,Mymensingh,864,0
2024-12-26,Mymensingh,863,0
2024-12-27,Mymensingh,750,0
2024-12-28,Mymensingh,838,0
2024-12-29,Mymensingh,829,0
2024-12-30,Mymensingh,855,0
2024-12-31,Mymensingh,869,0
2025-01-01,Mymensingh,823,0
2025-01-02,Mymensingh,824,0
2025-01-03,Mymensingh,802,0
2025-01-04,Mymensingh,842,67
2025-01-05,Mymensingh,910,44
2025-01-06,Mymensingh,867,0
2025-01-07,Mymensingh,870,0
2025-01-08,Mymensingh,865,0
2025-01-09,Mymensingh,865,0
2025-01-10,Mymensingh,833,0
2025-01-11,Mymensingh,920,0
2025-01-12,Mymensingh,927,0
2025-01-13,Mymensingh,907,0
2025-01-14,Mymensingh,906,0
2025-01-15,Mymensingh,962,0
2025-01-16,Mymensingh,914,0
2025-01-17,Mymensingh,882,0
2025-01-18,Mymensingh,953,22
2025-01-19,Mymensingh,945,0
2025-01-20,Mymensingh,923,10
2025-01-21,Mymensingh,951,25
2025-01-22,Mymensingh,958,65
2025-01-23,Mymensingh,947,48
2025-01-24,Mymensingh,921,0
2025-01-25,Mymensingh,974,0
2025-01-26,Mymensingh,992,70
2025-01-27,Mymensingh,960,57
2025-01-28,Mymensingh,970,65
2025-01-29,Mymensingh,1016,82
2025-01-30,Mymensingh,988,83
2025-01-31,Mymensingh,892,0
2025-02-01,Mymensingh,972,0
2025-02-02,Mymensingh,982,0
2025-02-03,Mymensingh,989,31
2025-02-05,Mymensingh,994,90
2025-02-06,Mymensingh,982,74
2025-02-07,Mymensingh,932,30
2025-02-08,Mymensingh,991,70
2025-02-09,Mymensingh,1012,50
2025-02-10,Mymensingh,987,42
2025-02-11,Mymensingh,986,85
2025-02-12,Mymensingh,981,60
2025-02-13,Mymensingh,1041,122
2025-02-15,Mymensingh,944,0
2025-02-16,Mymensingh,1010,0
2025-02-17,Mymensingh,1029,102
2025-02-18,Mymensingh,1025,90
2025-02-19,Mymensingh,1000,60
2025-02-20,Mymensingh,1036,92
2025-02-21,Mymensingh,927,0
2025-02-22,Mymensingh,861,0
2025-02-23,Mymensingh,940,46
2025-02-24,Mymensingh,1028,110
2025-02-25,Mymensingh,1029,0
2025-02-26,Mymensingh,1032,83
2025-02-27,Mymensingh,974,89
2025-02-28,Mymensingh,991,67
2025-03-01,Mymensingh,1086,0
2025-03-02,Mymensingh,1050,22
2025-03-03,Mymensingh,1017,0
2025-03-04,Mymensingh,1038,0
2025-03-05,Mymensingh,991,0
2025-03-06,Mymensingh,1025,0
2025-03-07,Mymensingh,955,0
2025-03-08,Mymensingh,1027,0
2025-03-09,Mymensingh,1048,0
2025-03-10,Mymensingh,1041,0
2025-03-11,Mymensingh,1044,0
2025-03-12,Mymensingh,1058,0
2025-03-13,Mymensingh,1131,0
2025-03-14,Mymensingh,1154,0
2025-03-15,Mymensingh,1247,14
2025-03-16,Mymensingh,1248,113
2025-03-17,Mymensingh,1125,0
2025-03-18,Mymensingh,1109,0
2025-03-19,Mymensingh,1199,0
2025-03-20,Mymensingh,1078,0
2025-03-21,Mymensingh,870,0
2025-03-22,Mymensingh,983,0
2025-03-23,Mymensingh,1055,0
2025-03-24,Mymensingh,1119,0
2025-03-25,Mymensingh,1121,0
2025-03-26,Mymensingh,1234,0
2025-03-27,Mymensingh,1258,0
2025-03-28,Mymensingh,1322,0
2025-03-30,Mymensingh,1258,0
2025-03-31,Mymensingh,1223,0
2025-04-01,Mymensingh,1257,0
2025-04-02,Mymensingh,1272,0
2025-04-03,Mymensingh,1275,0
2025-04-04,Mymensingh,1160,0
2025-04-05,Mymensingh,1232,0
2025-04-06,Mymensingh,1332,0
2025-04-07,Mymensingh,1274,50
2025-04-08,Mymensingh,1323,66
2025-04-09,Mymensingh,1335,39
2025-04-10,Mymensingh,1154,0
2025-04-11,Mymensingh,1231,0
2025-04-12,Mymensingh,1305,0
2025-04-13,Mymensingh,1171,0
2025-04-14,Mymensingh,1298,20
2025-04-15,Mymensingh,1262,35
2025-04-16,Mymensingh,875,0
2025-04-17,Mymensingh,983,0
2025-04-18,Mymensingh,1062,0
2025-04-19,Mymensingh,1166,35
2025-04-20,Mymensingh,1235,62
2025-04-21,Mymensingh,1168,0
2025-04-22,Mymensingh,1020,30
2025-04-23,Mymensingh,1250,50
2025-04-24,Mymensingh,1245,60
2025-04-25,Mymensingh,1298,74
2025-04-26,Mymensingh,1303,210
2025-04-27,Mymensingh,1185,96
2025-04-28,Mymensingh,1021,0
2025-04-29,Mymensingh,1154,0
2025-04-30,Mymensingh,1042,0
2025-05-01,Mymensingh,890,0
2025-05-02,Mymensingh,1198,0
2025-05-03,Mymensingh,1257,0
2025-05-04,Mymensingh,1195,0
2025-05-05,Mymensingh,1208,25
2025-05-06,Mymensingh,1191,0
2025-05-07,Mymensingh,1286,25
2025-05-08,Mymensingh,1337,68
2025-05-09,Mymensingh,1285,60
2025-05-10,Mymensingh,1432,272
2025-05-11,Mymensingh,1075,0
2025-05-12,Mymensingh,1080,0
2025-05-13,Mymensingh,1190,38
2025-05-14,Mymensingh,1222,70
2025-05-15,Mymensingh,1150,25
2025-05-16,Mymensingh,798,0
2025-05-17,Mymensingh,1067,0
2025-05-18,Mymensingh,1203,40
2025-05-19,Mymensingh,1083,0
2025-05-20,Mymensingh,993,0
2025-05-21,Mymensingh,1068,17
2025-05-22,Mymensingh,1164,0
2025-05-23,Mymensingh,1168,14
2025-05-24,Mymensingh,1141,0
2025-05-25,Mymensingh,1100,25
2025-05-26,Mymensingh,1238,19
2025-05-27,Mymensingh,1266,45
2025-05-28,Mymensingh,1224,10
2025-05-29,Mymensingh,514,0
2025-05-30,Mymensingh,994,0
2025-05-31,Mymensingh,998,0
2025-06-01,Mymensingh,1070,0
2025-06-02,Mymensingh,1154,47
2025-06-03,Mymensingh,1174,0
2025-06-04,Mymensingh,1167,0
2025-06-05,Mymensingh,1129,0
2025-06-07,Mymensingh,1157,0
2025-06-08,Mymensingh,1093,0
2025-06-09,Mymensingh,1283,0
2025-06-10,Mymensingh,1321,0
2025-06-11,Mymensingh,1296,0
2025-06-12,Mymensingh,1336,0
2025-06-13,Mymensingh,1356,10
2025-06-14,Mymensingh,1260,0
2025-06-15,Mymensingh,1289,0
2025-06-16,Mymensingh,1094,0
2025-06-17,Mymensingh,1193,0
2025-06-18,Mymensingh,1150,0
2025-06-19,Mymensingh,1093,0
2025-06-20,Mymensingh,1122,0
2025-06-21,Mymensingh,1231,0
2025-06-22,Mymensingh,1153,0
2025-06-23,Mymensingh,1236,0
2025-06-24,Mymensingh,1241,28
2025-06-25,Mymensingh,1147,30
2025-06-27,Mymensingh,1202,0
2025-06-28,Mymensingh,1253,0
2025-06-29,Mymensingh,1238,0
2025-06-30,Mymensingh,1229,40
2025-07-01,Mymensingh,1251,90
2025-07-03,Mymensingh,1242,20
2025-07-04,Mymensingh,1163,0
2025-07-06,Mymensingh,1230,50
2025-07-07,Mymensingh,1191,0
2025-07-08,Mymensingh,1052,0
2025-07-09,Mymensingh,967,0
2025-07-10,Mymensingh,1095,0
2025-07-11,Mymensingh,1261,0
2025-07-12,Mymensingh,1348,20
2025-07-13,Mymensingh,1298,0
2025-07-14,Mymensingh,1163,0
2025-07-15,Mymensingh,1126,0
2025-07-16,Mymensingh,1167,0
2025-07-17,Mymensingh,1147,0
2025-07-18,Mymensingh,1259,0
2025-07-19,Mymensingh,1286,20
2025-07-21,Mymensingh,1298,30
2025-07-23,Mymensingh,1318,64
2025-07-24,Mymensingh,1297,0
2025-07-25,Mymensingh,1069,0
2025-07-26,Mymensingh,1288,0
2025-07-27,Mymensingh,1218,0
2025-07-28,Mymensingh,1202,0
2025-07-29,Mymensingh,1248,0
2025-07-30,Mymensingh,1230,0
2025-07-31,Mymensingh,1149,0
2025-08-01,Mymensingh,1189,0
2025-08-02,Mymensingh,1131,0
2025-08-04,Mymensingh,1236,0
2025-08-05,Mymensingh,1097,0
2025-08-06,Mymensingh,1111,25
2025-08-07,Mymensingh,1127,0
2025-08-08,Mymensingh,1108,0
2025-08-09,Mymensingh,1151,0
2025-08-10,Mymensingh,1236,10
2025-08-11,Mymensingh,1296,75
2025-08-12,Mymensingh,1245,0
2025-08-13,Mymensingh,1148,0
2025-08-14,Mymensingh,1229,0
2025-08-15,Mymensingh,1195,0
2025-08-16,Mymensingh,1313,21
2025-08-17,Mymensingh,1334,90
2025-08-18,Mymensingh,1300,107
2025-08-19,Mymensingh,1198,6
2025-08-20,Mymensingh,1213,0
2025-08-21,Mymensingh,1160,0
2025-08-22,Mymensingh,1106,0
2025-08-23,Mymensingh,1127,0
2025-08-24,Mymensingh,1175,0
2025-08-25,Mymensingh,1295,74
2025-08-26,Mymensingh,1260,74
2025-08-27,Mymensingh,1261,0
2025-08-28,Mymensingh,1206,0
2025-08-29,Mymensingh,1147,0
2025-08-30,Mymensingh,1214,0
2025-08-31,Mymensingh,1267,30
2025-09-01,Mymensingh,1229,100
2025-09-02,Mymensingh,1244,108
2025-09-03,Mymensingh,1260,131
2025-09-04,Mymensingh,1253,122
2025-09-05,Mymensingh,1244,44
2025-09-06,Mymensingh,1266,45
2025-09-07,Mymensingh,1218,52
2025-09-08,Mymensingh,1187,135
2025-09-09,Mymensingh,1286,185
2025-09-10,Mymensingh,1242,112
2025-09-11,Mymensingh,1242,112
2025-09-12,Mymensingh,1252,99
2025-09-13,Mymensingh,1207,126
2025-09-14,Mymensingh,1137,136
2025-09-15,Mymensingh,1048,98
2025-09-16,Mymensingh,971,51
2025-09-17,Mymensingh,1062,81
2025-09-18,Mymensingh,1121,119
2025-09-19,Mymensingh,1112,57
2025-09-20,Mymensingh,1216,133
2025-09-21,Mymensingh,1237,141
2025-09-22,Mymensingh,1188,144
2025-09-23,Mymensingh,1266,215
2025-09-24,Mymensingh,1163,150
2025-09-26,Mymensingh,1255,102
2025-09-28,Mymensingh,1216,120
2025-09-30,Mymensingh,1196,88
2025-10-01,Mymensingh,1160,0
2025-10-02,Mymensingh,1066,0
2025-10-03,Mymensingh,962,0
2025-10-05,Mymensingh,735,0
2025-10-06,Mymensingh,1141,0
2025-10-07,Mymensingh,1093,41
2025-10-08,Mymensingh,1118,64
2025-10-09,Mymensingh,1148,62
2025-10-10,Mymensingh,1079,25
2025-10-11,Mymensingh,1054,30
2025-10-12,Mymensingh,1064,60
2025-10-13,Mymensingh,1058,67
2025-10-14,Mymensingh,1032,55
2025-10-15,Mymensingh,1096,58
2025-10-16,Mymensingh,1067,100
2025-10-17,Mymensingh,1210,58
2025-10-18,Mymensingh,1130,40
2025-10-19,Mymensingh,1111,85
2025-10-20,Mymensingh,1062,47
2025-10-21,Mymensingh,1137,99
2025-10-22,Mymensingh,1179,127
2025-10-23,Mymensingh,1157,85
2025-10-24,Mymensingh,1052,0
2025-10-25,Mymensingh,1137,49
2025-10-26,Mymensingh,1153,80
2025-10-27,Mymensingh,1168,70
2025-10-28,Mymensingh,1168,100
2025-10-29,Mymensingh,988,21
2025-10-30,Mymensingh,1048,27
2025-10-31,Mymensingh,1092,0
2025-11-01,Mymensingh,894,0
2025-11-02,Mymensingh,1002,0
2025-11-03,Mymensingh,997,0
2025-11-04,Mymensingh,1042,69
2025-11-05,Mymensingh,950,48
2025-11-06,Mymensingh,1030,80
2025-11-07,Mymensingh,960,0
2025-11-08,Mymensingh,929,30
2025-11-09,Mymensingh,939,52
2025-11-10,Mymensingh,923,65
2025-11-11,Mymensingh,886,45
2025-11-12,Mymensingh,860,44
2025-11-13,Mymensingh,866,0
2025-11-14,Mymensingh,825,0
2025-11-15,Mymensingh,822,0
2025-11-16,Mymensingh,852,0
2025-11-17,Mymensingh,861,0
2025-11-18,Mymensingh,868,30
2025-11-19,Mymensingh,858,0
2025-11-20,Mymensingh,857,22
2025-11-21,Mymensingh,773,0
2025-11-22,Mymensingh,887,0
2025-11-23,Mymensingh,849,0
2025-11-24,Mymensingh,883,0
2025-11-25,Mymensingh,876,0
2025-11-26,Mymensingh,886,0
2025-11-27,Mymensingh,849,0
2025-11-28,Mymensingh,772,0
2025-11-29,Mymensingh,886,0
2025-11-30,Mymensingh,834,0
2025-12-01,Mymensingh,850,0
2025-12-02,Mymensingh,807,0
2025-12-03,Mymensingh,809,0
2025-12-04,Mymensingh,857,0
2025-12-05,Mymensingh,809,0
2025-12-06,Mymensingh,820,0
2025-12-07,Mymensingh,878,0
2025-12-08,Mymensingh,887,0
2025-12-09,Mymensingh,890,0
2025-12-10,Mymensingh,847,0
2025-12-11,Mymensingh,848,0
2025-12-12,Mymensingh,791,0
2025-12-13,Mymensingh,885,0
2025-12-14,Mymensingh,875,0
2025-12-15,Mymensingh,854,0
2025-12-16,Mymensingh,824,0
2025-12-17,Mymensingh,840,0
2025-12-18,Mymensingh,865,0
2025-12-19,Mymensingh,780,0
2025-12-20,Mymensingh,860,0
2025-12-21,Mymensingh,861,0
2025-12-22,Mymensingh,845,0
2025-12-23,Mymensingh,864,0
2025-12-24,Mymensingh,847,0
2025-12-25,Mymensingh,821,0
2025-12-26,Mymensingh,782,0
2025-12-27,Mymensingh,861,0
2025-12-29,Mymensingh,851,0
2025-12-30,Mymensingh,878,0
2025-12-31,Mymensingh,816,0
2023-01-01,Rajshahi,930,0
2023-01-02,Rajshahi,811,0
2023-01-03,Rajshahi,946,0
2023-01-04,Rajshahi,973,0
2023-01-05,Rajshahi,936,0
2023-01-06,Rajshahi,873,0
2023-01-07,Rajshahi,910,0
2023-01-08,Rajshahi,956,17
2023-01-09,Rajshahi,977,59
2023-01-10,Rajshahi,961,100
2023-01-11,Rajshahi,1003,0
2023-01-12,Rajshahi,971,0
2023-01-13,Rajshahi,918,0
2023-01-14,Rajshahi,990,37
2023-01-15,Rajshahi,998,107
2023-01-16,Rajshahi,999,138
2023-01-17,Rajshahi,1038,78
2023-01-18,Rajshahi,1036,134
2023-01-19,Rajshahi,966,180
2023-01-20,Rajshahi,962,0
2023-01-21,Rajshahi,1007,0
2023-01-22,Rajshahi,1005,101
2023-01-23,Rajshahi,1002,0
2023-01-24,Rajshahi,1057,0
2023-01-25,Rajshahi,1023,0
2023-01-26,Rajshahi,1040,0
2023-01-27,Rajshahi,971,0
2023-01-28,Rajshahi,1037,0
2023-01-29,Rajshahi,1062,0
2023-01-30,Rajshahi,1052,0
2023-01-31,Rajshahi,1043,0
2023-02-01,Rajshahi,1065,0
2023-02-02,Rajshahi,1063,0
2023-02-03,Rajshahi,995,0
2023-02-04,Rajshahi,1061,0
2023-02-05,Rajshahi,1067,0
2023-02-06,Rajshahi,1023,0
2023-02-07,Rajshahi,1079,0
2023-02-08,Rajshahi,1049,0
2023-02-09,Rajshahi,1035,0
2023-02-10,Rajshahi,1016,0
2023-02-11,Rajshahi,1002,0
2023-02-12,Rajshahi,1086,40
2023-02-13,Rajshahi,1101,0
2023-02-14,Rajshahi,1139,0
2023-02-15,Rajshahi,1117,130
2023-02-16,Rajshahi,1092,0
2023-02-17,Rajshahi,1037,0
2023-02-18,Rajshahi,1088,0
2023-02-19,Rajshahi,1136,0
2023-02-20,Rajshahi,1099,0
2023-02-21,Rajshahi,1154,0
2023-02-22,Rajshahi,1104,55
2023-02-23,Rajshahi,1173,0
2023-02-24,Rajshahi,1091,0
2023-02-25,Rajshahi,1197,0
2023-02-26,Rajshahi,1195,0
2023-02-27,Rajshahi,1221,0
2023-02-28,Rajshahi,1237,0
2023-03-01,Rajshahi,1247,0
2023-03-02,Rajshahi,1240,0
2023-03-03,Rajshahi,1195,0
2023-03-04,Rajshahi,1276,0
2023-03-05,Rajshahi,1253,78
2023-03-06,Rajshahi,1299,0
2023-03-07,Rajshahi,1228,0
2023-03-08,Rajshahi,1246,0
2023-03-09,Rajshahi,1308,0
2023-03-10,Rajshahi,1179,0
2023-03-11,Rajshahi,1267,0
2023-03-12,Rajshahi,1351,0
2023-03-13,Rajshahi,1376,0
2023-03-14,Rajshahi,1420,0
2023-03-15,Rajshahi,1394,0
2023-03-16,Rajshahi,1281,0
2023-03-17,Rajshahi,931,0
2023-03-18,Rajshahi,1257,0
2023-03-19,Rajshahi,1024,0
2023-03-20,Rajshahi,986,0
2023-03-21,Rajshahi,1016,0
2023-03-22,Rajshahi,1081,0
2023-03-23,Rajshahi,1158,0
2023-03-24,Rajshahi,1116,0
2023-03-25,Rajshahi,1189,0
2023-03-26,Rajshahi,1329,0
2023-03-27,Rajshahi,1322,0
2023-03-28,Rajshahi,1384,0
2023-03-29,Rajshahi,1333,0
2023-03-30,Rajshahi,1239,0
2023-03-31,Rajshahi,1005,0
2023-04-01,Rajshahi,1072,0
2023-04-02,Rajshahi,1121,0
2023-04-03,Rajshahi,1292,0
2023-04-04,Rajshahi,1407,0
2023-04-05,Rajshahi,1438,0
2023-04-06,Rajshahi,1387,0
2023-04-07,Rajshahi,1419,0
2023-04-08,Rajshahi,1521,0
2023-04-09,Rajshahi,1549,0
2023-04-10,Rajshahi,1571,0
2023-04-11,Rajshahi,1592,0
2023-04-12,Rajshahi,1644,0
2023-04-13,Rajshahi,1605,35
2023-04-14,Rajshahi,1645,0
2023-04-15,Rajshahi,1507,120
2023-04-16,Rajshahi,1605,210
2023-04-17,Rajshahi,1738,0
2023-04-18,Rajshahi,1803,25
2023-04-19,Rajshahi,1763,0
2023-04-20,Rajshahi,1797,71
2023-04-21,Rajshahi,1511,0
2023-04-22,Rajshahi,1469,0
2023-04-23,Rajshahi,1211,0
2023-04-24,Rajshahi,991,0
2023-04-25,Rajshahi,1428,0
2023-04-26,Rajshahi,1196,0
2023-04-27,Rajshahi,1105,0
2023-04-28,Rajshahi,1393,0
2023-04-29,Rajshahi,967,0
2023-04-30,Rajshahi,547,0
2023-05-01,Rajshahi,1067,0
2023-05-02,Rajshahi,1347,0
2023-05-03,Rajshahi,1299,0
2023-05-04,Rajshahi,1024,0
2023-05-05,Rajshahi,1315,0
2023-05-06,Rajshahi,1395,0
2023-05-07,Rajshahi,1469,0
2023-05-08,Rajshahi,1502,204
2023-05-09,Rajshahi,1520,150
2023-05-10,Rajshahi,1502,30
2023-05-11,Rajshahi,1355,98
2023-05-12,Rajshahi,1422,0
2023-05-13,Rajshahi,1389,190
2023-05-14,Rajshahi,1489,356
2023-05-15,Rajshahi,1484,251
2023-05-16,Rajshahi,665,0
2023-05-17,Rajshahi,1296,0
2023-05-18,Rajshahi,1238,0
2023-05-19,Rajshahi,1295,0
2023-05-20,Rajshahi,1427,0
2023-05-21,Rajshahi,888,0
2023-05-22,Rajshahi,1370,0
2023-05-23,Rajshahi,687,0
2023-05-24,Rajshahi,1269,0
2023-05-25,Rajshahi,1393,0
2023-05-26,Rajshahi,1242,0
2023-05-27,Rajshahi,1273,0
2023-05-28,Rajshahi,1392,25
2023-05-29,Rajshahi,1460,138
2023-05-30,Rajshahi,1443,65
2023-05-31,Rajshahi,1519,0
2023-06-01,Rajshahi,1558,150
2023-06-02,Rajshahi,1507,35
2023-06-03,Rajshahi,1522,200
2023-06-04,Rajshahi,1550,190
2023-06-05,Rajshahi,1546,198
2023-06-06,Rajshahi,1526,285
2023-06-07,Rajshahi,1435,220
2023-06-08,Rajshahi,1609,97
2023-06-09,Rajshahi,1343,0
2023-06-10,Rajshahi,1471,26
2023-06-11,Rajshahi,1503,13
2023-06-12,Rajshahi,1398,0
2023-06-13,Rajshahi,1345,140
2023-06-14,Rajshahi,1549,87
2023-06-15,Rajshahi,1539,0
2023-06-16,Rajshahi,1378,0
2023-06-17,Rajshahi,1231,0
2023-06-18,Rajshahi,1272,0
2023-06-19,Rajshahi,1314,0
2023-06-20,Rajshahi,1424,0
2023-06-21,Rajshahi,1301,0
2023-06-22,Rajshahi,1363,0
2023-06-23,Rajshahi,1416,0
2023-06-24,Rajshahi,1406,52
2023-06-25,Rajshahi,1446,95
2023-06-26,Rajshahi,1373,0
2023-06-27,Rajshahi,1280,0
2023-06-28,Rajshahi,1175,0
2023-06-29,Rajshahi,1267,0
2023-06-30,Rajshahi,1111,0
2023-07-01,Rajshahi,1225,0
2023-07-02,Rajshahi,1249,0
2023-07-03,Rajshahi,1252,0
2023-07-04,Rajshahi,1386,0
2023-07-05,Rajshahi,1458,0
2023-07-06,Rajshahi,1385,0
2023-07-07,Rajshahi,1307,143
2023-07-08,Rajshahi,1442,0
2023-07-09,Rajshahi,1551,80
2023-07-10,Rajshahi,1530,0
2023-07-11,Rajshahi,1554,0
2023-07-12,Rajshahi,1498,0
2023-07-13,Rajshahi,1466,0
2023-07-14,Rajshahi,1394,0
2023-07-15,Rajshahi,1495,0
2023-07-16,Rajshahi,1472,0
2023-07-17,Rajshahi,1519,0
2023-07-18,Rajshahi,1518,56
2023-07-19,Rajshahi,1632,100
2023-07-20,Rajshahi,1598,0
2023-07-21,Rajshahi,1497,0
2023-07-22,Rajshahi,1587,0
2023-07-23,Rajshahi,1556,100
2023-07-24,Rajshahi,1719,0
2023-07-25,Rajshahi,1681,25
2023-07-26,Rajshahi,1631,30
2023-07-27,Rajshahi,1616,0
2023-07-28,Rajshahi,1599,0
2023-07-29,Rajshahi,1645,0
2023-07-30,Rajshahi,1641,20
2023-07-31,Rajshahi,1575,60
2023-08-01,Rajshahi,1487,0
2023-08-02,Rajshahi,1528,20
2023-08-03,Rajshahi,1576,48
2023-08-04,Rajshahi,1539,0
2023-08-05,Rajshahi,1501,33
2023-08-06,Rajshahi,1484,30
2023-08-07,Rajshahi,1264,0
2023-08-08,Rajshahi,1302,0
2023-08-09,Rajshahi,1412,0
2023-08-10,Rajshahi,1444,35
2023-08-11,Rajshahi,1396,0
2023-08-12,Rajshahi,1346,0
2023-08-13,Rajshahi,1326,0
2023-08-14,Rajshahi,1443,0
2023-08-15,Rajshahi,1502,0
2023-08-16,Rajshahi,1509,30
2023-08-17,Rajshahi,1562,45
2023-08-18,Rajshahi,1448,0
2023-08-19,Rajshahi,1372,82
2023-08-20,Rajshahi,1558,70
2023-08-21,Rajshahi,1586,110
2023-08-22,Rajshahi,1575,0
2023-08-23,Rajshahi,1444,0
2023-08-24,Rajshahi,1443,0
2023-08-25,Rajshahi,1232,0
2023-08-26,Rajshahi,1335,0
2023-08-27,Rajshahi,1474,0
2023-08-28,Rajshahi,1503,105
2023-08-29,Rajshahi,1567,0
2023-08-30,Rajshahi,1564,20
2023-08-31,Rajshahi,1542,78
2023-09-01,Rajshahi,1539,0
2023-09-02,Rajshahi,1585,0
2023-09-03,Rajshahi,1603,100
2023-09-04,Rajshahi,1549,0
2023-09-05,Rajshahi,1647,30
2023-09-06,Rajshahi,1583,20
2023-09-07,Rajshahi,1378,0
2023-09-08,Rajshahi,1323,0
2023-09-09,Rajshahi,1487,0
2023-09-10,Rajshahi,1574,10
2023-09-11,Rajshahi,1543,0
2023-09-12,Rajshahi,1514,0
2023-09-13,Rajshahi,1551,0
2023-09-14,Rajshahi,1475,0
2023-09-15,Rajshahi,1466,0
2023-09-16,Rajshahi,1535,7
2023-09-17,Rajshahi,1518,0
2023-09-18,Rajshahi,1488,0
2023-09-19,Rajshahi,1328,0
2023-09-20,Rajshahi,1300,0
2023-09-21,Rajshahi,1218,0
2023-09-22,Rajshahi,1170,0
2023-09-23,Rajshahi,1286,0
2023-09-24,Rajshahi,1100,0
2023-09-25,Rajshahi,1248,0
2023-09-26,Rajshahi,1466,0
2023-09-27,Rajshahi,1484,0
2023-09-28,Rajshahi,1485,0
2023-09-29,Rajshahi,1428,0
2023-09-30,Rajshahi,1226,0
2023-10-01,Rajshahi,1286,0
2023-10-02,Rajshahi,1372,0
2023-10-03,Rajshahi,1291,0
2023-10-04,Rajshahi,1200,0
2023-10-05,Rajshahi,851,0
2023-10-06,Rajshahi,1094,0
2023-10-07,Rajshahi,1256,0
2023-10-08,Rajshahi,1368,0
2023-10-09,Rajshahi,1413,0
2023-10-10,Rajshahi,1350,0
2023-10-11,Rajshahi,1441,0
2023-10-12,Rajshahi,1399,0
2023-10-13,Rajshahi,1271,0
2023-10-14,Rajshahi,1329,0
2023-10-15,Rajshahi,1299,0
2023-10-16,Rajshahi,1331,0
2023-10-17,Rajshahi,1310,0
2023-10-18,Rajshahi,1261,0
2023-10-19,Rajshahi,1185,0
2023-10-20,Rajshahi,1097,0
2023-10-21,Rajshahi,1180,0
2023-10-22,Rajshahi,1191,0
2023-10-23,Rajshahi,1118,0
2023-10-24,Rajshahi,1097,0
2023-10-25,Rajshahi,1170,0
2023-10-26,Rajshahi,1170,0
2023-10-27,Rajshahi,1027,0
2023-10-28,Rajshahi,1084,0
2023-10-29,Rajshahi,1092,0
2023-10-30,Rajshahi,1129,0
2023-10-31,Rajshahi,1125,0
2023-11-01,Rajshahi,1150,0
2023-11-02,Rajshahi,1143,0
2023-11-03,Rajshahi,1008,0
2023-11-04,Rajshahi,1130,0
2023-11-05,Rajshahi,1111,0
2023-11-06,Rajshahi,1071,0
2023-11-07,Rajshahi,1020,0
2023-11-08,Rajshahi,1024,0
2023-11-09,Rajshahi,1009,0
2023-11-10,Rajshahi,903,0
2023-11-11,Rajshahi,1006,0
2023-11-12,Rajshahi,999,0
2023-11-13,Rajshahi,1003,0
2023-11-14,Rajshahi,1024,0
2023-11-15,Rajshahi,1004,0
2023-11-16,Rajshahi,941,0
2023-11-17,Rajshahi,822,0
2023-11-18,Rajshahi,982,0
2023-11-19,Rajshahi,998,0
2023-11-20,Rajshahi,999,0
2023-11-21,Rajshahi,988,0
2023-11-22,Rajshahi,945,0
2023-11-23,Rajshahi,928,0
2023-11-24,Rajshahi,892,0
2023-11-25,Rajshahi,948,0
2023-11-26,Rajshahi,975,0
2023-11-27,Rajshahi,976,0
2023-11-28,Rajshahi,1002,0
2023-11-29,Rajshahi,964,0
2023-11-30,Rajshahi,964,0
2023-12-01,Rajshahi,870,0
2023-12-02,Rajshahi,970,0
2023-12-03,Rajshahi,989,0
2023-12-04,Rajshahi,950,0
2023-12-05,Rajshahi,968,0
2023-12-06,Rajshahi,920,0
2023-12-07,Rajshahi,846,0
2023-12-08,Rajshahi,808,0
2023-12-09,Rajshahi,913,0
2023-12-10,Rajshahi,905,0
2023-12-11,Rajshahi,901,0
2023-12-12,Rajshahi,938,0
2023-12-13,Rajshahi,957,0
2023-12-14,Rajshahi,934,0
2023-12-15,Rajshahi,863,0
2023-12-16,Rajshahi,877,0
2023-12-17,Rajshahi,930,0
2023-12-18,Rajshahi,949,0
2023-12-19,Rajshahi,964,0
2023-12-20,Rajshahi,966,0
2023-12-21,Rajshahi,946,0
2023-12-22,Rajshahi,860,0
2023-12-23,Rajshahi,935,0
2023-12-24,Rajshahi,942,0
2023-12-25,Rajshahi,958,0
2023-12-26,Rajshahi,976,0
2023-12-27,Rajshahi,959,0
2023-12-28,Rajshahi,947,0
2023-12-29,Rajshahi,964,0
2023-12-30,Rajshahi,933,0
2023-12-31,Rajshahi,930,0
2024-01-01,Rajshahi,929,0
2024-01-02,Rajshahi,966,0
2024-01-03,Rajshahi,945,0
2024-01-04,Rajshahi,945,0
2024-01-05,Rajshahi,898,0
2024-01-06,Rajshahi,914,0
2024-01-07,Rajshahi,814,0
2024-01-08,Rajshahi,951,0
2024-01-09,Rajshahi,958,0
2024-01-10,Rajshahi,973,0
2024-01-11,Rajshahi,970,0
2024-01-12,Rajshahi,898,0
2024-01-13,Rajshahi,1015,0
2024-01-14,Rajshahi,998,0
2024-01-15,Rajshahi,997,0
2024-01-16,Rajshahi,1031,0
2024-01-17,Rajshahi,1059,0
2024-01-18,Rajshahi,979,0
2024-01-19,Rajshahi,955,0
2024-01-20,Rajshahi,969,0
2024-01-21,Rajshahi,1005,0
2024-01-22,Rajshahi,1058,0
2024-01-23,Rajshahi,1069,0
2024-01-24,Rajshahi,1029,0
2024-01-25,Rajshahi,1000,0
2024-01-26,Rajshahi,938,0
2024-01-27,Rajshahi,1024,0
2024-01-28,Rajshahi,1130,0
2024-01-29,Rajshahi,1064,0
2024-01-30,Rajshahi,1059,0
2024-01-31,Rajshahi,990,0
2024-02-01,Rajshahi,1034,0
2024-02-02,Rajshahi,935,0
2024-02-03,Rajshahi,1067,0
2024-02-04,Rajshahi,1073,0
2024-02-05,Rajshahi,1030,0
2024-02-06,Rajshahi,1059,0
2024-02-07,Rajshahi,1099,0
2024-02-08,Rajshahi,1046,0
2024-02-09,Rajshahi,1008,0
2024-02-10,Rajshahi,1091,0
2024-02-11,Rajshahi,1041,0
2024-02-12,Rajshahi,1101,0
2024-02-13,Rajshahi,1091,0
2024-02-14,Rajshahi,1068,0
2024-02-15,Rajshahi,1077,0
2024-02-16,Rajshahi,977,0
2024-02-17,Rajshahi,1095,0
2024-02-18,Rajshahi,1126,0
2024-02-19,Rajshahi,1135,0
2024-02-20,Rajshahi,1136,0
2024-02-21,Rajshahi,1105,0
2024-02-22,Rajshahi,1031,0
2024-02-23,Rajshahi,1032,0
2024-02-24,Rajshahi,1094,0
2024-02-25,Rajshahi,964,0
2024-02-26,Rajshahi,1032,0
2024-02-27,Rajshahi,1120,0
2024-02-28,Rajshahi,1143,0
2024-02-29,Rajshahi,1147,0
2024-03-01,Rajshahi,1093,0
2024-03-02,Rajshahi,1186,0
2024-03-03,Rajshahi,1165,0
2024-03-04,Rajshahi,1136,0
2024-03-05,Rajshahi,1235,0
2024-03-06,Rajshahi,1207,0
2024-03-07,Rajshahi,1221,0
2024-03-08,Rajshahi,1147,0
2024-03-09,Rajshahi,1221,0
2024-03-10,Rajshahi,1255,0
2024-03-11,Rajshahi,1272,0
2024-03-12,Rajshahi,1160,0
2024-03-13,Rajshahi,1219,0
2024-03-14,Rajshahi,1303,0
2024-03-15,Rajshahi,1246,0
2024-03-16,Rajshahi,1309,0
2024-03-17,Rajshahi,1359,0
2024-03-18,Rajshahi,1384,0
2024-03-19,Rajshahi,1317,0
2024-03-20,Rajshahi,872,0
2024-03-21,Rajshahi,953,0
2024-03-22,Rajshahi,981,0
2024-03-23,Rajshahi,1129,0
2024-03-24,Rajshahi,1179,0
2024-03-25,Rajshahi,1285,0
2024-03-26,Rajshahi,1230,0
2024-03-27,Rajshahi,1279,0
2024-03-28,Rajshahi,1314,0
2024-03-29,Rajshahi,1320,0
2024-03-30,Rajshahi,1370,125
2024-03-31,Rajshahi,1504,0
2024-04-01,Rajshahi,1499,150
2024-04-02,Rajshahi,1554,170
2024-04-03,Rajshahi,1550,140
2024-04-04,Rajshahi,1627,142
2024-04-05,Rajshahi,1743,163
2024-04-06,Rajshahi,1695,130
2024-04-07,Rajshahi,1615,50
2024-04-08,Rajshahi,1494,0
2024-04-09,Rajshahi,1542,0
2024-04-10,Rajshahi,1411,0
2024-04-11,Rajshahi,1208,0
2024-04-12,Rajshahi,1418,0
2024-04-13,Rajshahi,1526,0
2024-04-14,Rajshahi,1568,0
2024-04-15,Rajshahi,1701,0
2024-04-16,Rajshahi,1668,0
2024-04-17,Rajshahi,1775,0
2024-04-18,Rajshahi,1697,0
2024-04-19,Rajshahi,1722,0
2024-04-20,Rajshahi,1815,0
2024-04-21,Rajshahi,1830,0
2024-04-22,Rajshahi,1817,0
2024-04-23,Rajshahi,1865,0
2024-04-24,Rajshahi,1826,0
2024-04-25,Rajshahi,1613,120
2024-04-26,Rajshahi,1797,0
2024-04-27,Rajshahi,1793,110
2024-04-28,Rajshahi,1881,190
2024-04-29,Rajshahi,1881,182
2024-04-30,Rajshahi,1870,0
2024-05-01,Rajshahi,1840,0
2024-05-02,Rajshahi,1761,0
2024-05-03,Rajshahi,1694,0
2024-05-04,Rajshahi,1603,0
2024-05-05,Rajshahi,1640,0
2024-05-06,Rajshahi,1234,0
2024-05-07,Rajshahi,1547,0
2024-05-08,Rajshahi,1274,0
2024-05-09,Rajshahi,1168,0
2024-05-10,Rajshahi,1362,0
2024-05-11,Rajshahi,1414,0
2024-05-12,Rajshahi,1454,0
2024-05-13,Rajshahi,1541,0
2024-05-14,Rajshahi,1596,0
2024-05-15,Rajshahi,1670,0
2024-05-16,Rajshahi,1254,90
2024-05-17,Rajshahi,1677,0
2024-05-18,Rajshahi,1527,0
2024-05-19,Rajshahi,1488,0
2024-05-20,Rajshahi,1467,0
2024-05-23,Rajshahi,1622,0
2024-05-24,Rajshahi,1598,0
2024-05-25,Rajshahi,1441,0
2024-05-27,Rajshahi,1387,0
2024-05-28,Rajshahi,314,0
2024-05-29,Rajshahi,1347,0
2024-05-30,Rajshahi,1614,0
2024-05-31,Rajshahi,1409,0
2024-06-01,Rajshahi,1590,0
2024-06-02,Rajshahi,1599,142
2024-06-03,Rajshahi,1612,0
2024-06-04,Rajshahi,1574,0
2024-06-05,Rajshahi,1460,0
2024-06-06,Rajshahi,1504,0
2024-06-07,Rajshahi,1315,0
2024-06-08,Rajshahi,1644,0
2024-06-10,Rajshahi,1616,0
2024-06-11,Rajshahi,1669,0
2024-06-12,Rajshahi,1744,0
2024-06-13,Rajshahi,1649,0
2024-06-14,Rajshahi,1581,0
2024-06-15,Rajshahi,1582,0
2024-06-16,Rajshahi,1539,0
2024-06-17,Rajshahi,1568,0
2024-06-18,Rajshahi,1469,0
2024-06-19,Rajshahi,1331,0
2024-06-20,Rajshahi,1320,0
2024-06-21,Rajshahi,1465,0
2024-06-22,Rajshahi,1457,0
2024-06-23,Rajshahi,1558,0
2024-06-24,Rajshahi,1580,180
2024-06-25,Rajshahi,1524,230
2024-06-26,Rajshahi,1583,150
2024-06-27,Rajshahi,1591,125
2024-06-28,Rajshahi,1466,0
2024-06-29,Rajshahi,1466,0
2024-06-30,Rajshahi,1306,0
2024-07-01,Rajshahi,1304,0
2024-07-02,Rajshahi,1308,0
2024-07-03,Rajshahi,1345,0
2024-07-04,Rajshahi,1386,0
2024-07-05,Rajshahi,1257,0
2024-07-06,Rajshahi,1422,0
2024-07-07,Rajshahi,1547,0
2024-07-08,Rajshahi,1567,0
2024-07-09,Rajshahi,1564,62
2024-07-10,Rajshahi,1572,110
2024-07-11,Rajshahi,1136,0
2024-07-12,Rajshahi,1425,0
2024-07-13,Rajshahi,1585,0
2024-07-14,Rajshahi,1463,0
2024-07-15,Rajshahi,1616,0
2024-07-16,Rajshahi,1631,0
2024-07-17,Rajshahi,1657,0
2024-07-23,Rajshahi,1518,0
2024-07-24,Rajshahi,1472,0
2024-07-25,Rajshahi,1592,0
2024-07-26,Rajshahi,1596,0
2024-07-27,Rajshahi,1656,0
2024-07-28,Rajshahi,1725,0
2024-07-29,Rajshahi,1698,0
2024-07-30,Rajshahi,1717,0
2024-07-31,Rajshahi,1650,0
2024-08-01,Rajshahi,1254,0
2024-08-02,Rajshahi,1146,0
2024-08-03,Rajshahi,1221,0
2024-08-04,Rajshahi,1349,0
2024-08-05,Rajshahi,1349,0
2024-08-06,Rajshahi,1418,0
2024-08-07,Rajshahi,1420,0
2024-08-08,Rajshahi,1431,0
2024-08-09,Rajshahi,1367,0
2024-08-10,Rajshahi,1430,0
2024-08-11,Rajshahi,1466,0
2024-08-12,Rajshahi,1416,0
2024-08-13,Rajshahi,1409,105
2024-08-14,Rajshahi,1563,163
2024-08-15,Rajshahi,1549,134
2024-08-16,Rajshahi,1493,0
2024-08-17,Rajshahi,1497,0
2024-08-18,Rajshahi,1452,0
2024-08-19,Rajshahi,1470,0
2024-08-20,Rajshahi,1459,0
2024-08-21,Rajshahi,1449,0
2024-08-22,Rajshahi,1331,0
2024-08-23,Rajshahi,1285,0
2024-08-24,Rajshahi,1449,0
2024-08-25,Rajshahi,1385,0
2024-08-26,Rajshahi,1298,0
2024-08-27,Rajshahi,1409,0
2024-08-28,Rajshahi,1562,0
2024-08-29,Rajshahi,1549,0
2024-08-30,Rajshahi,1545,0
2024-08-31,Rajshahi,1559,0
2024-09-01,Rajshahi,1529,0
2024-09-02,Rajshahi,1578,0
2024-09-03,Rajshahi,1433,0
2024-09-04,Rajshahi,1518,140
2024-09-05,Rajshahi,1489,212
2024-09-06,Rajshahi,1523,0
2024-09-07,Rajshahi,1519,147
2024-09-08,Rajshahi,1645,250
2024-09-09,Rajshahi,1650,330
2024-09-10,Rajshahi,1588,145
2024-09-11,Rajshahi,1660,240
2024-09-12,Rajshahi,1703,35
2024-09-13,Rajshahi,1421,0
2024-09-14,Rajshahi,1110,0
2024-09-15,Rajshahi,922,0
2024-09-16,Rajshahi,1204,0
2024-09-17,Rajshahi,1441,0
2024-09-18,Rajshahi,1592,5
2024-09-19,Rajshahi,1645,0
2024-09-20,Rajshahi,1585,0
2024-09-21,Rajshahi,790,0
2024-09-22,Rajshahi,1624,80
2024-09-23,Rajshahi,1620,130
2024-09-24,Rajshahi,1439,0
2024-09-25,Rajshahi,1209,0
2024-09-26,Rajshahi,1063,0
2024-09-27,Rajshahi,1082,0
2024-09-28,Rajshahi,1422,0
2024-09-29,Rajshahi,1451,0
2024-09-30,Rajshahi,1396,0
2024-10-01,Rajshahi,1477,70
2024-10-02,Rajshahi,1467,0
2024-10-03,Rajshahi,1260,0
2024-10-05,Rajshahi,1303,0
2024-10-06,Rajshahi,1310,0
2024-10-07,Rajshahi,1394,0
2024-10-08,Rajshahi,1296,0
2024-10-09,Rajshahi,1224,0
2024-10-10,Rajshahi,1325,0
2024-10-11,Rajshahi,1308,0
2024-10-12,Rajshahi,1362,0
2024-10-13,Rajshahi,1340,0
2024-10-14,Rajshahi,1365,0
2024-10-15,Rajshahi,1377,0
2024-10-16,Rajshahi,1366,0
2024-10-17,Rajshahi,1315,0
2024-10-18,Rajshahi,1115,0
2024-10-19,Rajshahi,1243,0
2024-10-20,Rajshahi,1276,0
2024-10-21,Rajshahi,1296,0
2024-10-22,Rajshahi,1324,0
2024-10-23,Rajshahi,1068,0
2024-10-24,Rajshahi,1004,0
2024-10-25,Rajshahi,893,0
2024-10-26,Rajshahi,1069,0
2024-10-27,Rajshahi,1216,0
2024-10-28,Rajshahi,1218,65
2024-10-29,Rajshahi,1242,50
2024-10-30,Rajshahi,1223,140
2024-10-31,Rajshahi,1288,164
2024-11-01,Rajshahi,1138,0
2024-11-02,Rajshahi,1194,0
2024-11-03,Rajshahi,1165,50
2024-11-04,Rajshahi,1174,0
2024-11-05,Rajshahi,1163,0
2024-11-06,Rajshahi,1199,0
2024-11-07,Rajshahi,1163,0
2024-11-08,Rajshahi,1054,0
2024-11-09,Rajshahi,1128,0
2024-11-10,Rajshahi,1088,0
2024-11-11,Rajshahi,1061,0
2024-11-12,Rajshahi,1070,0
2024-11-13,Rajshahi,1094,0
2024-11-14,Rajshahi,1042,0
2024-11-15,Rajshahi,1288,164
2024-11-16,Rajshahi,981,0
2024-11-17,Rajshahi,947,0
2024-11-18,Rajshahi,962,0
2024-11-19,Rajshahi,957,0
2024-11-20,Rajshahi,985,0
2024-11-21,Rajshahi,973,0
2024-11-22,Rajshahi,864,0
2024-11-23,Rajshahi,921,0
2024-11-24,Rajshahi,952,0
2024-11-25,Rajshahi,953,0
2024-11-26,Rajshahi,957,0
2024-11-27,Rajshahi,954,0
2024-11-28,Rajshahi,945,0
2024-11-29,Rajshahi,840,0
2024-11-30,Rajshahi,953,0
2024-12-01,Rajshahi,990,0
2024-12-02,Rajshahi,975,0
2024-12-03,Rajshahi,993,0
2024-12-04,Rajshahi,956,0
2024-12-05,Rajshahi,984,0
2024-12-06,Rajshahi,884,0
2024-12-07,Rajshahi,966,0
2024-12-08,Rajshahi,983,0
2024-12-09,Rajshahi,918,0
2024-12-10,Rajshahi,968,0
2024-12-11,Rajshahi,955,0
2024-12-13,Rajshahi,882,0
2024-12-14,Rajshahi,946,0
2024-12-15,Rajshahi,1001,0
2024-12-16,Rajshahi,932,0
2024-12-17,Rajshahi,972,0
2024-12-18,Rajshahi,961,0
2024-12-19,Rajshahi,993,0
2024-12-20,Rajshahi,968,0
2024-12-21,Rajshahi,968,0
2024-12-22,Rajshahi,978,0
2024-12-23,Rajshahi,971,0
2024-12-24,Rajshahi,965,0
2024-12-25,Rajshahi,961,0
2024-12-26,Rajshahi,964,0
2024-12-27,Rajshahi,880,0
2024-12-28,Rajshahi,949,0
2024-12-29,Rajshahi,965,0
2024-12-30,Rajshahi,967,0
2024-12-31,Rajshahi,941,0
2025-01-01,Rajshahi,931,0
2025-01-02,Rajshahi,940,0
2025-01-03,Rajshahi,872,0
2025-01-04,Rajshahi,971,0
2025-01-05,Rajshahi,964,0
2025-01-06,Rajshahi,985,0
2025-01-07,Rajshahi,984,0
2025-01-08,Rajshahi,989,0
2025-01-09,Rajshahi,971,0
2025-01-10,Rajshahi,899,0
2025-01-11,Rajshahi,999,0
2025-01-12,Rajshahi,991,0
2025-01-13,Rajshahi,990,0
2025-01-14,Rajshahi,1005,0
2025-01-15,Rajshahi,1016,0
2025-01-16,Rajshahi,984,0
2025-01-17,Rajshahi,932,0
2025-01-18,Rajshahi,1012,0
2025-01-19,Rajshahi,1031,0
2025-01-20,Rajshahi,1038,0
2025-01-21,Rajshahi,1029,0
2025-01-22,Rajshahi,1059,0
2025-01-23,Rajshahi,1030,0
2025-01-24,Rajshahi,963,0
2025-01-25,Rajshahi,1051,0
2025-01-26,Rajshahi,1062,0
2025-01-27,Rajshahi,1072,0
2025-01-28,Rajshahi,1085,0
2025-01-29,Rajshahi,1074,0
2025-01-30,Rajshahi,1078,0
2025-01-31,Rajshahi,992,0
2025-02-01,Rajshahi,1080,0
2025-02-02,Rajshahi,1097,0
2025-02-03,Rajshahi,1101,0
2025-02-05,Rajshahi,1110,0
2025-02-06,Rajshahi,1093,0
2025-02-07,Rajshahi,1028,0
2025-02-08,Rajshahi,1106,0
2025-02-09,Rajshahi,1115,0
2025-02-10,Rajshahi,1124,0
2025-02-11,Rajshahi,1118,0
2025-02-12,Rajshahi,1135,0
2025-02-13,Rajshahi,1140,0
2025-02-15,Rajshahi,1072,0
2025-02-16,Rajshahi,1125,0
2025-02-17,Rajshahi,1113,0
2025-02-18,Rajshahi,1141,0
2025-02-19,Rajshahi,1171,0
2025-02-20,Rajshahi,1151,0
2025-02-21,Rajshahi,1123,0
2025-02-22,Rajshahi,1057,0
2025-02-23,Rajshahi,1155,0
2025-02-24,Rajshahi,1186,0
2025-02-25,Rajshahi,1227,0
2025-02-26,Rajshahi,1216,0
2025-02-27,Rajshahi,1189,0
2025-02-28,Rajshahi,1156,0
2025-03-01,Rajshahi,1314,0
2025-03-02,Rajshahi,1208,0
2025-03-03,Rajshahi,1212,0
2025-03-04,Rajshahi,1212,0
2025-03-05,Rajshahi,1209,0
2025-03-06,Rajshahi,1166,0
2025-03-07,Rajshahi,1111,0
2025-03-08,Rajshahi,1168,0
2025-03-09,Rajshahi,1212,0
2025-03-10,Rajshahi,1262,0
2025-03-11,Rajshahi,1298,0
2025-03-12,Rajshahi,1319,0
2025-03-13,Rajshahi,1398,0
2025-03-14,Rajshahi,1361,0
2025-03-15,Rajshahi,1535,0
2025-03-16,Rajshahi,1471,0
2025-03-17,Rajshahi,1392,0
2025-03-18,Rajshahi,1441,0
2025-03-19,Rajshahi,1468,0
2025-03-20,Rajshahi,1234,0
2025-03-21,Rajshahi,990,0
2025-03-22,Rajshahi,1179,0
2025-03-23,Rajshahi,1225,0
2025-03-24,Rajshahi,1287,0
2025-03-25,Rajshahi,1385,0
2025-03-26,Rajshahi,1499,0
2025-03-27,Rajshahi,1586,0
2025-03-28,Rajshahi,1604,0
2025-03-30,Rajshahi,1401,0
2025-03-31,Rajshahi,1463,0
2025-04-01,Rajshahi,1531,0
2025-04-02,Rajshahi,1578,0
2025-04-03,Rajshahi,1565,0
2025-04-04,Rajshahi,1519,0
2025-04-05,Rajshahi,1617,0
2025-04-06,Rajshahi,1600,0
2025-04-07,Rajshahi,1609,0
2025-04-08,Rajshahi,1772,0
2025-04-09,Rajshahi,1747,0
2025-04-10,Rajshahi,1445,0
2025-04-11,Rajshahi,1451,0
2025-04-12,Rajshahi,1591,0
2025-04-13,Rajshahi,1516,0
2025-04-14,Rajshahi,1558,0
2025-04-15,Rajshahi,1574,0
2025-04-16,Rajshahi,1282,0
2025-04-17,Rajshahi,1214,0
2025-04-18,Rajshahi,1174,0
2025-04-19,Rajshahi,1539,0
2025-04-20,Rajshahi,1599,0
2025-04-21,Rajshahi,1637,0
2025-04-22,Rajshahi,1721,6
2025-04-23,Rajshahi,1747,25
2025-04-24,Rajshahi,1740,0
2025-04-25,Rajshahi,1798,15
2025-04-26,Rajshahi,1630,75
2025-04-27,Rajshahi,1778,0
2025-04-28,Rajshahi,1411,0
2025-04-29,Rajshahi,1330,0
2025-04-30,Rajshahi,1371,0
2025-05-01,Rajshahi,1206,0
2025-05-02,Rajshahi,1477,0
2025-05-03,Rajshahi,1614,0
2025-05-04,Rajshahi,1479,0
2025-05-05,Rajshahi,1412,0
2025-05-06,Rajshahi,1427,0
2025-05-07,Rajshahi,1650,0
2025-05-08,Rajshahi,1706,0
2025-05-09,Rajshahi,1766,0
2025-05-10,Rajshahi,1820,0
2025-05-11,Rajshahi,1617,0
2025-05-12,Rajshahi,1505,0
2025-05-13,Rajshahi,1454,0
2025-05-14,Rajshahi,1721,0
2025-05-15,Rajshahi,1497,0
2025-05-16,Rajshahi,1504,0
2025-05-17,Rajshahi,1277,0
2025-05-18,Rajshahi,1425,0
2025-05-19,Rajshahi,1381,0
2025-05-20,Rajshahi,1252,0
2025-05-21,Rajshahi,1252,0
2025-05-22,Rajshahi,1466,0
2025-05-23,Rajshahi,1286,0
2025-05-24,Rajshahi,1390,0
2025-05-25,Rajshahi,1431,0
2025-05-26,Rajshahi,1451,0
2025-05-27,Rajshahi,1702,0
2025-05-28,Rajshahi,1580,0
2025-05-29,Rajshahi,1123,0
2025-05-30,Rajshahi,1349,0
2025-05-31,Rajshahi,1531,0
2025-06-01,Rajshahi,1145,0
2025-06-02,Rajshahi,1583,0
2025-06-03,Rajshahi,1539,0
2025-06-04,Rajshahi,1514,0
2025-06-05,Rajshahi,1469,0
2025-06-07,Rajshahi,1467,0
2025-06-08,Rajshahi,1499,0
2025-06-09,Rajshahi,1568,0
2025-06-10,Rajshahi,1594,0
2025-06-11,Rajshahi,1629,0
2025-06-12,Rajshahi,1694,0
2025-06-13,Rajshahi,1709,0
2025-06-14,Rajshahi,1718,0
2025-06-15,Rajshahi,1670,15
2025-06-16,Rajshahi,1480,0
2025-06-17,Rajshahi,1448,0
2025-06-18,Rajshahi,1405,0
2025-06-19,Rajshahi,1236,0
2025-06-20,Rajshahi,1341,0
2025-06-21,Rajshahi,1550,0
2025-06-22,Rajshahi,1516,0
2025-06-23,Rajshahi,1524,0
2025-06-24,Rajshahi,1416,0
2025-06-25,Rajshahi,1508,0
2025-06-27,Rajshahi,1491,0
2025-06-28,Rajshahi,1568,7
2025-06-29,Rajshahi,1514,0
2025-06-30,Rajshahi,1438,0
2025-07-01,Rajshahi,1607,0
2025-07-03,Rajshahi,1520,0
2025-07-04,Rajshahi,1401,0
2025-07-06,Rajshahi,1557,0
2025-07-07,Rajshahi,1494,0
2025-07-08,Rajshahi,1366,0
2025-07-09,Rajshahi,1247,0
2025-07-10,Rajshahi,1351,0
2025-07-11,Rajshahi,1511,0
2025-07-12,Rajshahi,1661,0
2025-07-13,Rajshahi,1599,0
2025-07-14,Rajshahi,1329,0
2025-07-15,Rajshahi,1326,0
2025-07-16,Rajshahi,1401,0
2025-07-17,Rajshahi,1526,0
2025-07-18,Rajshahi,1490,0
2025-07-19,Rajshahi,1700,0
2025-07-21,Rajshahi,1684,0
2025-07-23,Rajshahi,1806,0
2025-07-24,Rajshahi,1603,0
2025-07-25,Rajshahi,1369,0
2025-07-26,Rajshahi,1595,0
2025-07-27,Rajshahi,1601,0
2025-07-28,Rajshahi,1531,0
2025-07-29,Rajshahi,1518,0
2025-07-30,Rajshahi,1503,0
2025-07-31,Rajshahi,1454,0
2025-08-01,Rajshahi,1442,0
2025-08-02,Rajshahi,1486,0
2025-08-04,Rajshahi,1457,0
2025-08-05,Rajshahi,1504,0
2025-08-06,Rajshahi,1434,0
2025-08-07,Rajshahi,1436,0
2025-08-08,Rajshahi,1313,0
2025-08-09,Rajshahi,1471,0
2025-08-10,Rajshahi,1599,0
2025-08-11,Rajshahi,1586,0
2025-08-12,Rajshahi,1601,0
2025-08-13,Rajshahi,1440,0
2025-08-14,Rajshahi,1469,0
2025-08-15,Rajshahi,1524,0
2025-08-16,Rajshahi,1644,0
2025-08-17,Rajshahi,1642,0
2025-08-18,Rajshahi,1611,0
2025-08-19,Rajshahi,1505,0
2025-08-20,Rajshahi,1505,0
2025-08-21,Rajshahi,1406,0
2025-08-22,Rajshahi,1346,0
2025-08-23,Rajshahi,1328,0
2025-08-24,Rajshahi,1421,0
2025-08-25,Rajshahi,1537,0
2025-08-26,Rajshahi,1617,0
2025-08-27,Rajshahi,1585,0
2025-08-28,Rajshahi,1534,0
2025-08-29,Rajshahi,1472,0
2025-08-30,Rajshahi,1549,0
2025-08-31,Rajshahi,1594,0
2025-09-01,Rajshahi,1719,0
2025-09-02,Rajshahi,1568,0
2025-09-03,Rajshahi,1611,0
2025-09-04,Rajshahi,1526,0
2025-09-05,Rajshahi,1559,0
2025-09-06,Rajshahi,1682,0
2025-09-07,Rajshahi,1677,0
2025-09-08,Rajshahi,1704,0
2025-09-09,Rajshahi,1688,100
2025-09-10,Rajshahi,1558,85
2025-09-11,Rajshahi,1558,85
2025-09-12,Rajshahi,1500,0
2025-09-13,Rajshahi,1524,75
2025-09-14,Rajshahi,1388,0
2025-09-15,Rajshahi,1362,0
2025-09-16,Rajshahi,1282,0
2025-09-17,Rajshahi,1331,0
2025-09-18,Rajshahi,1478,0
2025-09-19,Rajshahi,1389,0
2025-09-20,Rajshahi,1500,0
2025-09-21,Rajshahi,1590,0
2025-09-22,Rajshahi,1474,0
2025-09-23,Rajshahi,1593,0
2025-09-24,Rajshahi,1659,0
2025-09-26,Rajshahi,1528,0
2025-09-28,Rajshahi,1558,140
2025-09-30,Rajshahi,1600,0
2025-10-01,Rajshahi,1320,0
2025-10-02,Rajshahi,1247,0
2025-10-03,Rajshahi,1269,0
2025-10-05,Rajshahi,1055,0
2025-10-06,Rajshahi,1354,0
2025-10-07,Rajshahi,1421,0
2025-10-08,Rajshahi,1388,0
2025-10-09,Rajshahi,1406,0
2025-10-10,Rajshahi,1261,0
2025-10-11,Rajshahi,1386,0
2025-10-12,Rajshahi,1348,43
2025-10-13,Rajshahi,1311,65
2025-10-14,Rajshahi,1248,55
2025-10-15,Rajshahi,1262,68
2025-10-16,Rajshahi,1350,25
2025-10-17,Rajshahi,1348,0
2025-10-18,Rajshahi,1450,0
2025-10-19,Rajshahi,1429,85
2025-10-20,Rajshahi,1348,39
2025-10-21,Rajshahi,1463,0
2025-10-22,Rajshahi,1460,0
2025-10-23,Rajshahi,1412,0
2025-10-24,Rajshahi,1314,0
2025-10-25,Rajshahi,1405,0
2025-10-26,Rajshahi,1450,0
2025-10-27,Rajshahi,1396,0
2025-10-28,Rajshahi,1445,0
2025-10-29,Rajshahi,1224,0
2025-10-30,Rajshahi,1126,0
2025-10-31,Rajshahi,1162,0
2025-11-01,Rajshahi,1061,0
2025-11-02,Rajshahi,1050,0
2025-11-03,Rajshahi,1110,0
2025-11-04,Rajshahi,1124,0
2025-11-05,Rajshahi,1178,0
2025-11-06,Rajshahi,1149,76
2025-11-07,Rajshahi,1027,0
2025-11-08,Rajshahi,998,0
2025-11-09,Rajshahi,1037,8
2025-11-10,Rajshahi,1025,0
2025-11-11,Rajshahi,1017,0
2025-11-12,Rajshahi,965,0
2025-11-13,Rajshahi,936,0
2025-11-14,Rajshahi,878,0
2025-11-15,Rajshahi,952,0
2025-11-16,Rajshahi,987,0
2025-11-17,Rajshahi,989,0
2025-11-18,Rajshahi,1006,0
2025-11-19,Rajshahi,1009,0
2025-11-20,Rajshahi,976,0
2025-11-21,Rajshahi,891,0
2025-11-22,Rajshahi,989,0
2025-11-23,Rajshahi,970,0
2025-11-24,Rajshahi,974,0
2025-11-25,Rajshahi,998,0
2025-11-26,Rajshahi,1004,0
2025-11-27,Rajshahi,982,0
2025-11-28,Rajshahi,907,0
2025-11-29,Rajshahi,1006,0
2025-11-30,Rajshahi,979,0
2025-12-01,Rajshahi,972,0
2025-12-02,Rajshahi,964,0
2025-12-03,Rajshahi,988,0
2025-12-04,Rajshahi,985,0
2025-12-05,Rajshahi,881,0
2025-12-06,Rajshahi,946,0
2025-12-07,Rajshahi,1001,0
2025-12-08,Rajshahi,1018,0
2025-12-09,Rajshahi,1013,0
2025-12-10,Rajshahi,1030,0
2025-12-11,Rajshahi,985,0
2025-12-12,Rajshahi,900,0
2025-12-13,Rajshahi,1019,0
2025-12-14,Rajshahi,998,0
2025-12-15,Rajshahi,997,0
2025-12-16,Rajshahi,963,0
2025-12-17,Rajshahi,978,0
2025-12-18,Rajshahi,967,0
2025-12-19,Rajshahi,892,0
2025-12-20,Rajshahi,959,0
2025-12-21,Rajshahi,986,0
2025-12-22,Rajshahi,1000,0
2025-12-23,Rajshahi,1006,0
2025-12-24,Rajshahi,955,0
2025-12-25,Rajshahi,956,0
2025-12-26,Rajshahi,891,0
2025-12-27,Rajshahi,993,0
2025-12-29,Rajshahi,990,0
2025-12-30,Rajshahi,982,0
2025-12-31,Rajshahi,971,0
2023-01-01,Rangpur,613,0
2023-01-02,Rangpur,642,0
2023-01-03,Rangpur,654,0
2023-01-04,Rangpur,658,0
2023-01-05,Rangpur,670,0
2023-01-06,Rangpur,620,0
2023-01-07,Rangpur,638,0
2023-01-08,Rangpur,672,84
2023-01-09,Rangpur,637,100
2023-01-10,Rangpur,653,55
2023-01-11,Rangpur,652,0
2023-01-12,Rangpur,628,112
2023-01-13,Rangpur,621,0
2023-01-14,Rangpur,645,24
2023-01-15,Rangpur,676,113
2023-01-16,Rangpur,703,133
2023-01-17,Rangpur,679,115
2023-01-18,Rangpur,692,107
2023-01-19,Rangpur,704,0
2023-01-20,Rangpur,653,0
2023-01-21,Rangpur,691,0
2023-01-22,Rangpur,694,50
2023-01-23,Rangpur,705,0
2023-01-24,Rangpur,728,0
2023-01-25,Rangpur,725,0
2023-01-26,Rangpur,733,0
2023-01-27,Rangpur,682,0
2023-01-28,Rangpur,706,0
2023-01-29,Rangpur,767,0
2023-01-30,Rangpur,774,0
2023-01-31,Rangpur,727,0
2023-02-01,Rangpur,761,0
2023-02-02,Rangpur,771,0
2023-02-03,Rangpur,707,0
2023-02-04,Rangpur,713,0
2023-02-05,Rangpur,734,0
2023-02-06,Rangpur,701,0
2023-02-07,Rangpur,711,0
2023-02-08,Rangpur,703,0
2023-02-09,Rangpur,692,0
2023-02-10,Rangpur,703,0
2023-02-11,Rangpur,671,0
2023-02-12,Rangpur,674,50
2023-02-13,Rangpur,736,10
2023-02-14,Rangpur,739,0
2023-02-15,Rangpur,743,130
2023-02-16,Rangpur,724,0
2023-02-17,Rangpur,724,0
2023-02-18,Rangpur,717,0
2023-02-19,Rangpur,736,0
2023-02-20,Rangpur,695,0
2023-02-21,Rangpur,717,0
2023-02-22,Rangpur,713,36
2023-02-23,Rangpur,708,0
2023-02-24,Rangpur,673,0
2023-02-25,Rangpur,767,0
2023-02-26,Rangpur,711,0
2023-02-27,Rangpur,776,0
2023-02-28,Rangpur,754,0
2023-03-01,Rangpur,776,0
2023-03-02,Rangpur,773,0
2023-03-03,Rangpur,735,0
2023-03-04,Rangpur,812,0
2023-03-05,Rangpur,778,0
2023-03-06,Rangpur,795,0
2023-03-07,Rangpur,769,0
2023-03-08,Rangpur,728,0
2023-03-09,Rangpur,829,0
2023-03-10,Rangpur,776,0
2023-03-11,Rangpur,845,0
2023-03-12,Rangpur,847,0
2023-03-13,Rangpur,910,0
2023-03-14,Rangpur,844,0
2023-03-15,Rangpur,678,0
2023-03-16,Rangpur,824,0
2023-03-17,Rangpur,645,0
2023-03-18,Rangpur,876,0
2023-03-19,Rangpur,704,0
2023-03-20,Rangpur,651,0
2023-03-21,Rangpur,654,0
2023-03-22,Rangpur,690,0
2023-03-23,Rangpur,773,0
2023-03-24,Rangpur,651,0
2023-03-25,Rangpur,715,0
2023-03-26,Rangpur,734,0
2023-03-27,Rangpur,793,0
2023-03-28,Rangpur,767,0
2023-03-29,Rangpur,730,0
2023-03-30,Rangpur,780,0
2023-03-31,Rangpur,675,0
2023-04-01,Rangpur,577,0
2023-04-02,Rangpur,643,0
2023-04-03,Rangpur,699,0
2023-04-04,Rangpur,742,0
2023-04-05,Rangpur,738,0
2023-04-06,Rangpur,751,0
2023-04-07,Rangpur,756,0
2023-04-08,Rangpur,849,0
2023-04-09,Rangpur,836,0
2023-04-10,Rangpur,857,0
2023-04-11,Rangpur,863,0
2023-04-12,Rangpur,893,0
2023-04-13,Rangpur,939,0
2023-04-14,Rangpur,945,40
2023-04-15,Rangpur,900,90
2023-04-16,Rangpur,1012,132
2023-04-17,Rangpur,1033,150
2023-04-18,Rangpur,1015,150
2023-04-19,Rangpur,1047,60
2023-04-20,Rangpur,1000,25
2023-04-21,Rangpur,844,0
2023-04-22,Rangpur,815,0
2023-04-23,Rangpur,637,0
2023-04-24,Rangpur,745,0
2023-04-25,Rangpur,812,0
2023-04-26,Rangpur,852,0
2023-04-27,Rangpur,884,0
2023-04-28,Rangpur,840,0
2023-04-29,Rangpur,759,0
2023-04-30,Rangpur,753,0
2023-05-01,Rangpur,726,0
2023-05-02,Rangpur,756,0
2023-05-03,Rangpur,861,0
2023-05-04,Rangpur,711,0
2023-05-05,Rangpur,817,0
2023-05-06,Rangpur,866,0
2023-05-07,Rangpur,902,50
2023-05-08,Rangpur,978,135
2023-05-09,Rangpur,953,92
2023-05-10,Rangpur,934,50
2023-05-11,Rangpur,879,0
2023-05-12,Rangpur,895,0
2023-05-13,Rangpur,918,195
2023-05-14,Rangpur,934,272
2023-05-15,Rangpur,945,226
2023-05-16,Rangpur,858,0
2023-05-17,Rangpur,788,0
2023-05-18,Rangpur,765,0
2023-05-19,Rangpur,705,0
2023-05-20,Rangpur,861,126
2023-05-21,Rangpur,795,0
2023-05-22,Rangpur,855,0
2023-05-23,Rangpur,383,0
2023-05-24,Rangpur,871,0
2023-05-25,Rangpur,870,0
2023-05-26,Rangpur,845,0
2023-05-27,Rangpur,817,0
2023-05-28,Rangpur,871,0
2023-05-29,Rangpur,965,100
2023-05-30,Rangpur,910,30
2023-05-31,Rangpur,976,72
2023-06-01,Rangpur,977,120
2023-06-02,Rangpur,953,50
2023-06-03,Rangpur,988,140
2023-06-04,Rangpur,873,128
2023-06-05,Rangpur,943,136
2023-06-06,Rangpur,984,190
2023-06-07,Rangpur,817,160
2023-06-08,Rangpur,1057,152
2023-06-09,Rangpur,897,0
2023-06-10,Rangpur,923,0
2023-06-11,Rangpur,860,0
2023-06-12,Rangpur,925,0
2023-06-13,Rangpur,839,150
2023-06-14,Rangpur,966,119
2023-06-15,Rangpur,584,0
2023-06-16,Rangpur,740,0
2023-06-17,Rangpur,784,0
2023-06-18,Rangpur,734,0
2023-06-19,Rangpur,743,0
2023-06-20,Rangpur,738,0
2023-06-21,Rangpur,805,0
2023-06-22,Rangpur,858,0
2023-06-23,Rangpur,892,0
2023-06-24,Rangpur,979,83
2023-06-25,Rangpur,920,138
2023-06-26,Rangpur,905,0
2023-06-27,Rangpur,831,0
2023-06-28,Rangpur,793,0
2023-06-29,Rangpur,811,0
2023-06-30,Rangpur,724,0
2023-07-01,Rangpur,872,0
2023-07-02,Rangpur,831,0
2023-07-03,Rangpur,838,0
2023-07-04,Rangpur,866,36
2023-07-05,Rangpur,927,0
2023-07-06,Rangpur,915,0
2023-07-07,Rangpur,928,0
2023-07-08,Rangpur,928,0
2023-07-09,Rangpur,964,100
2023-07-10,Rangpur,966,165
2023-07-11,Rangpur,947,111
2023-07-12,Rangpur,962,55
2023-07-13,Rangpur,948,0
2023-07-14,Rangpur,861,79
2023-07-15,Rangpur,966,0
2023-07-16,Rangpur,965,51
2023-07-17,Rangpur,1011,110
2023-07-18,Rangpur,982,188
2023-07-19,Rangpur,991,180
2023-07-20,Rangpur,987,76
2023-07-21,Rangpur,964,0
2023-07-22,Rangpur,1207,108
2023-07-23,Rangpur,965,115
2023-07-24,Rangpur,999,92
2023-07-25,Rangpur,1041,50
2023-07-26,Rangpur,1042,74
2023-07-27,Rangpur,1059,122
2023-07-28,Rangpur,956,8
2023-07-29,Rangpur,993,0
2023-07-30,Rangpur,968,125
2023-07-31,Rangpur,1134,90
2023-08-01,Rangpur,1060,25
2023-08-02,Rangpur,1002,0
2023-08-03,Rangpur,1015,0
2023-08-04,Rangpur,877,0
2023-08-05,Rangpur,997,22
2023-08-06,Rangpur,996,38
2023-08-07,Rangpur,963,0
2023-08-08,Rangpur,896,0
2023-08-09,Rangpur,947,0
2023-08-10,Rangpur,982,47
2023-08-11,Rangpur,920,0
2023-08-12,Rangpur,943,0
2023-08-13,Rangpur,882,0
2023-08-14,Rangpur,982,0
2023-08-15,Rangpur,979,97
2023-08-16,Rangpur,1001,100
2023-08-17,Rangpur,967,100
2023-08-18,Rangpur,958,27
2023-08-19,Rangpur,998,156
2023-08-20,Rangpur,963,120
2023-08-21,Rangpur,970,110
2023-08-22,Rangpur,879,0
2023-08-23,Rangpur,853,0
2023-08-24,Rangpur,888,0
2023-08-25,Rangpur,790,0
2023-08-26,Rangpur,888,0
2023-08-27,Rangpur,937,30
2023-08-28,Rangpur,960,24
2023-08-29,Rangpur,974,200
2023-08-30,Rangpur,974,58
2023-08-31,Rangpur,1016,100
2023-09-01,Rangpur,975,20
2023-09-02,Rangpur,1003,103
2023-09-03,Rangpur,1040,130
2023-09-04,Rangpur,997,135
2023-09-05,Rangpur,1001,124
2023-09-06,Rangpur,871,0
2023-09-07,Rangpur,1017,108
2023-09-08,Rangpur,873,0
2023-09-09,Rangpur,948,42
2023-09-10,Rangpur,1017,95
2023-09-11,Rangpur,1000,79
2023-09-12,Rangpur,985,53
2023-09-13,Rangpur,1016,94
2023-09-14,Rangpur,1007,70
2023-09-15,Rangpur,955,0
2023-09-16,Rangpur,994,88
2023-09-17,Rangpur,996,160
2023-09-18,Rangpur,964,0
2023-09-19,Rangpur,934,0
2023-09-20,Rangpur,842,0
2023-09-21,Rangpur,676,0
2023-09-22,Rangpur,633,0
2023-09-23,Rangpur,681,0
2023-09-24,Rangpur,572,0
2023-09-25,Rangpur,827,0
2023-09-26,Rangpur,926,0
2023-09-27,Rangpur,963,0
2023-09-28,Rangpur,920,0
2023-09-29,Rangpur,957,0
2023-09-30,Rangpur,880,0
2023-10-01,Rangpur,899,0
2023-10-02,Rangpur,942,0
2023-10-03,Rangpur,868,0
2023-10-04,Rangpur,695,0
2023-10-05,Rangpur,665,0
2023-10-06,Rangpur,597,0
2023-10-07,Rangpur,764,0
2023-10-08,Rangpur,882,0
2023-10-09,Rangpur,898,0
2023-10-10,Rangpur,806,0
2023-10-11,Rangpur,881,0
2023-10-12,Rangpur,880,0
2023-10-13,Rangpur,796,0
2023-10-14,Rangpur,853,0
2023-10-15,Rangpur,779,0
2023-10-16,Rangpur,758,0
2023-10-17,Rangpur,762,0
2023-10-18,Rangpur,741,0
2023-10-19,Rangpur,732,0
2023-10-20,Rangpur,699,0
2023-10-21,Rangpur,730,0
2023-10-22,Rangpur,666,0
2023-10-23,Rangpur,717,0
2023-10-24,Rangpur,640,0
2023-10-25,Rangpur,667,0
2023-10-26,Rangpur,677,0
2023-10-27,Rangpur,587,0
2023-10-28,Rangpur,638,0
2023-10-29,Rangpur,724,0
2023-10-30,Rangpur,761,0
2023-10-31,Rangpur,695,0
2023-11-01,Rangpur,678,0
2023-11-02,Rangpur,745,0
2023-11-03,Rangpur,571,0
2023-11-04,Rangpur,715,0
2023-11-05,Rangpur,712,0
2023-11-06,Rangpur,694,0
2023-11-07,Rangpur,651,0
2023-11-08,Rangpur,677,0
2023-11-09,Rangpur,687,0
2023-11-10,Rangpur,546,0
2023-11-11,Rangpur,680,0
2023-11-12,Rangpur,694,0
2023-11-13,Rangpur,693,0
2023-11-14,Rangpur,662,0
2023-11-15,Rangpur,701,0
2023-11-16,Rangpur,657,0
2023-11-17,Rangpur,523,0
2023-11-18,Rangpur,694,0
2023-11-19,Rangpur,669,0
2023-11-20,Rangpur,715,0
2023-11-21,Rangpur,697,0
2023-11-22,Rangpur,677,0
2023-11-23,Rangpur,669,0
2023-11-24,Rangpur,639,0
2023-11-25,Rangpur,707,0
2023-11-26,Rangpur,689,0
2023-11-27,Rangpur,715,0
2023-11-28,Rangpur,727,0
2023-11-29,Rangpur,708,0
2023-11-30,Rangpur,721,0
2023-12-01,Rangpur,575,0
2023-12-02,Rangpur,680,0
2023-12-03,Rangpur,687,0
2023-12-04,Rangpur,635,0
2023-12-05,Rangpur,715,0
2023-12-06,Rangpur,700,0
2023-12-07,Rangpur,656,0
2023-12-08,Rangpur,549,0
2023-12-09,Rangpur,655,0
2023-12-10,Rangpur,692,0
2023-12-11,Rangpur,693,0
2023-12-12,Rangpur,644,0
2023-12-13,Rangpur,699,0
2023-12-14,Rangpur,676,0
2023-12-15,Rangpur,631,0
2023-12-16,Rangpur,641,0
2023-12-17,Rangpur,642,0
2023-12-18,Rangpur,717,0
2023-12-19,Rangpur,700,0
2023-12-20,Rangpur,718,0
2023-12-21,Rangpur,708,0
2023-12-22,Rangpur,639,0
2023-12-23,Rangpur,657,0
2023-12-24,Rangpur,692,0
2023-12-25,Rangpur,707,0
2023-12-26,Rangpur,703,0
2023-12-27,Rangpur,707,0
2023-12-28,Rangpur,681,0
2023-12-29,Rangpur,708,0
2023-12-30,Rangpur,659,0
2023-12-31,Rangpur,671,0
2024-01-01,Rangpur,655,0
2024-01-02,Rangpur,690,0
2024-01-03,Rangpur,671,0
2024-01-04,Rangpur,690,0
2024-01-05,Rangpur,616,0
2024-01-06,Rangpur,628,0
2024-01-07,Rangpur,523,0
2024-01-08,Rangpur,645,0
2024-01-09,Rangpur,649,0
2024-01-10,Rangpur,680,0
2024-01-11,Rangpur,670,0
2024-01-12,Rangpur,616,0
2024-01-13,Rangpur,680,0
2024-01-14,Rangpur,697,0
2024-01-15,Rangpur,704,0
2024-01-16,Rangpur,715,0
2024-01-17,Rangpur,713,0
2024-01-18,Rangpur,714,0
2024-01-19,Rangpur,688,0
2024-01-20,Rangpur,702,0
2024-01-21,Rangpur,701,0
2024-01-22,Rangpur,745,0
2024-01-23,Rangpur,753,0
2024-01-24,Rangpur,742,0
2024-01-25,Rangpur,781,0
2024-01-26,Rangpur,709,0
2024-01-27,Rangpur,749,0
2024-01-28,Rangpur,790,0
2024-01-29,Rangpur,782,0
2024-01-30,Rangpur,770,0
2024-01-31,Rangpur,786,0
2024-02-01,Rangpur,790,0
2024-02-02,Rangpur,707,0
2024-02-03,Rangpur,798,0
2024-02-04,Rangpur,795,0
2024-02-05,Rangpur,732,0
2024-02-06,Rangpur,797,0
2024-02-07,Rangpur,790,0
2024-02-08,Rangpur,780,0
2024-02-09,Rangpur,714,0
2024-02-10,Rangpur,768,0
2024-02-11,Rangpur,771,0
2024-02-12,Rangpur,777,0
2024-02-13,Rangpur,761,0
2024-02-14,Rangpur,757,0
2024-02-15,Rangpur,765,0
2024-02-16,Rangpur,671,0
2024-02-17,Rangpur,773,0
2024-02-18,Rangpur,793,0
2024-02-19,Rangpur,763,0
2024-02-20,Rangpur,754,0
2024-02-21,Rangpur,737,0
2024-02-22,Rangpur,688,0
2024-02-23,Rangpur,716,0
2024-02-24,Rangpur,766,0
2024-02-25,Rangpur,734,0
2024-02-26,Rangpur,710,0
2024-02-27,Rangpur,740,0
2024-02-28,Rangpur,767,0
2024-02-29,Rangpur,760,0
2024-03-01,Rangpur,748,0
2024-03-02,Rangpur,762,0
2024-03-03,Rangpur,775,0
2024-03-04,Rangpur,805,0
2024-03-05,Rangpur,812,0
2024-03-06,Rangpur,833,0
2024-03-07,Rangpur,824,0
2024-03-08,Rangpur,785,0
2024-03-09,Rangpur,802,0
2024-03-10,Rangpur,839,0
2024-03-11,Rangpur,858,0
2024-03-12,Rangpur,791,0
2024-03-13,Rangpur,786,0
2024-03-14,Rangpur,792,0
2024-03-15,Rangpur,711,0
2024-03-16,Rangpur,760,0
2024-03-17,Rangpur,776,0
2024-03-18,Rangpur,822,0
2024-03-19,Rangpur,795,0
2024-03-20,Rangpur,428,0
2024-03-21,Rangpur,578,0
2024-03-22,Rangpur,577,0
2024-03-23,Rangpur,549,0
2024-03-24,Rangpur,635,0
2024-03-25,Rangpur,683,0
2024-03-26,Rangpur,616,0
2024-03-27,Rangpur,647,0
2024-03-28,Rangpur,673,0
2024-03-29,Rangpur,728,0
2024-03-30,Rangpur,806,80
2024-03-31,Rangpur,807,0
2024-04-01,Rangpur,867,70
2024-04-02,Rangpur,851,85
2024-04-03,Rangpur,876,110
2024-04-04,Rangpur,837,96
2024-04-05,Rangpur,930,100
2024-04-06,Rangpur,985,90
2024-04-07,Rangpur,928,100
2024-04-08,Rangpur,906,0
2024-04-09,Rangpur,916,0
2024-04-10,Rangpur,922,0
2024-04-11,Rangpur,732,0
2024-04-12,Rangpur,843,0
2024-04-13,Rangpur,926,0
2024-04-14,Rangpur,939,20
2024-04-15,Rangpur,1002,85
2024-04-16,Rangpur,1018,48
2024-04-17,Rangpur,1014,71
2024-04-18,Rangpur,992,70
2024-04-19,Rangpur,959,70
2024-04-20,Rangpur,1014,50
2024-04-21,Rangpur,1039,100
2024-04-22,Rangpur,1029,50
2024-04-23,Rangpur,1025,96
2024-04-24,Rangpur,1066,135
2024-04-25,Rangpur,1104,193
2024-04-26,Rangpur,1026,116
2024-04-27,Rangpur,1060,120
2024-04-28,Rangpur,1073,180
2024-04-29,Rangpur,1030,130
2024-04-30,Rangpur,1075,84
2024-05-01,Rangpur,1024,54
2024-05-02,Rangpur,1044,112
2024-05-03,Rangpur,959,0
2024-05-04,Rangpur,1014,53
2024-05-05,Rangpur,717,0
2024-05-06,Rangpur,725,0
2024-05-07,Rangpur,806,0
2024-05-08,Rangpur,828,0
2024-05-09,Rangpur,736,0
2024-05-10,Rangpur,720,0
2024-05-11,Rangpur,985,0
2024-05-12,Rangpur,951,0
2024-05-13,Rangpur,1033,25
2024-05-14,Rangpur,988,65
2024-05-15,Rangpur,1026,95
2024-05-16,Rangpur,1009,125
2024-05-17,Rangpur,1045,53
2024-05-18,Rangpur,935,0
2024-05-19,Rangpur,976,0
2024-05-20,Rangpur,902,0
2024-05-23,Rangpur,1017,33
2024-05-24,Rangpur,1000,40
2024-05-25,Rangpur,956,0
2024-05-27,Rangpur,1072,69
2024-05-28,Rangpur,408,0
2024-05-29,Rangpur,931,0
2024-05-30,Rangpur,1007,65
2024-05-31,Rangpur,864,0
2024-06-01,Rangpur,715,0
2024-06-02,Rangpur,1011,105
2024-06-03,Rangpur,962,60
2024-06-04,Rangpur,954,0
2024-06-05,Rangpur,1056,0
2024-06-06,Rangpur,987,0
2024-06-07,Rangpur,985,25
2024-06-08,Rangpur,1052,67
2024-06-10,Rangpur,981,24
2024-06-11,Rangpur,1015,48
2024-06-12,Rangpur,1016,100
2024-06-13,Rangpur,956,0
2024-06-14,Rangpur,895,0
2024-06-15,Rangpur,848,0
2024-06-16,Rangpur,814,0
2024-06-17,Rangpur,814,0
2024-06-18,Rangpur,643,0
2024-06-19,Rangpur,646,0
2024-06-20,Rangpur,783,0
2024-06-21,Rangpur,915,102
2024-06-22,Rangpur,914,0
2024-06-23,Rangpur,1003,47
2024-06-24,Rangpur,958,105
2024-06-25,Rangpur,1061,215
2024-06-26,Rangpur,1000,117
2024-06-27,Rangpur,1007,55
2024-06-28,Rangpur,1000,48
2024-06-29,Rangpur,1000,48
2024-06-30,Rangpur,907,0
2024-07-01,Rangpur,833,0
2024-07-02,Rangpur,874,0
2024-07-03,Rangpur,965,0
2024-07-04,Rangpur,923,0
2024-07-05,Rangpur,847,0
2024-07-06,Rangpur,871,0
2024-07-07,Rangpur,999,41
2024-07-08,Rangpur,1018,25
2024-07-09,Rangpur,1005,0
2024-07-10,Rangpur,1055,120
2024-07-11,Rangpur,732,0
2024-07-12,Rangpur,884,0
2024-07-13,Rangpur,883,50
2024-07-14,Rangpur,1061,70
2024-07-15,Rangpur,1063,95
2024-07-16,Rangpur,1026,70
2024-07-17,Rangpur,1032,20
2024-07-23,Rangpur,997,0
2024-07-24,Rangpur,962,0
2024-07-25,Rangpur,1068,25
2024-07-26,Rangpur,1060,136
2024-07-27,Rangpur,1060,70
2024-07-28,Rangpur,1080,111
2024-07-29,Rangpur,1079,121
2024-07-30,Rangpur,1077,95
2024-07-31,Rangpur,1091,170
2024-08-01,Rangpur,782,0
2024-08-02,Rangpur,695,0
2024-08-03,Rangpur,797,0
2024-08-04,Rangpur,949,28
2024-08-05,Rangpur,949,28
2024-08-06,Rangpur,926,0
2024-08-07,Rangpur,901,0
2024-08-08,Rangpur,942,0
2024-08-09,Rangpur,938,38
2024-08-10,Rangpur,917,0
2024-08-11,Rangpur,931,0
2024-08-12,Rangpur,969,51
2024-08-13,Rangpur,967,105
2024-08-14,Rangpur,1019,120
2024-08-15,Rangpur,1012,112
2024-08-16,Rangpur,969,20
2024-08-17,Rangpur,936,90
2024-08-18,Rangpur,1014,95
2024-08-19,Rangpur,987,87
2024-08-20,Rangpur,810,0
2024-08-21,Rangpur,918,0
2024-08-22,Rangpur,909,0
2024-08-23,Rangpur,944,0
2024-08-24,Rangpur,1020,117
2024-08-25,Rangpur,983,111
2024-08-26,Rangpur,946,43
2024-08-27,Rangpur,1037,125
2024-08-28,Rangpur,1011,130
2024-08-29,Rangpur,1038,130
2024-08-30,Rangpur,1059,136
2024-08-31,Rangpur,1052,120
2024-09-01,Rangpur,968,91
2024-09-02,Rangpur,1044,160
2024-09-03,Rangpur,969,80
2024-09-04,Rangpur,1005,130
2024-09-05,Rangpur,948,130
2024-09-06,Rangpur,1028,65
2024-09-07,Rangpur,1039,125
2024-09-08,Rangpur,1075,195
2024-09-09,Rangpur,1080,240
2024-09-10,Rangpur,955,95
2024-09-11,Rangpur,1036,174
2024-09-12,Rangpur,908,53
2024-09-13,Rangpur,938,73
2024-09-14,Rangpur,945,0
2024-09-15,Rangpur,840,0
2024-09-16,Rangpur,911,0
2024-09-17,Rangpur,1032,45
2024-09-18,Rangpur,1085,70
2024-09-19,Rangpur,1055,70
2024-09-20,Rangpur,1073,45
2024-09-21,Rangpur,912,0
2024-09-22,Rangpur,1083,160
2024-09-23,Rangpur,1138,160
2024-09-24,Rangpur,919,0
2024-09-25,Rangpur,884,0
2024-09-26,Rangpur,636,0
2024-09-27,Rangpur,598,0
2024-09-28,Rangpur,713,0
2024-09-29,Rangpur,908,0
2024-09-30,Rangpur,1002,0
2024-10-01,Rangpur,1008,65
2024-10-02,Rangpur,949,0
2024-10-03,Rangpur,794,0
2024-10-05,Rangpur,750,0
2024-10-06,Rangpur,765,0
2024-10-07,Rangpur,931,0
2024-10-08,Rangpur,874,0
2024-10-09,Rangpur,937,0
2024-10-10,Rangpur,877,0
2024-10-11,Rangpur,780,0
2024-10-12,Rangpur,868,0
2024-10-13,Rangpur,832,0
2024-10-14,Rangpur,803,0
2024-10-15,Rangpur,775,0
2024-10-16,Rangpur,813,0
2024-10-17,Rangpur,788,0
2024-10-18,Rangpur,659,0
2024-10-19,Rangpur,783,0
2024-10-20,Rangpur,801,0
2024-10-21,Rangpur,808,0
2024-10-22,Rangpur,769,0
2024-10-23,Rangpur,755,0
2024-10-24,Rangpur,698,0
2024-10-25,Rangpur,533,0
2024-10-26,Rangpur,630,0
2024-10-27,Rangpur,726,0
2024-10-28,Rangpur,768,60
2024-10-29,Rangpur,775,60
2024-10-30,Rangpur,793,80
2024-10-31,Rangpur,787,81
2024-11-01,Rangpur,663,0
2024-11-02,Rangpur,678,0
2024-11-03,Rangpur,753,0
2024-11-04,Rangpur,717,37
2024-11-05,Rangpur,788,0
2024-11-06,Rangpur,774,0
2024-11-07,Rangpur,770,0
2024-11-08,Rangpur,682,0
2024-11-09,Rangpur,674,0
2024-11-10,Rangpur,662,0
2024-11-11,Rangpur,643,0
2024-11-12,Rangpur,690,0
2024-11-13,Rangpur,724,0
2024-11-14,Rangpur,723,0
2024-11-15,Rangpur,787,81
2024-11-16,Rangpur,682,0
2024-11-17,Rangpur,714,0
2024-11-18,Rangpur,729,0
2024-11-19,Rangpur,736,0
2024-11-20,Rangpur,733,0
2024-11-21,Rangpur,707,0
2024-11-22,Rangpur,626,0
2024-11-23,Rangpur,647,0
2024-11-24,Rangpur,710,0
2024-11-25,Rangpur,711,0
2024-11-26,Rangpur,723,0
2024-11-27,Rangpur,667,0
2024-11-28,Rangpur,682,0
2024-11-29,Rangpur,575,0
2024-11-30,Rangpur,740,0
2024-12-01,Rangpur,731,0
2024-12-02,Rangpur,702,0
2024-12-03,Rangpur,726,0
2024-12-04,Rangpur,728,0
2024-12-05,Rangpur,718,0
2024-12-06,Rangpur,655,0
2024-12-07,Rangpur,696,0
2024-12-08,Rangpur,729,0
2024-12-09,Rangpur,700,0
2024-12-10,Rangpur,731,0
2024-12-11,Rangpur,695,0
2024-12-13,Rangpur,661,0
2024-12-14,Rangpur,737,0
2024-12-15,Rangpur,748,0
2024-12-16,Rangpur,691,0
2024-12-17,Rangpur,665,0
2024-12-18,Rangpur,657,0
2024-12-19,Rangpur,709,0
2024-12-20,Rangpur,622,0
2024-12-21,Rangpur,649,0
2024-12-22,Rangpur,730,0
2024-12-23,Rangpur,726,0
2024-12-24,Rangpur,717,0
2024-12-25,Rangpur,710,0
2024-12-26,Rangpur,707,0
2024-12-27,Rangpur,627,0
2024-12-28,Rangpur,688,0
2024-12-29,Rangpur,643,0
2024-12-30,Rangpur,706,0
2024-12-31,Rangpur,691,0
2025-01-01,Rangpur,722,0
2025-01-02,Rangpur,666,0
2025-01-03,Rangpur,617,0
2025-01-04,Rangpur,658,0
2025-01-05,Rangpur,711,0
2025-01-06,Rangpur,703,0
2025-01-07,Rangpur,651,0
2025-01-08,Rangpur,669,0
2025-01-09,Rangpur,662,0
2025-01-10,Rangpur,598,0
2025-01-11,Rangpur,685,0
2025-01-12,Rangpur,677,0
2025-01-13,Rangpur,673,0
2025-01-14,Rangpur,657,0
2025-01-15,Rangpur,674,0
2025-01-16,Rangpur,651,0
2025-01-17,Rangpur,611,0
2025-01-18,Rangpur,688,0
2025-01-19,Rangpur,696,0
2025-01-20,Rangpur,714,0
2025-01-21,Rangpur,693,0
2025-01-22,Rangpur,674,0
2025-01-23,Rangpur,719,0
2025-01-24,Rangpur,670,0
2025-01-25,Rangpur,755,0
2025-01-26,Rangpur,752,0
2025-01-27,Rangpur,749,0
2025-01-28,Rangpur,768,0
2025-01-29,Rangpur,745,0
2025-01-30,Rangpur,780,0
2025-01-31,Rangpur,691,0
2025-02-01,Rangpur,804,0
2025-02-02,Rangpur,805,0
2025-02-03,Rangpur,805,0
2025-02-05,Rangpur,792,0
2025-02-06,Rangpur,799,0
2025-02-07,Rangpur,756,0
2025-02-08,Rangpur,797,0
2025-02-09,Rangpur,790,0
2025-02-10,Rangpur,762,0
2025-02-11,Rangpur,780,0
2025-02-12,Rangpur,782,0
2025-02-13,Rangpur,758,0
2025-02-15,Rangpur,753,0
2025-02-16,Rangpur,786,0
2025-02-17,Rangpur,759,0
2025-02-18,Rangpur,760,0
2025-02-19,Rangpur,812,0
2025-02-20,Rangpur,784,0
2025-02-21,Rangpur,749,0
2025-02-22,Rangpur,689,0
2025-02-23,Rangpur,719,0
2025-02-24,Rangpur,771,0
2025-02-25,Rangpur,782,0
2025-02-26,Rangpur,713,0
2025-02-27,Rangpur,793,0
2025-02-28,Rangpur,745,0
2025-03-01,Rangpur,845,0
2025-03-02,Rangpur,794,0
2025-03-03,Rangpur,794,0
2025-03-04,Rangpur,790,0
2025-03-05,Rangpur,757,0
2025-03-06,Rangpur,776,0
2025-03-07,Rangpur,702,0
2025-03-08,Rangpur,764,0
2025-03-09,Rangpur,760,0
2025-03-10,Rangpur,750,0
2025-03-11,Rangpur,721,0
2025-03-12,Rangpur,697,0
2025-03-13,Rangpur,718,0
2025-03-14,Rangpur,704,0
2025-03-15,Rangpur,792,0
2025-03-16,Rangpur,791,0
2025-03-17,Rangpur,800,0
2025-03-18,Rangpur,800,0
2025-03-19,Rangpur,852,0
2025-03-20,Rangpur,790,0
2025-03-21,Rangpur,691,0
2025-03-22,Rangpur,729,0
2025-03-23,Rangpur,722,0
2025-03-24,Rangpur,839,0
2025-03-25,Rangpur,864,0
2025-03-26,Rangpur,850,0
2025-03-27,Rangpur,867,0
2025-03-28,Rangpur,941,0
2025-03-30,Rangpur,906,0
2025-03-31,Rangpur,763,0
2025-04-01,Rangpur,905,0
2025-04-02,Rangpur,967,0
2025-04-03,Rangpur,962,0
2025-04-04,Rangpur,800,0
2025-04-05,Rangpur,922,0
2025-04-06,Rangpur,966,0
2025-04-07,Rangpur,1062,0
2025-04-08,Rangpur,1067,5
2025-04-09,Rangpur,1009,0
2025-04-10,Rangpur,804,0
2025-04-11,Rangpur,845,0
2025-04-12,Rangpur,975,0
2025-04-13,Rangpur,756,0
2025-04-14,Rangpur,803,0
2025-04-15,Rangpur,933,0
2025-04-16,Rangpur,870,0
2025-04-17,Rangpur,764,0
2025-04-18,Rangpur,740,0
2025-04-19,Rangpur,939,12
2025-04-20,Rangpur,965,0
2025-04-21,Rangpur,979,0
2025-04-22,Rangpur,923,0
2025-04-23,Rangpur,974,0
2025-04-24,Rangpur,1024,13
2025-04-25,Rangpur,1038,20
2025-04-26,Rangpur,1000,70
2025-04-27,Rangpur,722,0
2025-04-28,Rangpur,689,0
2025-04-29,Rangpur,749,0
2025-04-30,Rangpur,894,0
2025-05-01,Rangpur,736,0
2025-05-02,Rangpur,941,0
2025-05-03,Rangpur,1002,10
2025-05-04,Rangpur,782,0
2025-05-05,Rangpur,951,0
2025-05-06,Rangpur,888,0
2025-05-07,Rangpur,1038,14
2025-05-08,Rangpur,1006,0
2025-05-09,Rangpur,1053,6
2025-05-10,Rangpur,1044,0
2025-05-11,Rangpur,709,0
2025-05-12,Rangpur,915,0
2025-05-13,Rangpur,991,0
2025-05-14,Rangpur,924,0
2025-05-15,Rangpur,884,0
2025-05-16,Rangpur,877,0
2025-05-17,Rangpur,718,0
2025-05-18,Rangpur,242,0
2025-05-19,Rangpur,849,0
2025-05-20,Rangpur,864,0
2025-05-21,Rangpur,927,0
2025-05-22,Rangpur,976,3
2025-05-23,Rangpur,844,0
2025-05-24,Rangpur,914,0
2025-05-25,Rangpur,870,0
2025-05-26,Rangpur,918,0
2025-05-27,Rangpur,972,165
2025-05-28,Rangpur,922,109
2025-05-29,Rangpur,791,0
2025-05-30,Rangpur,840,0
2025-05-31,Rangpur,868,0
2025-06-01,Rangpur,917,0
2025-06-02,Rangpur,1031,0
2025-06-03,Rangpur,933,0
2025-06-04,Rangpur,1001,0
2025-06-05,Rangpur,989,0
2025-06-07,Rangpur,998,0
2025-06-08,Rangpur,994,0
2025-06-09,Rangpur,1043,16
2025-06-10,Rangpur,1063,35
2025-06-11,Rangpur,1007,13
2025-06-12,Rangpur,1067,50
2025-06-13,Rangpur,1110,55
2025-06-14,Rangpur,1060,0
2025-06-15,Rangpur,1090,25
2025-06-16,Rangpur,1062,20
2025-06-17,Rangpur,975,0
2025-06-18,Rangpur,943,0
2025-06-19,Rangpur,913,0
2025-06-20,Rangpur,921,0
2025-06-21,Rangpur,1052,28
2025-06-22,Rangpur,1013,0
2025-06-23,Rangpur,996,0
2025-06-24,Rangpur,1009,0
2025-06-25,Rangpur,1035,36
2025-06-27,Rangpur,998,0
2025-06-28,Rangpur,1040,20
2025-06-29,Rangpur,1046,30
2025-06-30,Rangpur,1003,37
2025-07-01,Rangpur,1085,47
2025-07-03,Rangpur,1086,43
2025-07-04,Rangpur,959,0
2025-07-06,Rangpur,1076,33
2025-07-07,Rangpur,1074,20
2025-07-08,Rangpur,975,0
2025-07-09,Rangpur,939,0
2025-07-10,Rangpur,1001,31
2025-07-11,Rangpur,1034,0
2025-07-12,Rangpur,1111,67
2025-07-13,Rangpur,1119,74
2025-07-14,Rangpur,934,0
2025-07-15,Rangpur,947,0
2025-07-16,Rangpur,933,0
2025-07-17,Rangpur,1048,36
2025-07-18,Rangpur,1040,49
2025-07-19,Rangpur,1121,78
2025-07-21,Rangpur,694,687
2025-07-23,Rangpur,1073,95
2025-07-24,Rangpur,1054,101
2025-07-25,Rangpur,935,10
2025-07-26,Rangpur,1053,113
2025-07-27,Rangpur,1034,70
2025-07-28,Rangpur,1005,50
2025-07-29,Rangpur,1035,74
2025-07-30,Rangpur,1029,88
2025-07-31,Rangpur,1037,45
2025-08-01,Rangpur,992,0
2025-08-02,Rangpur,999,0
2025-08-04,Rangpur,929,0
2025-08-05,Rangpur,897,0
2025-08-06,Rangpur,1010,35
2025-08-07,Rangpur,986,22
2025-08-08,Rangpur,920,0
2025-08-09,Rangpur,1036,29
2025-08-10,Rangpur,1060,44
2025-08-11,Rangpur,1054,43
2025-08-12,Rangpur,1045,47
2025-08-13,Rangpur,891,0
2025-08-14,Rangpur,981,0
2025-08-15,Rangpur,981,0
2025-08-16,Rangpur,1040,60
2025-08-17,Rangpur,1088,55
2025-08-18,Rangpur,1112,90
2025-08-19,Rangpur,983,0
2025-08-20,Rangpur,1009,0
2025-08-21,Rangpur,1027,28
2025-08-22,Rangpur,947,0
2025-08-23,Rangpur,958,0
2025-08-24,Rangpur,1026,0
2025-08-25,Rangpur,1057,0
2025-08-26,Rangpur,1082,0
2025-08-27,Rangpur,1090,0
2025-08-28,Rangpur,1055,0
2025-08-29,Rangpur,955,0
2025-08-30,Rangpur,1000,0
2025-08-31,Rangpur,1093,0
2025-09-01,Rangpur,1144,0
2025-09-02,Rangpur,1076,0
2025-09-03,Rangpur,1062,0
2025-09-04,Rangpur,1112,0
2025-09-05,Rangpur,1035,0
2025-09-06,Rangpur,1060,0
2025-09-07,Rangpur,1005,0
2025-09-08,Rangpur,1025,0
2025-09-09,Rangpur,1025,125
2025-09-10,Rangpur,1005,95
2025-09-11,Rangpur,1005,95
2025-09-12,Rangpur,965,0
2025-09-13,Rangpur,1023,35
2025-09-14,Rangpur,934,0
2025-09-15,Rangpur,884,0
2025-09-16,Rangpur,814,0
2025-09-17,Rangpur,908,0
2025-09-18,Rangpur,900,0
2025-09-19,Rangpur,859,0
2025-09-20,Rangpur,950,0
2025-09-21,Rangpur,1071,0
2025-09-22,Rangpur,1035,0
2025-09-23,Rangpur,1066,0
2025-09-24,Rangpur,1069,39
2025-09-26,Rangpur,1031,0
2025-09-28,Rangpur,1067,105
2025-09-30,Rangpur,993,0
2025-10-01,Rangpur,799,0
2025-10-02,Rangpur,740,0
2025-10-03,Rangpur,795,0
2025-10-05,Rangpur,706,0
2025-10-06,Rangpur,869,0
2025-10-07,Rangpur,971,0
2025-10-08,Rangpur,927,0
2025-10-09,Rangpur,911,0
2025-10-10,Rangpur,890,0
2025-10-11,Rangpur,955,0
2025-10-12,Rangpur,890,40
2025-10-13,Rangpur,790,47
2025-10-14,Rangpur,787,38
2025-10-15,Rangpur,810,52
2025-10-16,Rangpur,912,10
2025-10-17,Rangpur,930,0
2025-10-18,Rangpur,929,31
2025-10-19,Rangpur,875,75
2025-10-20,Rangpur,836,42
2025-10-21,Rangpur,926,10
2025-10-22,Rangpur,927,0
2025-10-23,Rangpur,933,0
2025-10-24,Rangpur,804,0
2025-10-25,Rangpur,922,0
2025-10-26,Rangpur,903,0
2025-10-27,Rangpur,881,0
2025-10-28,Rangpur,825,0
2025-10-29,Rangpur,829,0
2025-10-30,Rangpur,755,0
2025-10-31,Rangpur,551,0
2025-11-01,Rangpur,674,0
2025-11-02,Rangpur,701,0
2025-11-03,Rangpur,783,0
2025-11-04,Rangpur,747,0
2025-11-05,Rangpur,772,0
2025-11-06,Rangpur,764,50
2025-11-07,Rangpur,620,0
2025-11-08,Rangpur,689,0
2025-11-09,Rangpur,744,10
2025-11-10,Rangpur,786,0
2025-11-11,Rangpur,752,0
2025-11-12,Rangpur,684,0
2025-11-13,Rangpur,712,0
2025-11-14,Rangpur,641,0
2025-11-15,Rangpur,673,0
2025-11-16,Rangpur,702,0
2025-11-17,Rangpur,695,0
2025-11-18,Rangpur,761,0
2025-11-19,Rangpur,754,0
2025-11-20,Rangpur,731,0
2025-11-21,Rangpur,670,0
2025-11-22,Rangpur,758,0
2025-11-23,Rangpur,738,0
2025-11-24,Rangpur,728,0
2025-11-25,Rangpur,762,0
2025-11-26,Rangpur,756,0
2025-11-27,Rangpur,717,0
2025-11-28,Rangpur,697,0
2025-11-29,Rangpur,758,0
2025-11-30,Rangpur,757,0
2025-12-01,Rangpur,758,0
2025-12-02,Rangpur,776,0
2025-12-03,Rangpur,778,0
2025-12-04,Rangpur,780,0
2025-12-05,Rangpur,688,0
2025-12-06,Rangpur,708,0
2025-12-07,Rangpur,795,0
2025-12-08,Rangpur,787,0
2025-12-09,Rangpur,778,0
2025-12-10,Rangpur,782,0
2025-12-11,Rangpur,770,0
2025-12-12,Rangpur,629,0
2025-12-13,Rangpur,764,0
2025-12-14,Rangpur,776,0
2025-12-15,Rangpur,764,0
2025-12-16,Rangpur,700,0
2025-12-17,Rangpur,709,0
2025-12-18,Rangpur,760,0
2025-12-19,Rangpur,633,0
2025-12-20,Rangpur,759,0
2025-12-21,Rangpur,774,0
2025-12-22,Rangpur,750,0
2025-12-23,Rangpur,741,0
2025-12-24,Rangpur,721,0
2025-12-25,Rangpur,702,0
2025-12-26,Rangpur,639,0
2025-12-27,Rangpur,732,0
2025-12-29,Rangpur,773,0
2025-12-30,Rangpur,719,0
2025-12-31,Rangpur,706,0
2023-01-01,Sylhet,341,0
2023-01-02,Sylhet,355,0
2023-01-03,Sylhet,349,0
2023-01-04,Sylhet,342,0
2023-01-05,Sylhet,343,0
2023-01-06,Sylhet,332,0
2023-01-07,Sylhet,356,0
2023-01-08,Sylhet,355,62
2023-01-09,Sylhet,359,62
2023-01-10,Sylhet,357,0
2023-01-11,Sylhet,353,0
2023-01-12,Sylhet,348,0
2023-01-13,Sylhet,322,0
2023-01-14,Sylhet,358,0
2023-01-15,Sylhet,352,53
2023-01-16,Sylhet,362,58
2023-01-17,Sylhet,361,0
2023-01-18,Sylhet,351,40
2023-01-19,Sylhet,357,0
2023-01-20,Sylhet,337,0
2023-01-21,Sylhet,359,0
2023-01-22,Sylhet,357,0
2023-01-23,Sylhet,347,0
2023-01-24,Sylhet,360,0
2023-01-25,Sylhet,375,0
2023-01-26,Sylhet,362,0
2023-01-27,Sylhet,325,0
2023-01-28,Sylhet,346,0
2023-01-29,Sylhet,363,0
2023-01-30,Sylhet,358,0
2023-01-31,Sylhet,367,0
2023-02-01,Sylhet,358,14
2023-02-02,Sylhet,372,0
2023-02-03,Sylhet,334,0
2023-02-04,Sylhet,361,0
2023-02-05,Sylhet,348,0
2023-02-06,Sylhet,364,0
2023-02-07,Sylhet,358,0
2023-02-08,Sylhet,360,0
2023-02-09,Sylhet,364,0
2023-02-10,Sylhet,344,0
2023-02-11,Sylhet,352,0
2023-02-12,Sylhet,345,0
2023-02-13,Sylhet,347,0
2023-02-14,Sylhet,364,0
2023-02-15,Sylhet,370,0
2023-02-16,Sylhet,362,0
2023-02-17,Sylhet,333,0
2023-02-18,Sylhet,373,0
2023-02-19,Sylhet,357,0
2023-02-20,Sylhet,379,0
2023-02-21,Sylhet,373,0
2023-02-22,Sylhet,355,0
2023-02-23,Sylhet,381,0
2023-02-24,Sylhet,365,0
2023-02-25,Sylhet,382,0
2023-02-26,Sylhet,358,0
2023-02-27,Sylhet,382,0
2023-02-28,Sylhet,372,0
2023-03-01,Sylhet,397,0
2023-03-02,Sylhet,403,0
2023-03-03,Sylhet,385,0
2023-03-04,Sylhet,419,0
2023-03-05,Sylhet,428,9
2023-03-06,Sylhet,443,0
2023-03-07,Sylhet,416,0
2023-03-08,Sylhet,402,0
2023-03-09,Sylhet,440,0
2023-03-10,Sylhet,395,0
2023-03-11,Sylhet,446,0
2023-03-12,Sylhet,463,0
2023-03-13,Sylhet,485,0
2023-03-14,Sylhet,433,0
2023-03-15,Sylhet,405,0
2023-03-16,Sylhet,430,0
2023-03-17,Sylhet,354,0
2023-03-18,Sylhet,434,0
2023-03-19,Sylhet,350,0
2023-03-20,Sylhet,334,0
2023-03-21,Sylhet,368,0
2023-03-22,Sylhet,380,0
2023-03-23,Sylhet,374,0
2023-03-24,Sylhet,383,0
2023-03-25,Sylhet,389,0
2023-03-26,Sylhet,392,0
2023-03-27,Sylhet,429,0
2023-03-28,Sylhet,449,0
2023-03-29,Sylhet,359,0
2023-03-30,Sylhet,420,0
2023-03-31,Sylhet,410,0
2023-04-01,Sylhet,379,0
2023-04-02,Sylhet,336,0
2023-04-03,Sylhet,391,0
2023-04-04,Sylhet,409,0
2023-04-05,Sylhet,383,0
2023-04-06,Sylhet,459,0
2023-04-07,Sylhet,481,0
2023-04-08,Sylhet,500,0
2023-04-09,Sylhet,507,30
2023-04-10,Sylhet,527,28
2023-04-11,Sylhet,555,0
2023-04-12,Sylhet,583,0
2023-04-13,Sylhet,567,15
2023-04-14,Sylhet,584,15
2023-04-15,Sylhet,549,80
2023-04-16,Sylhet,600,100
2023-04-17,Sylhet,626,15
2023-04-18,Sylhet,599,80
2023-04-19,Sylhet,640,40
2023-04-20,Sylhet,556,0
2023-04-21,Sylhet,275,0
2023-04-22,Sylhet,462,0
2023-04-23,Sylhet,312,0
2023-04-24,Sylhet,462,0
2023-04-25,Sylhet,509,0
2023-04-26,Sylhet,536,0
2023-04-27,Sylhet,200,0
2023-04-28,Sylhet,503,0
2023-04-29,Sylhet,127,0
2023-04-30,Sylhet,528,10
2023-05-01,Sylhet,510,0
2023-05-02,Sylhet,588,22
2023-05-03,Sylhet,463,0
2023-05-04,Sylhet,475,0
2023-05-05,Sylhet,522,0
2023-05-06,Sylhet,537,0
2023-05-07,Sylhet,572,0
2023-05-08,Sylhet,589,103
2023-05-09,Sylhet,625,93
2023-05-10,Sylhet,358,0
2023-05-11,Sylhet,387,0
2023-05-12,Sylhet,548,10
2023-05-13,Sylhet,568,119
2023-05-14,Sylhet,415,0
2023-05-15,Sylhet,546,102
2023-05-16,Sylhet,344,0
2023-05-17,Sylhet,455,0
2023-05-18,Sylhet,444,0
2023-05-19,Sylhet,409,0
2023-05-20,Sylhet,507,0
2023-05-21,Sylhet,308,0
2023-05-22,Sylhet,501,0
2023-05-23,Sylhet,411,0
2023-05-24,Sylhet,511,0
2023-05-25,Sylhet,557,0
2023-05-26,Sylhet,524,0
2023-05-27,Sylhet,495,0
2023-05-28,Sylhet,570,0
2023-05-29,Sylhet,603,10
2023-05-30,Sylhet,614,0
2023-05-31,Sylhet,645,137
2023-06-01,Sylhet,569,30
2023-06-02,Sylhet,560,0
2023-06-03,Sylhet,540,90
2023-06-04,Sylhet,592,85
2023-06-05,Sylhet,624,96
2023-06-06,Sylhet,626,0
2023-06-07,Sylhet,559,100
2023-06-08,Sylhet,626,10
2023-06-09,Sylhet,567,0
2023-06-10,Sylhet,500,0
2023-06-11,Sylhet,514,76
2023-06-12,Sylhet,527,35
2023-06-13,Sylhet,576,20
2023-06-14,Sylhet,270,0
2023-06-15,Sylhet,447,0
2023-06-16,Sylhet,369,0
2023-06-17,Sylhet,381,0
2023-06-18,Sylhet,389,0
2023-06-19,Sylhet,399,0
2023-06-20,Sylhet,392,0
2023-06-21,Sylhet,482,0
2023-06-22,Sylhet,520,42
2023-06-23,Sylhet,505,0
2023-06-24,Sylhet,555,0
2023-06-25,Sylhet,572,0
2023-06-26,Sylhet,543,0
2023-06-27,Sylhet,540,0
2023-06-28,Sylhet,464,0
2023-06-29,Sylhet,492,0
2023-06-30,Sylhet,449,0
2023-07-01,Sylhet,467,0
2023-07-02,Sylhet,465,0
2023-07-03,Sylhet,507,0
2023-07-04,Sylhet,573,0
2023-07-05,Sylhet,539,0
2023-07-06,Sylhet,557,0
2023-07-07,Sylhet,486,0
2023-07-08,Sylhet,581,0
2023-07-09,Sylhet,517,71
2023-07-10,Sylhet,564,0
2023-07-11,Sylhet,586,0
2023-07-12,Sylhet,557,0
2023-07-13,Sylhet,558,0
2023-07-14,Sylhet,567,0
2023-07-15,Sylhet,598,0
2023-07-16,Sylhet,597,0
2023-07-17,Sylhet,566,0
2023-07-18,Sylhet,640,0
2023-07-19,Sylhet,632,90
2023-07-20,Sylhet,555,0
2023-07-21,Sylhet,582,0
2023-07-22,Sylhet,617,0
2023-07-23,Sylhet,636,0
2023-07-24,Sylhet,588,65
2023-07-25,Sylhet,613,35
2023-07-26,Sylhet,546,0
2023-07-27,Sylhet,607,0
2023-07-28,Sylhet,578,140
2023-07-29,Sylhet,622,11
2023-07-30,Sylhet,629,20
2023-07-31,Sylhet,538,0
2023-08-01,Sylhet,573,25
2023-08-02,Sylhet,605,62
2023-08-03,Sylhet,593,47
2023-08-04,Sylhet,545,0
2023-08-05,Sylhet,576,0
2023-08-06,Sylhet,496,0
2023-08-07,Sylhet,538,0
2023-08-08,Sylhet,509,0
2023-08-09,Sylhet,527,0
2023-08-10,Sylhet,566,0
2023-08-11,Sylhet,540,0
2023-08-12,Sylhet,565,0
2023-08-13,Sylhet,541,0
2023-08-14,Sylhet,531,0
2023-08-15,Sylhet,583,0
2023-08-16,Sylhet,648,39
2023-08-17,Sylhet,602,10
2023-08-18,Sylhet,612,0
2023-08-19,Sylhet,620,0
2023-08-20,Sylhet,619,20
2023-08-21,Sylhet,610,45
2023-08-22,Sylhet,558,15
2023-08-23,Sylhet,563,8
2023-08-24,Sylhet,561,0
2023-08-25,Sylhet,536,0
2023-08-26,Sylhet,533,10
2023-08-27,Sylhet,500,0
2023-08-28,Sylhet,541,0
2023-08-29,Sylhet,598,0
2023-08-30,Sylhet,581,60
2023-08-31,Sylhet,602,60
2023-09-01,Sylhet,597,27
2023-09-02,Sylhet,573,45
2023-09-03,Sylhet,639,95
2023-09-04,Sylhet,647,80
2023-09-05,Sylhet,619,65
2023-09-06,Sylhet,638,105
2023-09-07,Sylhet,648,50
2023-09-08,Sylhet,549,0
2023-09-09,Sylhet,603,40
2023-09-10,Sylhet,631,46
2023-09-11,Sylhet,622,18
2023-09-12,Sylhet,636,25
2023-09-13,Sylhet,608,51
2023-09-14,Sylhet,617,80
2023-09-15,Sylhet,620,40
2023-09-16,Sylhet,620,80
2023-09-17,Sylhet,606,110
2023-09-18,Sylhet,633,30
2023-09-19,Sylhet,602,30
2023-09-20,Sylhet,448,0
2023-09-21,Sylhet,511,0
2023-09-22,Sylhet,490,0
2023-09-23,Sylhet,525,0
2023-09-24,Sylhet,477,0
2023-09-25,Sylhet,579,30
2023-09-26,Sylhet,619,28
2023-09-27,Sylhet,638,93
2023-09-28,Sylhet,645,29
2023-09-29,Sylhet,593,29
2023-09-30,Sylhet,558,20
2023-10-01,Sylhet,630,113
2023-10-02,Sylhet,529,105
2023-10-03,Sylhet,540,18
2023-10-04,Sylhet,507,0
2023-10-05,Sylhet,488,0
2023-10-06,Sylhet,375,0
2023-10-07,Sylhet,467,0
2023-10-08,Sylhet,506,0
2023-10-09,Sylhet,453,0
2023-10-10,Sylhet,548,40
2023-10-11,Sylhet,573,70
2023-10-12,Sylhet,534,35
2023-10-13,Sylhet,499,0
2023-10-14,Sylhet,537,0
2023-10-15,Sylhet,534,0
2023-10-16,Sylhet,535,0
2023-10-17,Sylhet,539,0
2023-10-18,Sylhet,523,0
2023-10-19,Sylhet,523,0
2023-10-20,Sylhet,437,73
2023-10-21,Sylhet,513,19
2023-10-22,Sylhet,526,29
2023-10-23,Sylhet,491,0
2023-10-24,Sylhet,427,0
2023-10-25,Sylhet,447,0
2023-10-26,Sylhet,481,15
2023-10-27,Sylhet,464,8
2023-10-28,Sylhet,487,0
2023-10-29,Sylhet,482,0
2023-10-30,Sylhet,450,0
2023-10-31,Sylhet,510,0
2023-11-01,Sylhet,517,18
2023-11-02,Sylhet,507,10
2023-11-03,Sylhet,451,5
2023-11-04,Sylhet,474,10
2023-11-05,Sylhet,470,0
2023-11-06,Sylhet,449,0
2023-11-07,Sylhet,407,0
2023-11-08,Sylhet,407,0
2023-11-09,Sylhet,418,0
2023-11-10,Sylhet,374,0
2023-11-11,Sylhet,437,0
2023-11-12,Sylhet,422,0
2023-11-13,Sylhet,432,0
2023-11-14,Sylhet,434,0
2023-11-15,Sylhet,471,0
2023-11-16,Sylhet,428,0
2023-11-17,Sylhet,153,0
2023-11-18,Sylhet,387,0
2023-11-19,Sylhet,414,0
2023-11-20,Sylhet,435,0
2023-11-21,Sylhet,399,0
2023-11-22,Sylhet,394,0
2023-11-23,Sylhet,391,0
2023-11-24,Sylhet,362,0
2023-11-25,Sylhet,413,0
2023-11-26,Sylhet,388,0
2023-11-27,Sylhet,396,0
2023-11-28,Sylhet,385,0
2023-11-29,Sylhet,386,0
2023-11-30,Sylhet,372,0
2023-12-01,Sylhet,350,0
2023-12-02,Sylhet,375,0
2023-12-03,Sylhet,386,0
2023-12-04,Sylhet,376,0
2023-12-05,Sylhet,374,0
2023-12-06,Sylhet,383,0
2023-12-07,Sylhet,344,0
2023-12-08,Sylhet,329,0
2023-12-09,Sylhet,356,0
2023-12-10,Sylhet,360,0
2023-12-11,Sylhet,364,0
2023-12-12,Sylhet,348,0
2023-12-13,Sylhet,353,0
2023-12-14,Sylhet,345,0
2023-12-15,Sylhet,340,0
2023-12-16,Sylhet,325,0
2023-12-17,Sylhet,353,0
2023-12-18,Sylhet,364,0
2023-12-19,Sylhet,356,0
2023-12-20,Sylhet,359,0
2023-12-21,Sylhet,364,0
2023-12-22,Sylhet,330,0
2023-12-23,Sylhet,361,0
2023-12-24,Sylhet,366,0
2023-12-25,Sylhet,354,0
2023-12-26,Sylhet,353,0
2023-12-27,Sylhet,362,0
2023-12-28,Sylhet,357,0
2023-12-29,Sylhet,386,0
2023-12-30,Sylhet,378,0
2023-12-31,Sylhet,354,0
2024-01-01,Sylhet,319,0
2024-01-02,Sylhet,377,0
2024-01-03,Sylhet,369,0
2024-01-04,Sylhet,368,0
2024-01-05,Sylhet,344,0
2024-01-06,Sylhet,349,0
2024-01-07,Sylhet,311,0
2024-01-08,Sylhet,359,0
2024-01-09,Sylhet,353,0
2024-01-10,Sylhet,353,0
2024-01-11,Sylhet,355,0
2024-01-12,Sylhet,333,0
2024-01-13,Sylhet,354,0
2024-01-14,Sylhet,355,0
2024-01-15,Sylhet,353,0
2024-01-16,Sylhet,361,0
2024-01-17,Sylhet,364,0
2024-01-18,Sylhet,363,0
2024-01-19,Sylhet,348,0
2024-01-20,Sylhet,368,0
2024-01-21,Sylhet,361,0
2024-01-22,Sylhet,366,0
2024-01-23,Sylhet,374,0
2024-01-24,Sylhet,358,0
2024-01-25,Sylhet,372,0
2024-01-26,Sylhet,345,0
2024-01-27,Sylhet,368,0
2024-01-28,Sylhet,364,0
2024-01-29,Sylhet,362,0
2024-01-30,Sylhet,360,0
2024-01-31,Sylhet,371,0
2024-02-01,Sylhet,357,0
2024-02-02,Sylhet,341,0
2024-02-03,Sylhet,358,0
2024-02-04,Sylhet,359,0
2024-02-05,Sylhet,368,0
2024-02-06,Sylhet,370,0
2024-02-07,Sylhet,364,0
2024-02-08,Sylhet,352,0
2024-02-09,Sylhet,354,0
2024-02-10,Sylhet,383,0
2024-02-11,Sylhet,379,0
2024-02-12,Sylhet,373,0
2024-02-13,Sylhet,374,0
2024-02-14,Sylhet,378,0
2024-02-15,Sylhet,386,0
2024-02-16,Sylhet,352,0
2024-02-17,Sylhet,383,0
2024-02-18,Sylhet,365,0
2024-02-19,Sylhet,380,0
2024-02-20,Sylhet,376,0
2024-02-21,Sylhet,347,0
2024-02-22,Sylhet,366,0
2024-02-23,Sylhet,339,0
2024-02-24,Sylhet,376,0
2024-02-25,Sylhet,352,0
2024-02-26,Sylhet,334,0
2024-02-27,Sylhet,361,0
2024-02-28,Sylhet,367,0
2024-02-29,Sylhet,375,0
2024-03-01,Sylhet,360,0
2024-03-02,Sylhet,386,0
2024-03-03,Sylhet,392,0
2024-03-04,Sylhet,399,0
2024-03-05,Sylhet,382,0
2024-03-06,Sylhet,388,0
2024-03-07,Sylhet,386,0
2024-03-08,Sylhet,363,0
2024-03-09,Sylhet,399,0
2024-03-10,Sylhet,395,0
2024-03-11,Sylhet,420,0
2024-03-12,Sylhet,407,0
2024-03-13,Sylhet,426,0
2024-03-14,Sylhet,430,0
2024-03-15,Sylhet,462,0
2024-03-16,Sylhet,427,0
2024-03-17,Sylhet,491,0
2024-03-18,Sylhet,479,0
2024-03-19,Sylhet,473,0
2024-03-20,Sylhet,410,0
2024-03-21,Sylhet,363,0
2024-03-22,Sylhet,389,0
2024-03-23,Sylhet,375,0
2024-03-24,Sylhet,379,0
2024-03-25,Sylhet,480,10
2024-03-26,Sylhet,409,0
2024-03-27,Sylhet,452,0
2024-03-28,Sylhet,486,0
2024-03-29,Sylhet,515,0
2024-03-30,Sylhet,448,0
2024-03-31,Sylhet,468,0
2024-04-01,Sylhet,451,40
2024-04-02,Sylhet,486,75
2024-04-03,Sylhet,533,60
2024-04-04,Sylhet,422,60
2024-04-05,Sylhet,450,0
2024-04-06,Sylhet,551,5
2024-04-07,Sylhet,467,0
2024-04-08,Sylhet,498,0
2024-04-09,Sylhet,550,0
2024-04-10,Sylhet,483,0
2024-04-11,Sylhet,503,0
2024-04-12,Sylhet,507,0
2024-04-13,Sylhet,541,0
2024-04-14,Sylhet,549,0
2024-04-15,Sylhet,579,0
2024-04-16,Sylhet,438,0
2024-04-17,Sylhet,205,0
2024-04-18,Sylhet,509,0
2024-04-19,Sylhet,471,0
2024-04-20,Sylhet,561,0
2024-04-21,Sylhet,475,0
2024-04-22,Sylhet,612,0
2024-04-23,Sylhet,596,0
2024-04-24,Sylhet,609,0
2024-04-25,Sylhet,590,0
2024-04-26,Sylhet,527,0
2024-04-27,Sylhet,599,0
2024-04-28,Sylhet,501,0
2024-04-29,Sylhet,614,44
2024-04-30,Sylhet,360,0
2024-05-01,Sylhet,603,0
2024-05-02,Sylhet,499,0
2024-05-03,Sylhet,482,0
2024-05-04,Sylhet,606,0
2024-05-05,Sylhet,163,0
2024-05-06,Sylhet,364,0
2024-05-07,Sylhet,515,0
2024-05-08,Sylhet,474,0
2024-05-09,Sylhet,507,0
2024-05-10,Sylhet,433,0
2024-05-11,Sylhet,505,0
2024-05-12,Sylhet,578,0
2024-05-13,Sylhet,623,0
2024-05-14,Sylhet,640,10
2024-05-15,Sylhet,661,0
2024-05-16,Sylhet,659,35
2024-05-17,Sylhet,569,0
2024-05-18,Sylhet,523,0
2024-05-19,Sylhet,536,0
2024-05-20,Sylhet,615,0
2024-05-23,Sylhet,667,0
2024-05-24,Sylhet,658,18
2024-05-25,Sylhet,284,0
2024-05-27,Sylhet,441,0
2024-05-28,Sylhet,160,0
2024-05-29,Sylhet,332,0
2024-05-30,Sylhet,425,0
2024-05-31,Sylhet,563,0
2024-06-01,Sylhet,630,20
2024-06-02,Sylhet,501,10
2024-06-03,Sylhet,491,0
2024-06-04,Sylhet,497,0
2024-06-05,Sylhet,556,0
2024-06-06,Sylhet,570,0
2024-06-07,Sylhet,584,0
2024-06-08,Sylhet,594,0
2024-06-10,Sylhet,564,0
2024-06-11,Sylhet,632,0
2024-06-12,Sylhet,692,0
2024-06-13,Sylhet,485,0
2024-06-14,Sylhet,487,0
2024-06-15,Sylhet,475,0
2024-06-16,Sylhet,454,0
2024-06-17,Sylhet,462,0
2024-06-18,Sylhet,363,0
2024-06-19,Sylhet,373,0
2024-06-20,Sylhet,414,0
2024-06-21,Sylhet,567,0
2024-06-22,Sylhet,574,0
2024-06-23,Sylhet,610,0
2024-06-24,Sylhet,595,90
2024-06-25,Sylhet,583,90
2024-06-26,Sylhet,627,120
2024-06-27,Sylhet,569,0
2024-06-28,Sylhet,569,0
2024-06-29,Sylhet,569,0
2024-06-30,Sylhet,436,0
2024-07-01,Sylhet,526,0
2024-07-02,Sylhet,556,0
2024-07-03,Sylhet,552,0
2024-07-04,Sylhet,556,0
2024-07-05,Sylhet,550,0
2024-07-06,Sylhet,620,0
2024-07-07,Sylhet,631,0
2024-07-08,Sylhet,634,0
2024-07-09,Sylhet,606,0
2024-07-10,Sylhet,588,100
2024-07-11,Sylhet,602,19
2024-07-12,Sylhet,572,0
2024-07-13,Sylhet,611,0
2024-07-14,Sylhet,617,0
2024-07-15,Sylhet,491,0
2024-07-16,Sylhet,640,100
2024-07-17,Sylhet,593,80
2024-07-23,Sylhet,572,0
2024-07-24,Sylhet,618,20
2024-07-25,Sylhet,607,15
2024-07-26,Sylhet,610,20
2024-07-27,Sylhet,619,10
2024-07-28,Sylhet,671,108
2024-07-29,Sylhet,657,30
2024-07-30,Sylhet,649,15
2024-07-31,Sylhet,617,25
2024-08-01,Sylhet,591,0
2024-08-02,Sylhet,517,0
2024-08-03,Sylhet,547,0
2024-08-04,Sylhet,569,0
2024-08-05,Sylhet,569,0
2024-08-06,Sylhet,587,0
2024-08-07,Sylhet,606,0
2024-08-08,Sylhet,566,0
2024-08-09,Sylhet,568,0
2024-08-10,Sylhet,598,0
2024-08-11,Sylhet,594,0
2024-08-12,Sylhet,563,0
2024-08-13,Sylhet,590,90
2024-08-14,Sylhet,585,80
2024-08-15,Sylhet,641,105
2024-08-16,Sylhet,570,0
2024-08-17,Sylhet,582,0
2024-08-18,Sylhet,598,0
2024-08-19,Sylhet,435,0
2024-08-20,Sylhet,540,0
2024-08-21,Sylhet,482,0
2024-08-22,Sylhet,495,0
2024-08-23,Sylhet,540,0
2024-08-24,Sylhet,605,0
2024-08-25,Sylhet,586,0
2024-08-26,Sylhet,601,0
2024-08-27,Sylhet,616,7
2024-08-28,Sylhet,629,20
2024-08-29,Sylhet,671,90
2024-08-30,Sylhet,647,25
2024-08-31,Sylhet,645,127
2024-09-01,Sylhet,611,56
2024-09-02,Sylhet,607,57
2024-09-03,Sylhet,635,50
2024-09-04,Sylhet,657,90
2024-09-05,Sylhet,686,130
2024-09-06,Sylhet,661,20
2024-09-07,Sylhet,669,105
2024-09-08,Sylhet,676,115
2024-09-09,Sylhet,680,120
2024-09-10,Sylhet,667,98
2024-09-11,Sylhet,690,140
2024-09-12,Sylhet,722,0
2024-09-13,Sylhet,642,0
2024-09-14,Sylhet,631,0
2024-09-15,Sylhet,599,0
2024-09-16,Sylhet,656,22
2024-09-17,Sylhet,682,0
2024-09-18,Sylhet,692,50
2024-09-19,Sylhet,715,20
2024-09-20,Sylhet,686,0
2024-09-21,Sylhet,518,0
2024-09-22,Sylhet,668,0
2024-09-23,Sylhet,706,50
2024-09-24,Sylhet,597,0
2024-09-25,Sylhet,501,0
2024-09-26,Sylhet,534,0
2024-09-27,Sylhet,579,0
2024-09-28,Sylhet,589,0
2024-09-29,Sylhet,569,0
2024-09-30,Sylhet,646,0
2024-10-01,Sylhet,604,34
2024-10-02,Sylhet,571,0
2024-10-03,Sylhet,531,0
2024-10-05,Sylhet,516,0
2024-10-06,Sylhet,598,0
2024-10-07,Sylhet,546,0
2024-10-08,Sylhet,520,0
2024-10-09,Sylhet,579,0
2024-10-10,Sylhet,575,0
2024-10-11,Sylhet,465,0
2024-10-12,Sylhet,554,0
2024-10-13,Sylhet,565,0
2024-10-14,Sylhet,565,0
2024-10-15,Sylhet,544,0
2024-10-16,Sylhet,567,0
2024-10-17,Sylhet,591,0
2024-10-18,Sylhet,508,0
2024-10-19,Sylhet,554,0
2024-10-20,Sylhet,570,0
2024-10-21,Sylhet,570,0
2024-10-22,Sylhet,610,0
2024-10-23,Sylhet,540,0
2024-10-24,Sylhet,442,0
2024-10-25,Sylhet,536,0
2024-10-26,Sylhet,579,0
2024-10-27,Sylhet,578,0
2024-10-28,Sylhet,572,45
2024-10-29,Sylhet,574,60
2024-10-30,Sylhet,546,73
2024-10-31,Sylhet,563,78
2024-11-01,Sylhet,527,0
2024-11-02,Sylhet,524,0
2024-11-03,Sylhet,549,7
2024-11-04,Sylhet,555,0
2024-11-05,Sylhet,460,0
2024-11-06,Sylhet,477,0
2024-11-07,Sylhet,496,0
2024-11-08,Sylhet,433,0
2024-11-09,Sylhet,462,0
2024-11-10,Sylhet,458,0
2024-11-11,Sylhet,466,0
2024-11-12,Sylhet,472,0
2024-11-13,Sylhet,484,0
2024-11-14,Sylhet,457,0
2024-11-15,Sylhet,563,78
2024-11-16,Sylhet,447,0
2024-11-17,Sylhet,424,0
2024-11-18,Sylhet,426,0
2024-11-19,Sylhet,423,0
2024-11-20,Sylhet,444,0
2024-11-21,Sylhet,419,0
2024-11-22,Sylhet,348,0
2024-11-23,Sylhet,380,0
2024-11-24,Sylhet,377,0
2024-11-25,Sylhet,379,0
2024-11-26,Sylhet,404,0
2024-11-27,Sylhet,390,0
2024-11-28,Sylhet,394,0
2024-11-29,Sylhet,360,0
2024-11-30,Sylhet,415,0
2024-12-01,Sylhet,388,0
2024-12-02,Sylhet,399,0
2024-12-03,Sylhet,385,0
2024-12-04,Sylhet,371,0
2024-12-05,Sylhet,383,0
2024-12-06,Sylhet,347,0
2024-12-07,Sylhet,374,0
2024-12-08,Sylhet,347,0
2024-12-09,Sylhet,363,0
2024-12-10,Sylhet,372,0
2024-12-11,Sylhet,362,0
2024-12-13,Sylhet,328,0
2024-12-14,Sylhet,367,0
2024-12-15,Sylhet,357,0
2024-12-16,Sylhet,341,0
2024-12-17,Sylhet,370,0
2024-12-18,Sylhet,372,0
2024-12-19,Sylhet,369,0
2024-12-20,Sylhet,336,0
2024-12-21,Sylhet,359,0
2024-12-22,Sylhet,358,0
2024-12-23,Sylhet,367,0
2024-12-24,Sylhet,364,0
2024-12-25,Sylhet,365,0
2024-12-26,Sylhet,352,0
2024-12-27,Sylhet,336,0
2024-12-28,Sylhet,364,0
2024-12-29,Sylhet,348,0
2024-12-30,Sylhet,360,0
2024-12-31,Sylhet,360,0
2025-01-01,Sylhet,364,0
2025-01-02,Sylhet,355,0
2025-01-03,Sylhet,343,0
2025-01-04,Sylhet,396,0
2025-01-05,Sylhet,371,0
2025-01-06,Sylhet,368,0
2025-01-07,Sylhet,371,0
2025-01-08,Sylhet,365,0
2025-01-09,Sylhet,361,0
2025-01-10,Sylhet,338,0
2025-01-11,Sylhet,375,0
2025-01-12,Sylhet,385,0
2025-01-13,Sylhet,387,0
2025-01-14,Sylhet,369,0
2025-01-15,Sylhet,382,0
2025-01-16,Sylhet,381,0
2025-01-17,Sylhet,347,0
2025-01-18,Sylhet,372,0
2025-01-19,Sylhet,379,0
2025-01-20,Sylhet,383,0
2025-01-21,Sylhet,374,0
2025-01-22,Sylhet,377,0
2025-01-23,Sylhet,377,0
2025-01-24,Sylhet,353,0
2025-01-25,Sylhet,395,0
2025-01-26,Sylhet,385,0
2025-01-27,Sylhet,388,0
2025-01-28,Sylhet,367,0
2025-01-29,Sylhet,379,0
2025-01-30,Sylhet,374,0
2025-01-31,Sylhet,343,0
2025-02-01,Sylhet,388,0
2025-02-02,Sylhet,385,0
2025-02-03,Sylhet,366,0
2025-02-05,Sylhet,397,0
2025-02-06,Sylhet,387,0
2025-02-07,Sylhet,356,0
2025-02-08,Sylhet,395,0
2025-02-09,Sylhet,380,0
2025-02-10,Sylhet,402,0
2025-02-11,Sylhet,404,0
2025-02-12,Sylhet,391,0
2025-02-13,Sylhet,396,0
2025-02-15,Sylhet,358,0
2025-02-16,Sylhet,399,0
2025-02-17,Sylhet,405,0
2025-02-18,Sylhet,392,0
2025-02-19,Sylhet,412,0
2025-02-20,Sylhet,419,0
2025-02-21,Sylhet,389,0
2025-02-22,Sylhet,409,0
2025-02-23,Sylhet,374,0
2025-02-24,Sylhet,384,0
2025-02-25,Sylhet,393,0
2025-02-26,Sylhet,413,0
2025-02-27,Sylhet,421,0
2025-02-28,Sylhet,392,0
2025-03-01,Sylhet,464,0
2025-03-02,Sylhet,432,0
2025-03-03,Sylhet,416,0
2025-03-04,Sylhet,401,0
2025-03-05,Sylhet,400,0
2025-03-06,Sylhet,398,0
2025-03-07,Sylhet,380,0
2025-03-08,Sylhet,393,0
2025-03-09,Sylhet,416,0
2025-03-10,Sylhet,440,0
2025-03-11,Sylhet,446,0
2025-03-12,Sylhet,466,0
2025-03-13,Sylhet,439,0
2025-03-14,Sylhet,495,0
2025-03-15,Sylhet,549,0
2025-03-16,Sylhet,530,0
2025-03-17,Sylhet,516,0
2025-03-18,Sylhet,496,0
2025-03-19,Sylhet,495,0
2025-03-20,Sylhet,458,0
2025-03-21,Sylhet,383,0
2025-03-22,Sylhet,402,0
2025-03-23,Sylhet,445,0
2025-03-24,Sylhet,459,0
2025-03-25,Sylhet,495,0
2025-03-26,Sylhet,520,0
2025-03-27,Sylhet,559,0
2025-03-28,Sylhet,587,0
2025-03-30,Sylhet,597,0
2025-03-31,Sylhet,542,0
2025-04-01,Sylhet,537,0
2025-04-02,Sylhet,567,0
2025-04-03,Sylhet,578,0
2025-04-04,Sylhet,549,0
2025-04-05,Sylhet,567,0
2025-04-06,Sylhet,560,0
2025-04-07,Sylhet,513,0
2025-04-08,Sylhet,595,0
2025-04-09,Sylhet,604,0
2025-04-10,Sylhet,552,0
2025-04-11,Sylhet,508,0
2025-04-12,Sylhet,584,0
2025-04-13,Sylhet,598,0
2025-04-14,Sylhet,646,0
2025-04-15,Sylhet,501,0
2025-04-16,Sylhet,435,0
2025-04-17,Sylhet,439,0
2025-04-18,Sylhet,455,0
2025-04-19,Sylhet,571,0
2025-04-20,Sylhet,591,0
2025-04-21,Sylhet,576,0
2025-04-22,Sylhet,585,0
2025-04-23,Sylhet,428,0
2025-04-24,Sylhet,578,0
2025-04-25,Sylhet,545,0
2025-04-26,Sylhet,589,80
2025-04-27,Sylhet,541,0
2025-04-28,Sylhet,396,0
2025-04-29,Sylhet,507,0
2025-04-30,Sylhet,571,0
2025-05-01,Sylhet,449,0
2025-05-02,Sylhet,549,0
2025-05-03,Sylhet,605,0
2025-05-04,Sylhet,607,0
2025-05-05,Sylhet,616,0
2025-05-06,Sylhet,546,0
2025-05-07,Sylhet,641,0
2025-05-08,Sylhet,595,0
2025-05-09,Sylhet,637,0
2025-05-10,Sylhet,661,0
2025-05-11,Sylhet,443,0
2025-05-12,Sylhet,472,0
2025-05-13,Sylhet,479,0
2025-05-14,Sylhet,549,0
2025-05-15,Sylhet,533,0
2025-05-16,Sylhet,462,0
2025-05-17,Sylhet,583,0
2025-05-18,Sylhet,585,0
2025-05-19,Sylhet,533,0
2025-05-20,Sylhet,475,0
2025-05-21,Sylhet,500,0
2025-05-22,Sylhet,563,0
2025-05-23,Sylhet,593,0
2025-05-24,Sylhet,627,0
2025-05-25,Sylhet,543,15
2025-05-26,Sylhet,621,20
2025-05-27,Sylhet,630,15
2025-05-28,Sylhet,581,0
2025-05-29,Sylhet,516,0
2025-05-30,Sylhet,453,0
2025-05-31,Sylhet,448,0
2025-06-01,Sylhet,500,0
2025-06-02,Sylhet,515,0
2025-06-03,Sylhet,520,0
2025-06-04,Sylhet,519,0
2025-06-05,Sylhet,584,0
2025-06-07,Sylhet,628,0
2025-06-08,Sylhet,651,0
2025-06-09,Sylhet,648,28
2025-06-10,Sylhet,612,22
2025-06-11,Sylhet,654,10
2025-06-12,Sylhet,672,8
2025-06-13,Sylhet,689,15
2025-06-14,Sylhet,680,0
2025-06-15,Sylhet,673,0
2025-06-16,Sylhet,638,0
2025-06-17,Sylhet,667,0
2025-06-18,Sylhet,609,0
2025-06-19,Sylhet,587,0
2025-06-20,Sylhet,603,0
2025-06-21,Sylhet,638,0
2025-06-22,Sylhet,655,0
2025-06-23,Sylhet,585,0
2025-06-24,Sylhet,661,0
2025-06-25,Sylhet,638,0
2025-06-27,Sylhet,639,0
2025-06-28,Sylhet,669,0
2025-06-29,Sylhet,634,0
2025-06-30,Sylhet,658,0
2025-07-01,Sylhet,697,0
2025-07-03,Sylhet,632,0
2025-07-04,Sylhet,643,0
2025-07-06,Sylhet,662,0
2025-07-07,Sylhet,618,0
2025-07-08,Sylhet,546,0
2025-07-09,Sylhet,494,0
2025-07-10,Sylhet,587,0
2025-07-11,Sylhet,667,0
2025-07-12,Sylhet,715,0
2025-07-13,Sylhet,705,0
2025-07-14,Sylhet,644,0
2025-07-15,Sylhet,661,0
2025-07-16,Sylhet,659,0
2025-07-17,Sylhet,646,0
2025-07-18,Sylhet,675,0
2025-07-19,Sylhet,702,0
2025-07-21,Sylhet,658,55
2025-07-23,Sylhet,676,45
2025-07-24,Sylhet,674,60
2025-07-25,Sylhet,635,35
2025-07-26,Sylhet,631,35
2025-07-27,Sylhet,623,25
2025-07-28,Sylhet,622,0
2025-07-29,Sylhet,647,30
2025-07-30,Sylhet,648,40
2025-07-31,Sylhet,520,0
2025-08-01,Sylhet,540,0
2025-08-02,Sylhet,600,0
2025-08-04,Sylhet,509,0
2025-08-05,Sylhet,558,0
2025-08-06,Sylhet,555,0
2025-08-07,Sylhet,570,0
2025-08-08,Sylhet,530,0
2025-08-09,Sylhet,593,0
2025-08-10,Sylhet,621,5
2025-08-11,Sylhet,678,0
2025-08-12,Sylhet,673,0
2025-08-13,Sylhet,590,0
2025-08-14,Sylhet,648,0
2025-08-15,Sylhet,651,0
2025-08-16,Sylhet,698,0
2025-08-17,Sylhet,722,0
2025-08-18,Sylhet,661,0
2025-08-19,Sylhet,676,0
2025-08-20,Sylhet,648,0
2025-08-21,Sylhet,614,0
2025-08-22,Sylhet,589,0
2025-08-23,Sylhet,616,0
2025-08-24,Sylhet,645,0
2025-08-25,Sylhet,681,0
2025-08-26,Sylhet,717,0
2025-08-27,Sylhet,642,0
2025-08-28,Sylhet,608,0
2025-08-29,Sylhet,624,0
2025-08-30,Sylhet,662,0
2025-08-31,Sylhet,705,0
2025-09-01,Sylhet,631,34
2025-09-02,Sylhet,713,0
2025-09-03,Sylhet,705,0
2025-09-04,Sylhet,695,0
2025-09-05,Sylhet,656,0
2025-09-06,Sylhet,710,0
2025-09-07,Sylhet,662,0
2025-09-08,Sylhet,650,58
2025-09-09,Sylhet,661,125
2025-09-10,Sylhet,683,0
2025-09-11,Sylhet,683,0
2025-09-12,Sylhet,623,0
2025-09-13,Sylhet,598,0
2025-09-14,Sylhet,520,0
2025-09-15,Sylhet,541,0
2025-09-16,Sylhet,558,0
2025-09-17,Sylhet,589,0
2025-09-18,Sylhet,594,0
2025-09-19,Sylhet,678,0
2025-09-20,Sylhet,690,0
2025-09-21,Sylhet,722,0
2025-09-22,Sylhet,669,0
2025-09-23,Sylhet,714,0
2025-09-24,Sylhet,663,50
2025-09-26,Sylhet,703,0
2025-09-28,Sylhet,679,50
2025-09-30,Sylhet,495,0
2025-10-01,Sylhet,605,0
2025-10-02,Sylhet,482,0
2025-10-03,Sylhet,603,0
2025-10-05,Sylhet,593,0
2025-10-06,Sylhet,542,0
2025-10-07,Sylhet,586,0
2025-10-08,Sylhet,608,0
2025-10-09,Sylhet,625,0
2025-10-10,Sylhet,619,0
2025-10-11,Sylhet,544,0
2025-10-12,Sylhet,592,0
2025-10-13,Sylhet,646,0
2025-10-14,Sylhet,597,20
2025-10-15,Sylhet,588,40
2025-10-16,Sylhet,593,20
2025-10-17,Sylhet,645,0
2025-10-18,Sylhet,659,0
2025-10-19,Sylhet,718,40
2025-10-20,Sylhet,604,24
2025-10-21,Sylhet,685,0
2025-10-22,Sylhet,668,0
2025-10-23,Sylhet,657,0
2025-10-24,Sylhet,626,0
2025-10-25,Sylhet,635,0
2025-10-26,Sylhet,637,0
2025-10-27,Sylhet,645,0
2025-10-28,Sylhet,653,0
2025-10-29,Sylhet,643,0
2025-10-30,Sylhet,675,0
2025-10-31,Sylhet,633,0
2025-11-01,Sylhet,571,0
2025-11-02,Sylhet,571,0
2025-11-03,Sylhet,563,0
2025-11-04,Sylhet,618,0
2025-11-05,Sylhet,534,0
2025-11-06,Sylhet,557,0
2025-11-07,Sylhet,545,0
2025-11-08,Sylhet,545,37
2025-11-09,Sylhet,517,10
2025-11-10,Sylhet,534,0
2025-11-11,Sylhet,523,0
2025-11-12,Sylhet,496,0
2025-11-13,Sylhet,479,0
2025-11-14,Sylhet,421,0
2025-11-15,Sylhet,438,0
2025-11-16,Sylhet,425,0
2025-11-17,Sylhet,445,0
2025-11-18,Sylhet,438,0
2025-11-19,Sylhet,435,0
2025-11-20,Sylhet,443,0
2025-11-21,Sylhet,392,0
2025-11-22,Sylhet,430,0
2025-11-23,Sylhet,403,0
2025-11-24,Sylhet,401,0
2025-11-25,Sylhet,417,0
2025-11-26,Sylhet,414,0
2025-11-27,Sylhet,416,0
2025-11-28,Sylhet,379,0
2025-11-29,Sylhet,429,0
2025-11-30,Sylhet,398,0
2025-12-01,Sylhet,407,0
2025-12-02,Sylhet,408,0
2025-12-03,Sylhet,400,0
2025-12-04,Sylhet,389,0
2025-12-05,Sylhet,369,0
2025-12-06,Sylhet,394,0
2025-12-07,Sylhet,399,0
2025-12-08,Sylhet,401,0
2025-12-09,Sylhet,401,0
2025-12-10,Sylhet,401,0
2025-12-11,Sylhet,400,0
2025-12-12,Sylhet,363,0
2025-12-13,Sylhet,407,0
2025-12-14,Sylhet,405,0
2025-12-15,Sylhet,408,0
2025-12-16,Sylhet,376,0
2025-12-17,Sylhet,388,0
2025-12-18,Sylhet,404,0
2025-12-19,Sylhet,350,0
2025-12-20,Sylhet,389,0
2025-12-21,Sylhet,399,0
2025-12-22,Sylhet,403,0
2025-12-23,Sylhet,407,0
2025-12-24,Sylhet,386,0
2025-12-25,Sylhet,383,0
2025-12-26,Sylhet,374,0
2025-12-27,Sylhet,391,0
2025-12-29,Sylhet,386,0
2025-12-30,Sylhet,377,0
2025-12-31,Sylhet,366,0
