date,zone,demand_mw,load_shed_mw,day_of_week,month,day_of_month,is_weekend,valid_day,previous_load_shed,previous_demand,load_shed_3day_avg,load_shed_7day_avg,demand_3day_avg,demand_change,next_day_load_shed,next_date,date_difference,next_day_risk,year
2023-01-08,Sylhet,355.0,62.0,6,1,8,1,True,0.0,356.0,0.0,0.0,343.6666666666667,-1.0,62.0,2023-01-09,1.0,1,2023
2023-01-09,Sylhet,359.0,62.0,0,1,9,0,True,62.0,355.0,20.666666666666668,8.857142857142858,347.6666666666667,4.0,0.0,2023-01-10,1.0,0,2023
2023-01-10,Sylhet,357.0,0.0,1,1,10,0,True,62.0,359.0,41.333333333333336,17.714285714285715,356.6666666666667,-2.0,0.0,2023-01-11,1.0,0,2023
2023-01-11,Sylhet,353.0,0.0,2,1,11,0,True,0.0,357.0,41.333333333333336,17.714285714285715,357.0,-4.0,0.0,2023-01-12,1.0,0,2023
2023-01-12,Sylhet,348.0,0.0,3,1,12,0,True,0.0,353.0,20.666666666666668,17.714285714285715,356.3333333333333,-5.0,0.0,2023-01-13,1.0,0,2023
2023-01-13,Sylhet,322.0,0.0,4,1,13,0,True,0.0,348.0,0.0,17.714285714285715,352.6666666666667,-26.0,0.0,2023-01-14,1.0,0,2023
2023-01-14,Sylhet,358.0,0.0,5,1,14,1,True,0.0,322.0,0.0,17.714285714285715,341.0,36.0,53.0,2023-01-15,1.0,1,2023
2023-01-15,Sylhet,352.0,53.0,6,1,15,1,True,0.0,358.0,0.0,17.714285714285715,342.6666666666667,-6.0,58.0,2023-01-16,1.0,1,2023
2023-01-16,Sylhet,362.0,58.0,0,1,16,0,True,53.0,352.0,17.666666666666668,16.428571428571427,344.0,10.0,0.0,2023-01-17,1.0,0,2023
2023-01-17,Sylhet,361.0,0.0,1,1,17,0,True,58.0,362.0,37.0,15.857142857142858,357.3333333333333,-1.0,40.0,2023-01-18,1.0,1,2023
2023-01-18,Sylhet,351.0,40.0,2,1,18,0,True,0.0,361.0,37.0,15.857142857142858,358.3333333333333,-10.0,0.0,2023-01-19,1.0,0,2023
2023-01-19,Sylhet,357.0,0.0,3,1,19,0,True,40.0,351.0,32.666666666666664,21.571428571428573,358.0,6.0,0.0,2023-01-20,1.0,0,2023
2023-01-20,Sylhet,337.0,0.0,4,1,20,0,True,0.0,357.0,13.333333333333334,21.571428571428573,356.3333333333333,-20.0,0.0,2023-01-21,1.0,0,2023
2023-01-21,Sylhet,359.0,0.0,5,1,21,1,True,0.0,337.0,13.333333333333334,21.571428571428573,348.3333333333333,22.0,0.0,2023-01-22,1.0,0,2023
2023-01-22,Sylhet,357.0,0.0,6,1,22,1,True,0.0,359.0,0.0,21.571428571428573,351.0,-2.0,0.0,2023-01-23,1.0,0,2023
2023-01-23,Sylhet,347.0,0.0,0,1,23,0,True,0.0,357.0,0.0,14.0,351.0,-10.0,0.0,2023-01-24,1.0,0,2023
2023-01-24,Sylhet,360.0,0.0,1,1,24,0,True,0.0,347.0,0.0,5.714285714285714,354.3333333333333,13.0,0.0,2023-01-25,1.0,0,2023
2023-01-25,Sylhet,375.0,0.0,2,1,25,0,True,0.0,360.0,0.0,5.714285714285714,354.6666666666667,15.0,0.0,2023-01-26,1.0,0,2023
2023-01-26,Sylhet,362.0,0.0,3,1,26,0,True,0.0,375.0,0.0,0.0,360.6666666666667,-13.0,0.0,2023-01-27,1.0,0,2023
2023-01-27,Sylhet,325.0,0.0,4,1,27,0,True,0.0,362.0,0.0,0.0,365.6666666666667,-37.0,0.0,2023-01-28,1.0,0,2023
2023-01-28,Sylhet,346.0,0.0,5,1,28,1,True,0.0,325.0,0.0,0.0,354.0,21.0,0.0,2023-01-29,1.0,0,2023
2023-01-29,Sylhet,363.0,0.0,6,1,29,1,True,0.0,346.0,0.0,0.0,344.3333333333333,17.0,0.0,2023-01-30,1.0,0,2023
2023-01-30,Sylhet,358.0,0.0,0,1,30,0,True,0.0,363.0,0.0,0.0,344.6666666666667,-5.0,0.0,2023-01-31,1.0,0,2023
2023-01-31,Sylhet,367.0,0.0,1,1,31,0,True,0.0,358.0,0.0,0.0,355.6666666666667,9.0,14.0,2023-02-01,1.0,1,2023
2023-02-01,Sylhet,358.0,14.0,2,2,1,0,True,0.0,367.0,0.0,0.0,362.6666666666667,-9.0,0.0,2023-02-02,1.0,0,2023
2023-02-02,Sylhet,372.0,0.0,3,2,2,0,True,14.0,358.0,4.666666666666667,2.0,361.0,14.0,0.0,2023-02-03,1.0,0,2023
2023-02-03,Sylhet,334.0,0.0,4,2,3,0,True,0.0,372.0,4.666666666666667,2.0,365.6666666666667,-38.0,0.0,2023-02-04,1.0,0,2023
2023-02-04,Sylhet,361.0,0.0,5,2,4,1,True,0.0,334.0,4.666666666666667,2.0,354.6666666666667,27.0,0.0,2023-02-05,1.0,0,2023
2023-02-05,Sylhet,348.0,0.0,6,2,5,1,True,0.0,361.0,0.0,2.0,355.6666666666667,-13.0,0.0,2023-02-06,1.0,0,2023
2023-02-06,Sylhet,364.0,0.0,0,2,6,0,True,0.0,348.0,0.0,2.0,347.6666666666667,16.0,0.0,2023-02-07,1.0,0,2023
2023-02-07,Sylhet,358.0,0.0,1,2,7,0,True,0.0,364.0,0.0,2.0,357.6666666666667,-6.0,0.0,2023-02-08,1.0,0,2023
2023-02-08,Sylhet,360.0,0.0,2,2,8,0,True,0.0,358.0,0.0,2.0,356.6666666666667,2.0,0.0,2023-02-09,1.0,0,2023
2023-02-09,Sylhet,364.0,0.0,3,2,9,0,True,0.0,360.0,0.0,0.0,360.6666666666667,4.0,0.0,2023-02-10,1.0,0,2023
2023-02-10,Sylhet,344.0,0.0,4,2,10,0,True,0.0,364.0,0.0,0.0,360.6666666666667,-20.0,0.0,2023-02-11,1.0,0,2023
2023-02-11,Sylhet,352.0,0.0,5,2,11,1,True,0.0,344.0,0.0,0.0,356.0,8.0,0.0,2023-02-12,1.0,0,2023
2023-02-12,Sylhet,345.0,0.0,6,2,12,1,True,0.0,352.0,0.0,0.0,353.3333333333333,-7.0,0.0,2023-02-13,1.0,0,2023
2023-02-13,Sylhet,347.0,0.0,0,2,13,0,True,0.0,345.0,0.0,0.0,347.0,2.0,0.0,2023-02-14,1.0,0,2023
2023-02-14,Sylhet,364.0,0.0,1,2,14,0,True,0.0,347.0,0.0,0.0,348.0,17.0,0.0,2023-02-15,1.0,0,2023
2023-02-15,Sylhet,370.0,0.0,2,2,15,0,True,0.0,364.0,0.0,0.0,352.0,6.0,0.0,2023-02-16,1.0,0,2023
2023-02-16,Sylhet,362.0,0.0,3,2,16,0,True,0.0,370.0,0.0,0.0,360.3333333333333,-8.0,0.0,2023-02-17,1.0,0,2023
2023-02-17,Sylhet,333.0,0.0,4,2,17,0,True,0.0,362.0,0.0,0.0,365.3333333333333,-29.0,0.0,2023-02-18,1.0,0,2023
2023-02-18,Sylhet,373.0,0.0,5,2,18,1,True,0.0,333.0,0.0,0.0,355.0,40.0,0.0,2023-02-19,1.0,0,2023
2023-02-19,Sylhet,357.0,0.0,6,2,19,1,True,0.0,373.0,0.0,0.0,356.0,-16.0,0.0,2023-02-20,1.0,0,2023
2023-02-20,Sylhet,379.0,0.0,0,2,20,0,True,0.0,357.0,0.0,0.0,354.3333333333333,22.0,0.0,2023-02-21,1.0,0,2023
2023-02-21,Sylhet,373.0,0.0,1,2,21,0,True,0.0,379.0,0.0,0.0,369.6666666666667,-6.0,0.0,2023-02-22,1.0,0,2023
2023-02-22,Sylhet,355.0,0.0,2,2,22,0,True,0.0,373.0,0.0,0.0,369.6666666666667,-18.0,0.0,2023-02-23,1.0,0,2023
2023-02-23,Sylhet,381.0,0.0,3,2,23,0,True,0.0,355.0,0.0,0.0,369.0,26.0,0.0,2023-02-24,1.0,0,2023
2023-02-24,Sylhet,365.0,0.0,4,2,24,0,True,0.0,381.0,0.0,0.0,369.6666666666667,-16.0,0.0,2023-02-25,1.0,0,2023
2023-02-25,Sylhet,382.0,0.0,5,2,25,1,True,0.0,365.0,0.0,0.0,367.0,17.0,0.0,2023-02-26,1.0,0,2023
2023-02-26,Sylhet,358.0,0.0,6,2,26,1,True,0.0,382.0,0.0,0.0,376.0,-24.0,0.0,2023-02-27,1.0,0,2023
2023-02-27,Sylhet,382.0,0.0,0,2,27,0,True,0.0,358.0,0.0,0.0,368.3333333333333,24.0,0.0,2023-02-28,1.0,0,2023
2023-02-28,Sylhet,372.0,0.0,1,2,28,0,True,0.0,382.0,0.0,0.0,374.0,-10.0,0.0,2023-03-01,1.0,0,2023
2023-03-01,Sylhet,397.0,0.0,2,3,1,0,True,0.0,372.0,0.0,0.0,370.6666666666667,25.0,0.0,2023-03-02,1.0,0,2023
2023-03-02,Sylhet,403.0,0.0,3,3,2,0,True,0.0,397.0,0.0,0.0,383.6666666666667,6.0,0.0,2023-03-03,1.0,0,2023
2023-03-03,Sylhet,385.0,0.0,4,3,3,0,True,0.0,403.0,0.0,0.0,390.6666666666667,-18.0,0.0,2023-03-04,1.0,0,2023
2023-03-04,Sylhet,419.0,0.0,5,3,4,1,True,0.0,385.0,0.0,0.0,395.0,34.0,9.0,2023-03-05,1.0,1,2023
2023-03-05,Sylhet,428.0,9.0,6,3,5,1,True,0.0,419.0,0.0,0.0,402.3333333333333,9.0,0.0,2023-03-06,1.0,0,2023
2023-03-06,Sylhet,443.0,0.0,0,3,6,0,True,9.0,428.0,3.0,1.2857142857142858,410.6666666666667,15.0,0.0,2023-03-07,1.0,0,2023
2023-03-07,Sylhet,416.0,0.0,1,3,7,0,True,0.0,443.0,3.0,1.2857142857142858,430.0,-27.0,0.0,2023-03-08,1.0,0,2023
2023-03-08,Sylhet,402.0,0.0,2,3,8,0,True,0.0,416.0,3.0,1.2857142857142858,429.0,-14.0,0.0,2023-03-09,1.0,0,2023
2023-03-09,Sylhet,440.0,0.0,3,3,9,0,True,0.0,402.0,0.0,1.2857142857142858,420.3333333333333,38.0,0.0,2023-03-10,1.0,0,2023
2023-03-10,Sylhet,395.0,0.0,4,3,10,0,True,0.0,440.0,0.0,1.2857142857142858,419.3333333333333,-45.0,0.0,2023-03-11,1.0,0,2023
2023-03-11,Sylhet,446.0,0.0,5,3,11,1,True,0.0,395.0,0.0,1.2857142857142858,412.3333333333333,51.0,0.0,2023-03-12,1.0,0,2023
2023-03-12,Sylhet,463.0,0.0,6,3,12,1,True,0.0,446.0,0.0,1.2857142857142858,427.0,17.0,0.0,2023-03-13,1.0,0,2023
2023-03-13,Sylhet,485.0,0.0,0,3,13,0,True,0.0,463.0,0.0,0.0,434.6666666666667,22.0,0.0,2023-03-14,1.0,0,2023
2023-03-14,Sylhet,433.0,0.0,1,3,14,0,True,0.0,485.0,0.0,0.0,464.6666666666667,-52.0,0.0,2023-03-15,1.0,0,2023
2023-03-15,Sylhet,405.0,0.0,2,3,15,0,True,0.0,433.0,0.0,0.0,460.3333333333333,-28.0,0.0,2023-03-16,1.0,0,2023
2023-03-16,Sylhet,430.0,0.0,3,3,16,0,True,0.0,405.0,0.0,0.0,441.0,25.0,0.0,2023-03-17,1.0,0,2023
2023-03-17,Sylhet,354.0,0.0,4,3,17,0,True,0.0,430.0,0.0,0.0,422.6666666666667,-76.0,0.0,2023-03-18,1.0,0,2023
2023-03-18,Sylhet,434.0,0.0,5,3,18,1,True,0.0,354.0,0.0,0.0,396.3333333333333,80.0,0.0,2023-03-19,1.0,0,2023
2023-03-19,Sylhet,350.0,0.0,6,3,19,1,True,0.0,434.0,0.0,0.0,406.0,-84.0,0.0,2023-03-20,1.0,0,2023
2023-03-20,Sylhet,334.0,0.0,0,3,20,0,True,0.0,350.0,0.0,0.0,379.3333333333333,-16.0,0.0,2023-03-21,1.0,0,2023
2023-03-21,Sylhet,368.0,0.0,1,3,21,0,True,0.0,334.0,0.0,0.0,372.6666666666667,34.0,0.0,2023-03-22,1.0,0,2023
2023-03-22,Sylhet,380.0,0.0,2,3,22,0,True,0.0,368.0,0.0,0.0,350.6666666666667,12.0,0.0,2023-03-23,1.0,0,2023
2023-03-23,Sylhet,374.0,0.0,3,3,23,0,True,0.0,380.0,0.0,0.0,360.6666666666667,-6.0,0.0,2023-03-24,1.0,0,2023
2023-03-24,Sylhet,383.0,0.0,4,3,24,0,True,0.0,374.0,0.0,0.0,374.0,9.0,0.0,2023-03-25,1.0,0,2023
2023-03-25,Sylhet,389.0,0.0,5,3,25,1,True,0.0,383.0,0.0,0.0,379.0,6.0,0.0,2023-03-26,1.0,0,2023
2023-03-26,Sylhet,392.0,0.0,6,3,26,1,True,0.0,389.0,0.0,0.0,382.0,3.0,0.0,2023-03-27,1.0,0,2023
2023-03-27,Sylhet,429.0,0.0,0,3,27,0,True,0.0,392.0,0.0,0.0,388.0,37.0,0.0,2023-03-28,1.0,0,2023
2023-03-28,Sylhet,449.0,0.0,1,3,28,0,True,0.0,429.0,0.0,0.0,403.3333333333333,20.0,0.0,2023-03-29,1.0,0,2023
2023-03-29,Sylhet,359.0,0.0,2,3,29,0,True,0.0,449.0,0.0,0.0,423.3333333333333,-90.0,0.0,2023-03-30,1.0,0,2023
2023-03-30,Sylhet,420.0,0.0,3,3,30,0,True,0.0,359.0,0.0,0.0,412.3333333333333,61.0,0.0,2023-03-31,1.0,0,2023
2023-03-31,Sylhet,410.0,0.0,4,3,31,0,True,0.0,420.0,0.0,0.0,409.3333333333333,-10.0,0.0,2023-04-01,1.0,0,2023
2023-04-01,Sylhet,379.0,0.0,5,4,1,1,True,0.0,410.0,0.0,0.0,396.3333333333333,-31.0,0.0,2023-04-02,1.0,0,2023
2023-04-02,Sylhet,336.0,0.0,6,4,2,1,True,0.0,379.0,0.0,0.0,403.0,-43.0,0.0,2023-04-03,1.0,0,2023
2023-04-03,Sylhet,391.0,0.0,0,4,3,0,True,0.0,336.0,0.0,0.0,375.0,55.0,0.0,2023-04-04,1.0,0,2023
2023-04-04,Sylhet,409.0,0.0,1,4,4,0,True,0.0,391.0,0.0,0.0,368.6666666666667,18.0,0.0,2023-04-05,1.0,0,2023
2023-04-05,Sylhet,383.0,0.0,2,4,5,0,True,0.0,409.0,0.0,0.0,378.6666666666667,-26.0,0.0,2023-04-06,1.0,0,2023
2023-04-06,Sylhet,459.0,0.0,3,4,6,0,True,0.0,383.0,0.0,0.0,394.3333333333333,76.0,0.0,2023-04-07,1.0,0,2023
2023-04-07,Sylhet,481.0,0.0,4,4,7,0,True,0.0,459.0,0.0,0.0,417.0,22.0,0.0,2023-04-08,1.0,0,2023
2023-04-08,Sylhet,500.0,0.0,5,4,8,1,True,0.0,481.0,0.0,0.0,441.0,19.0,30.0,2023-04-09,1.0,1,2023
2023-04-09,Sylhet,507.0,30.0,6,4,9,1,True,0.0,500.0,0.0,0.0,480.0,7.0,28.0,2023-04-10,1.0,1,2023
2023-04-10,Sylhet,527.0,28.0,0,4,10,0,True,30.0,507.0,10.0,4.285714285714286,496.0,20.0,0.0,2023-04-11,1.0,0,2023
2023-04-11,Sylhet,555.0,0.0,1,4,11,0,True,28.0,527.0,19.333333333333332,8.285714285714286,511.3333333333333,28.0,0.0,2023-04-12,1.0,0,2023
2023-04-12,Sylhet,583.0,0.0,2,4,12,0,True,0.0,555.0,19.333333333333332,8.285714285714286,529.6666666666666,28.0,15.0,2023-04-13,1.0,1,2023
2023-04-13,Sylhet,567.0,15.0,3,4,13,0,True,0.0,583.0,9.333333333333334,8.285714285714286,555.0,-16.0,15.0,2023-04-14,1.0,1,2023
2023-04-14,Sylhet,584.0,15.0,4,4,14,0,True,15.0,567.0,5.0,10.428571428571429,568.3333333333334,17.0,80.0,2023-04-15,1.0,1,2023
2023-04-15,Sylhet,549.0,80.0,5,4,15,1,True,15.0,584.0,10.0,12.571428571428571,578.0,-35.0,100.0,2023-04-16,1.0,1,2023
2023-04-16,Sylhet,600.0,100.0,6,4,16,1,True,80.0,549.0,36.666666666666664,24.0,566.6666666666666,51.0,15.0,2023-04-17,1.0,1,2023
2023-04-17,Sylhet,626.0,15.0,0,4,17,0,True,100.0,600.0,65.0,34.0,577.6666666666666,26.0,80.0,2023-04-18,1.0,1,2023
2023-04-18,Sylhet,599.0,80.0,1,4,18,0,True,15.0,626.0,65.0,32.142857142857146,591.6666666666666,-27.0,40.0,2023-04-19,1.0,1,2023
2023-04-19,Sylhet,640.0,40.0,2,4,19,0,True,80.0,599.0,65.0,43.57142857142857,608.3333333333334,41.0,0.0,2023-04-20,1.0,0,2023
2023-04-20,Sylhet,556.0,0.0,3,4,20,0,True,40.0,640.0,45.0,49.285714285714285,621.6666666666666,-84.0,0.0,2023-04-21,1.0,0,2023
2023-04-21,Sylhet,275.0,0.0,4,4,21,0,True,0.0,556.0,40.0,47.142857142857146,598.3333333333334,-281.0,0.0,2023-04-22,1.0,0,2023
2023-04-22,Sylhet,462.0,0.0,5,4,22,1,True,0.0,275.0,13.333333333333334,45.0,490.3333333333333,187.0,0.0,2023-04-23,1.0,0,2023
2023-04-23,Sylhet,312.0,0.0,6,4,23,1,True,0.0,462.0,0.0,33.57142857142857,431.0,-150.0,0.0,2023-04-24,1.0,0,2023
2023-04-24,Sylhet,462.0,0.0,0,4,24,0,True,0.0,312.0,0.0,19.285714285714285,349.6666666666667,150.0,0.0,2023-04-25,1.0,0,2023
2023-04-25,Sylhet,509.0,0.0,1,4,25,0,True,0.0,462.0,0.0,17.142857142857142,412.0,47.0,0.0,2023-04-26,1.0,0,2023
2023-04-26,Sylhet,536.0,0.0,2,4,26,0,True,0.0,509.0,0.0,5.714285714285714,427.6666666666667,27.0,0.0,2023-04-27,1.0,0,2023
2023-04-27,Sylhet,200.0,0.0,3,4,27,0,True,0.0,536.0,0.0,0.0,502.3333333333333,-336.0,0.0,2023-04-28,1.0,0,2023
2023-04-28,Sylhet,503.0,0.0,4,4,28,0,True,0.0,200.0,0.0,0.0,415.0,303.0,0.0,2023-04-29,1.0,0,2023
2023-04-29,Sylhet,127.0,0.0,5,4,29,1,True,0.0,503.0,0.0,0.0,413.0,-376.0,10.0,2023-04-30,1.0,1,2023
2023-04-30,Sylhet,528.0,10.0,6,4,30,1,True,0.0,127.0,0.0,0.0,276.6666666666667,401.0,0.0,2023-05-01,1.0,0,2023
2023-05-01,Sylhet,510.0,0.0,0,5,1,0,True,10.0,528.0,3.3333333333333335,1.4285714285714286,386.0,-18.0,22.0,2023-05-02,1.0,1,2023
2023-05-02,Sylhet,588.0,22.0,1,5,2,0,True,0.0,510.0,3.3333333333333335,1.4285714285714286,388.3333333333333,78.0,0.0,2023-05-03,1.0,0,2023
2023-05-03,Sylhet,463.0,0.0,2,5,3,0,True,22.0,588.0,10.666666666666666,4.571428571428571,542.0,-125.0,0.0,2023-05-04,1.0,0,2023
2023-05-04,Sylhet,475.0,0.0,3,5,4,0,True,0.0,463.0,7.333333333333333,4.571428571428571,520.3333333333334,12.0,0.0,2023-05-05,1.0,0,2023
2023-05-05,Sylhet,522.0,0.0,4,5,5,0,True,0.0,475.0,7.333333333333333,4.571428571428571,508.6666666666667,47.0,0.0,2023-05-06,1.0,0,2023
2023-05-06,Sylhet,537.0,0.0,5,5,6,1,True,0.0,522.0,0.0,4.571428571428571,486.6666666666667,15.0,0.0,2023-05-07,1.0,0,2023
2023-05-07,Sylhet,572.0,0.0,6,5,7,1,True,0.0,537.0,0.0,4.571428571428571,511.3333333333333,35.0,103.0,2023-05-08,1.0,1,2023
2023-05-08,Sylhet,589.0,103.0,0,5,8,0,True,0.0,572.0,0.0,3.142857142857143,543.6666666666666,17.0,93.0,2023-05-09,1.0,1,2023
2023-05-09,Sylhet,625.0,93.0,1,5,9,0,True,103.0,589.0,34.333333333333336,17.857142857142858,566.0,36.0,0.0,2023-05-10,1.0,0,2023
2023-05-10,Sylhet,358.0,0.0,2,5,10,0,True,93.0,625.0,65.33333333333333,28.0,595.3333333333334,-267.0,0.0,2023-05-11,1.0,0,2023
2023-05-11,Sylhet,387.0,0.0,3,5,11,0,True,0.0,358.0,65.33333333333333,28.0,524.0,29.0,10.0,2023-05-12,1.0,1,2023
2023-05-12,Sylhet,548.0,10.0,4,5,12,0,True,0.0,387.0,31.0,28.0,456.6666666666667,161.0,119.0,2023-05-13,1.0,1,2023
2023-05-13,Sylhet,568.0,119.0,5,5,13,1,True,10.0,548.0,3.3333333333333335,29.428571428571427,431.0,20.0,0.0,2023-05-14,1.0,0,2023
2023-05-14,Sylhet,415.0,0.0,6,5,14,1,True,119.0,568.0,43.0,46.42857142857143,501.0,-153.0,102.0,2023-05-15,1.0,1,2023
2023-05-15,Sylhet,546.0,102.0,0,5,15,0,True,0.0,415.0,43.0,46.42857142857143,510.3333333333333,131.0,0.0,2023-05-16,1.0,0,2023
2023-05-16,Sylhet,344.0,0.0,1,5,16,0,True,102.0,546.0,73.66666666666667,46.285714285714285,509.6666666666667,-202.0,0.0,2023-05-17,1.0,0,2023
2023-05-17,Sylhet,455.0,0.0,2,5,17,0,True,0.0,344.0,34.0,33.0,435.0,111.0,0.0,2023-05-18,1.0,0,2023
2023-05-18,Sylhet,444.0,0.0,3,5,18,0,True,0.0,455.0,34.0,33.0,448.3333333333333,-11.0,0.0,2023-05-19,1.0,0,2023
2023-05-19,Sylhet,409.0,0.0,4,5,19,0,True,0.0,444.0,0.0,33.0,414.3333333333333,-35.0,0.0,2023-05-20,1.0,0,2023
2023-05-20,Sylhet,507.0,0.0,5,5,20,1,True,0.0,409.0,0.0,31.571428571428573,436.0,98.0,0.0,2023-05-21,1.0,0,2023
2023-05-21,Sylhet,308.0,0.0,6,5,21,1,True,0.0,507.0,0.0,14.571428571428571,453.3333333333333,-199.0,0.0,2023-05-22,1.0,0,2023
2023-05-22,Sylhet,501.0,0.0,0,5,22,0,True,0.0,308.0,0.0,14.571428571428571,408.0,193.0,0.0,2023-05-23,1.0,0,2023
2023-05-23,Sylhet,411.0,0.0,1,5,23,0,True,0.0,501.0,0.0,0.0,438.6666666666667,-90.0,0.0,2023-05-24,1.0,0,2023
2023-05-24,Sylhet,511.0,0.0,2,5,24,0,True,0.0,411.0,0.0,0.0,406.6666666666667,100.0,0.0,2023-05-25,1.0,0,2023
2023-05-25,Sylhet,557.0,0.0,3,5,25,0,True,0.0,511.0,0.0,0.0,474.3333333333333,46.0,0.0,2023-05-26,1.0,0,2023
2023-05-26,Sylhet,524.0,0.0,4,5,26,0,True,0.0,557.0,0.0,0.0,493.0,-33.0,0.0,2023-05-27,1.0,0,2023
2023-05-27,Sylhet,495.0,0.0,5,5,27,1,True,0.0,524.0,0.0,0.0,530.6666666666666,-29.0,0.0,2023-05-28,1.0,0,2023
2023-05-28,Sylhet,570.0,0.0,6,5,28,1,True,0.0,495.0,0.0,0.0,525.3333333333334,75.0,10.0,2023-05-29,1.0,1,2023
2023-05-29,Sylhet,603.0,10.0,0,5,29,0,True,0.0,570.0,0.0,0.0,529.6666666666666,33.0,0.0,2023-05-30,1.0,0,2023
2023-05-30,Sylhet,614.0,0.0,1,5,30,0,True,10.0,603.0,3.3333333333333335,1.4285714285714286,556.0,11.0,137.0,2023-05-31,1.0,1,2023
2023-05-31,Sylhet,645.0,137.0,2,5,31,0,True,0.0,614.0,3.3333333333333335,1.4285714285714286,595.6666666666666,31.0,30.0,2023-06-01,1.0,1,2023
2023-06-01,Sylhet,569.0,30.0,3,6,1,0,True,137.0,645.0,49.0,21.0,620.6666666666666,-76.0,0.0,2023-06-02,1.0,0,2023
2023-06-02,Sylhet,560.0,0.0,4,6,2,0,True,30.0,569.0,55.666666666666664,25.285714285714285,609.3333333333334,-9.0,90.0,2023-06-03,1.0,1,2023
2023-06-03,Sylhet,540.0,90.0,5,6,3,1,True,0.0,560.0,55.666666666666664,25.285714285714285,591.3333333333334,-20.0,85.0,2023-06-04,1.0,1,2023
2023-06-04,Sylhet,592.0,85.0,6,6,4,1,True,90.0,540.0,40.0,38.142857142857146,556.3333333333334,52.0,96.0,2023-06-05,1.0,1,2023
2023-06-05,Sylhet,624.0,96.0,0,6,5,0,True,85.0,592.0,58.333333333333336,50.285714285714285,564.0,32.0,0.0,2023-06-06,1.0,0,2023
2023-06-06,Sylhet,626.0,0.0,1,6,6,0,True,96.0,624.0,90.33333333333333,62.57142857142857,585.3333333333334,2.0,100.0,2023-06-07,1.0,1,2023
2023-06-07,Sylhet,559.0,100.0,2,6,7,0,True,0.0,626.0,60.333333333333336,62.57142857142857,614.0,-67.0,10.0,2023-06-08,1.0,1,2023
2023-06-08,Sylhet,626.0,10.0,3,6,8,0,True,100.0,559.0,65.33333333333333,57.285714285714285,603.0,67.0,0.0,2023-06-09,1.0,0,2023
2023-06-09,Sylhet,567.0,0.0,4,6,9,0,True,10.0,626.0,36.666666666666664,54.42857142857143,603.6666666666666,-59.0,0.0,2023-06-10,1.0,0,2023
2023-06-10,Sylhet,500.0,0.0,5,6,10,1,True,0.0,567.0,36.666666666666664,54.42857142857143,584.0,-67.0,76.0,2023-06-11,1.0,1,2023
2023-06-11,Sylhet,514.0,76.0,6,6,11,1,True,0.0,500.0,3.3333333333333335,41.57142857142857,564.3333333333334,14.0,35.0,2023-06-12,1.0,1,2023
2023-06-12,Sylhet,527.0,35.0,0,6,12,0,True,76.0,514.0,25.333333333333332,40.285714285714285,527.0,13.0,20.0,2023-06-13,1.0,1,2023
2023-06-13,Sylhet,576.0,20.0,1,6,13,0,True,35.0,527.0,37.0,31.571428571428573,513.6666666666666,49.0,0.0,2023-06-14,1.0,0,2023
2023-06-14,Sylhet,270.0,0.0,2,6,14,0,True,20.0,576.0,43.666666666666664,34.42857142857143,539.0,-306.0,0.0,2023-06-15,1.0,0,2023
2023-06-15,Sylhet,447.0,0.0,3,6,15,0,True,0.0,270.0,18.333333333333332,20.142857142857142,457.6666666666667,177.0,0.0,2023-06-16,1.0,0,2023
2023-06-16,Sylhet,369.0,0.0,4,6,16,0,True,0.0,447.0,6.666666666666667,18.714285714285715,431.0,-78.0,0.0,2023-06-17,1.0,0,2023
2023-06-17,Sylhet,381.0,0.0,5,6,17,1,True,0.0,369.0,0.0,18.714285714285715,362.0,12.0,0.0,2023-06-18,1.0,0,2023
2023-06-18,Sylhet,389.0,0.0,6,6,18,1,True,0.0,381.0,0.0,18.714285714285715,399.0,8.0,0.0,2023-06-19,1.0,0,2023
2023-06-19,Sylhet,399.0,0.0,0,6,19,0,True,0.0,389.0,0.0,7.857142857142857,379.6666666666667,10.0,0.0,2023-06-20,1.0,0,2023
2023-06-20,Sylhet,392.0,0.0,1,6,20,0,True,0.0,399.0,0.0,2.857142857142857,389.6666666666667,-7.0,0.0,2023-06-21,1.0,0,2023
2023-06-21,Sylhet,482.0,0.0,2,6,21,0,True,0.0,392.0,0.0,0.0,393.3333333333333,90.0,42.0,2023-06-22,1.0,1,2023
2023-06-22,Sylhet,520.0,42.0,3,6,22,0,True,0.0,482.0,0.0,0.0,424.3333333333333,38.0,0.0,2023-06-23,1.0,0,2023
2023-06-23,Sylhet,505.0,0.0,4,6,23,0,True,42.0,520.0,14.0,6.0,464.6666666666667,-15.0,0.0,2023-06-24,1.0,0,2023
2023-06-24,Sylhet,555.0,0.0,5,6,24,1,True,0.0,505.0,14.0,6.0,502.3333333333333,50.0,0.0,2023-06-25,1.0,0,2023
2023-06-25,Sylhet,572.0,0.0,6,6,25,1,True,0.0,555.0,14.0,6.0,526.6666666666666,17.0,0.0,2023-06-26,1.0,0,2023
2023-06-26,Sylhet,543.0,0.0,0,6,26,0,True,0.0,572.0,0.0,6.0,544.0,-29.0,0.0,2023-06-27,1.0,0,2023
2023-06-27,Sylhet,540.0,0.0,1,6,27,0,True,0.0,543.0,0.0,6.0,556.6666666666666,-3.0,0.0,2023-06-28,1.0,0,2023
2023-06-28,Sylhet,464.0,0.0,2,6,28,0,True,0.0,540.0,0.0,6.0,551.6666666666666,-76.0,0.0,2023-06-29,1.0,0,2023
2023-06-29,Sylhet,492.0,0.0,3,6,29,0,True,0.0,464.0,0.0,6.0,515.6666666666666,28.0,0.0,2023-06-30,1.0,0,2023
2023-06-30,Sylhet,449.0,0.0,4,6,30,0,True,0.0,492.0,0.0,0.0,498.6666666666667,-43.0,0.0,2023-07-01,1.0,0,2023
2023-07-01,Sylhet,467.0,0.0,5,7,1,1,True,0.0,449.0,0.0,0.0,468.3333333333333,18.0,0.0,2023-07-02,1.0,0,2023
2023-07-02,Sylhet,465.0,0.0,6,7,2,1,True,0.0,467.0,0.0,0.0,469.3333333333333,-2.0,0.0,2023-07-03,1.0,0,2023
2023-07-03,Sylhet,507.0,0.0,0,7,3,0,True,0.0,465.0,0.0,0.0,460.3333333333333,42.0,0.0,2023-07-04,1.0,0,2023
2023-07-04,Sylhet,573.0,0.0,1,7,4,0,True,0.0,507.0,0.0,0.0,479.6666666666667,66.0,0.0,2023-07-05,1.0,0,2023
2023-07-05,Sylhet,539.0,0.0,2,7,5,0,True,0.0,573.0,0.0,0.0,515.0,-34.0,0.0,2023-07-06,1.0,0,2023
2023-07-06,Sylhet,557.0,0.0,3,7,6,0,True,0.0,539.0,0.0,0.0,539.6666666666666,18.0,0.0,2023-07-07,1.0,0,2023
2023-07-07,Sylhet,486.0,0.0,4,7,7,0,True,0.0,557.0,0.0,0.0,556.3333333333334,-71.0,0.0,2023-07-08,1.0,0,2023
2023-07-08,Sylhet,581.0,0.0,5,7,8,1,True,0.0,486.0,0.0,0.0,527.3333333333334,95.0,71.0,2023-07-09,1.0,1,2023
2023-07-09,Sylhet,517.0,71.0,6,7,9,1,True,0.0,581.0,0.0,0.0,541.3333333333334,-64.0,0.0,2023-07-10,1.0,0,2023
2023-07-10,Sylhet,564.0,0.0,0,7,10,0,True,71.0,517.0,23.666666666666668,10.142857142857142,528.0,47.0,0.0,2023-07-11,1.0,0,2023
2023-07-11,Sylhet,586.0,0.0,1,7,11,0,True,0.0,564.0,23.666666666666668,10.142857142857142,554.0,22.0,0.0,2023-07-12,1.0,0,2023
2023-07-12,Sylhet,557.0,0.0,2,7,12,0,True,0.0,586.0,23.666666666666668,10.142857142857142,555.6666666666666,-29.0,0.0,2023-07-13,1.0,0,2023
2023-07-13,Sylhet,558.0,0.0,3,7,13,0,True,0.0,557.0,0.0,10.142857142857142,569.0,1.0,0.0,2023-07-14,1.0,0,2023
2023-07-14,Sylhet,567.0,0.0,4,7,14,0,True,0.0,558.0,0.0,10.142857142857142,567.0,9.0,0.0,2023-07-15,1.0,0,2023
2023-07-15,Sylhet,598.0,0.0,5,7,15,1,True,0.0,567.0,0.0,10.142857142857142,560.6666666666666,31.0,0.0,2023-07-16,1.0,0,2023
2023-07-16,Sylhet,597.0,0.0,6,7,16,1,True,0.0,598.0,0.0,10.142857142857142,574.3333333333334,-1.0,0.0,2023-07-17,1.0,0,2023
2023-07-17,Sylhet,566.0,0.0,0,7,17,0,True,0.0,597.0,0.0,0.0,587.3333333333334,-31.0,0.0,2023-07-18,1.0,0,2023
2023-07-18,Sylhet,640.0,0.0,1,7,18,0,True,0.0,566.0,0.0,0.0,587.0,74.0,90.0,2023-07-19,1.0,1,2023
2023-07-19,Sylhet,632.0,90.0,2,7,19,0,True,0.0,640.0,0.0,0.0,601.0,-8.0,0.0,2023-07-20,1.0,0,2023
2023-07-20,Sylhet,555.0,0.0,3,7,20,0,True,90.0,632.0,30.0,12.857142857142858,612.6666666666666,-77.0,0.0,2023-07-21,1.0,0,2023
2023-07-21,Sylhet,582.0,0.0,4,7,21,0,True,0.0,555.0,30.0,12.857142857142858,609.0,27.0,0.0,2023-07-22,1.0,0,2023
2023-07-22,Sylhet,617.0,0.0,5,7,22,1,True,0.0,582.0,30.0,12.857142857142858,589.6666666666666,35.0,0.0,2023-07-23,1.0,0,2023
2023-07-23,Sylhet,636.0,0.0,6,7,23,1,True,0.0,617.0,0.0,12.857142857142858,584.6666666666666,19.0,65.0,2023-07-24,1.0,1,2023
2023-07-24,Sylhet,588.0,65.0,0,7,24,0,True,0.0,636.0,0.0,12.857142857142858,611.6666666666666,-48.0,35.0,2023-07-25,1.0,1,2023
2023-07-25,Sylhet,613.0,35.0,1,7,25,0,True,65.0,588.0,21.666666666666668,22.142857142857142,613.6666666666666,25.0,0.0,2023-07-26,1.0,0,2023
2023-07-26,Sylhet,546.0,0.0,2,7,26,0,True,35.0,613.0,33.333333333333336,27.142857142857142,612.3333333333334,-67.0,0.0,2023-07-27,1.0,0,2023
2023-07-27,Sylhet,607.0,0.0,3,7,27,0,True,0.0,546.0,33.333333333333336,14.285714285714286,582.3333333333334,61.0,140.0,2023-07-28,1.0,1,2023
2023-07-28,Sylhet,578.0,140.0,4,7,28,0,True,0.0,607.0,11.666666666666666,14.285714285714286,588.6666666666666,-29.0,11.0,2023-07-29,1.0,1,2023
2023-07-29,Sylhet,622.0,11.0,5,7,29,1,True,140.0,578.0,46.666666666666664,34.285714285714285,577.0,44.0,20.0,2023-07-30,1.0,1,2023
2023-07-30,Sylhet,629.0,20.0,6,7,30,1,True,11.0,622.0,50.333333333333336,35.857142857142854,602.3333333333334,7.0,0.0,2023-07-31,1.0,0,2023
2023-07-31,Sylhet,538.0,0.0,0,7,31,0,True,20.0,629.0,57.0,38.714285714285715,609.6666666666666,-91.0,25.0,2023-08-01,1.0,1,2023
2023-08-01,Sylhet,573.0,25.0,1,8,1,0,True,0.0,538.0,10.333333333333334,29.428571428571427,596.3333333333334,35.0,62.0,2023-08-02,1.0,1,2023
2023-08-02,Sylhet,605.0,62.0,2,8,2,0,True,25.0,573.0,15.0,28.0,580.0,32.0,47.0,2023-08-03,1.0,1,2023
2023-08-03,Sylhet,593.0,47.0,3,8,3,0,True,62.0,605.0,29.0,36.857142857142854,572.0,-12.0,0.0,2023-08-04,1.0,0,2023
2023-08-04,Sylhet,545.0,0.0,4,8,4,0,True,47.0,593.0,44.666666666666664,43.57142857142857,590.3333333333334,-48.0,0.0,2023-08-05,1.0,0,2023
2023-08-05,Sylhet,576.0,0.0,5,8,5,1,True,0.0,545.0,36.333333333333336,23.571428571428573,581.0,31.0,0.0,2023-08-06,1.0,0,2023
2023-08-06,Sylhet,496.0,0.0,6,8,6,1,True,0.0,576.0,15.666666666666666,22.0,571.3333333333334,-80.0,0.0,2023-08-07,1.0,0,2023
2023-08-07,Sylhet,538.0,0.0,0,8,7,0,True,0.0,496.0,0.0,19.142857142857142,539.0,42.0,0.0,2023-08-08,1.0,0,2023
2023-08-08,Sylhet,509.0,0.0,1,8,8,0,True,0.0,538.0,0.0,19.142857142857142,536.6666666666666,-29.0,0.0,2023-08-09,1.0,0,2023
2023-08-09,Sylhet,527.0,0.0,2,8,9,0,True,0.0,509.0,0.0,15.571428571428571,514.3333333333334,18.0,0.0,2023-08-10,1.0,0,2023
2023-08-10,Sylhet,566.0,0.0,3,8,10,0,True,0.0,527.0,0.0,6.714285714285714,524.6666666666666,39.0,0.0,2023-08-11,1.0,0,2023
2023-08-11,Sylhet,540.0,0.0,4,8,11,0,True,0.0,566.0,0.0,0.0,534.0,-26.0,0.0,2023-08-12,1.0,0,2023
2023-08-12,Sylhet,565.0,0.0,5,8,12,1,True,0.0,540.0,0.0,0.0,544.3333333333334,25.0,0.0,2023-08-13,1.0,0,2023
2023-08-13,Sylhet,541.0,0.0,6,8,13,1,True,0.0,565.0,0.0,0.0,557.0,-24.0,0.0,2023-08-14,1.0,0,2023
2023-08-14,Sylhet,531.0,0.0,0,8,14,0,True,0.0,541.0,0.0,0.0,548.6666666666666,-10.0,0.0,2023-08-15,1.0,0,2023
2023-08-15,Sylhet,583.0,0.0,1,8,15,0,True,0.0,531.0,0.0,0.0,545.6666666666666,52.0,39.0,2023-08-16,1.0,1,2023
2023-08-16,Sylhet,648.0,39.0,2,8,16,0,True,0.0,583.0,0.0,0.0,551.6666666666666,65.0,10.0,2023-08-17,1.0,1,2023
2023-08-17,Sylhet,602.0,10.0,3,8,17,0,True,39.0,648.0,13.0,5.571428571428571,587.3333333333334,-46.0,0.0,2023-08-18,1.0,0,2023
2023-08-18,Sylhet,612.0,0.0,4,8,18,0,True,10.0,602.0,16.333333333333332,7.0,611.0,10.0,0.0,2023-08-19,1.0,0,2023
2023-08-19,Sylhet,620.0,0.0,5,8,19,1,True,0.0,612.0,16.333333333333332,7.0,620.6666666666666,8.0,20.0,2023-08-20,1.0,1,2023
2023-08-20,Sylhet,619.0,20.0,6,8,20,1,True,0.0,620.0,3.3333333333333335,7.0,611.3333333333334,-1.0,45.0,2023-08-21,1.0,1,2023
2023-08-21,Sylhet,610.0,45.0,0,8,21,0,True,20.0,619.0,6.666666666666667,9.857142857142858,617.0,-9.0,15.0,2023-08-22,1.0,1,2023
2023-08-22,Sylhet,558.0,15.0,1,8,22,0,True,45.0,610.0,21.666666666666668,16.285714285714285,616.3333333333334,-52.0,8.0,2023-08-23,1.0,1,2023
2023-08-23,Sylhet,563.0,8.0,2,8,23,0,True,15.0,558.0,26.666666666666668,18.428571428571427,595.6666666666666,5.0,0.0,2023-08-24,1.0,0,2023
2023-08-24,Sylhet,561.0,0.0,3,8,24,0,True,8.0,563.0,22.666666666666668,14.0,577.0,-2.0,0.0,2023-08-25,1.0,0,2023
2023-08-25,Sylhet,536.0,0.0,4,8,25,0,True,0.0,561.0,7.666666666666667,12.571428571428571,560.6666666666666,-25.0,10.0,2023-08-26,1.0,1,2023
2023-08-26,Sylhet,533.0,10.0,5,8,26,1,True,0.0,536.0,2.6666666666666665,12.571428571428571,553.3333333333334,-3.0,0.0,2023-08-27,1.0,0,2023
2023-08-27,Sylhet,500.0,0.0,6,8,27,1,True,10.0,533.0,3.3333333333333335,14.0,543.3333333333334,-33.0,0.0,2023-08-28,1.0,0,2023
2023-08-28,Sylhet,541.0,0.0,0,8,28,0,True,0.0,500.0,3.3333333333333335,11.142857142857142,523.0,41.0,0.0,2023-08-29,1.0,0,2023
2023-08-29,Sylhet,598.0,0.0,1,8,29,0,True,0.0,541.0,3.3333333333333335,4.714285714285714,524.6666666666666,57.0,60.0,2023-08-30,1.0,1,2023
2023-08-30,Sylhet,581.0,60.0,2,8,30,0,True,0.0,598.0,0.0,2.5714285714285716,546.3333333333334,-17.0,60.0,2023-08-31,1.0,1,2023
2023-08-31,Sylhet,602.0,60.0,3,8,31,0,True,60.0,581.0,20.0,10.0,573.3333333333334,21.0,27.0,2023-09-01,1.0,1,2023
2023-09-01,Sylhet,597.0,27.0,4,9,1,0,True,60.0,602.0,40.0,18.571428571428573,593.6666666666666,-5.0,45.0,2023-09-02,1.0,1,2023
2023-09-02,Sylhet,573.0,45.0,5,9,2,1,True,27.0,597.0,49.0,22.428571428571427,593.3333333333334,-24.0,95.0,2023-09-03,1.0,1,2023
2023-09-03,Sylhet,639.0,95.0,6,9,3,1,True,45.0,573.0,44.0,27.428571428571427,590.6666666666666,66.0,80.0,2023-09-04,1.0,1,2023
2023-09-04,Sylhet,647.0,80.0,0,9,4,0,True,95.0,639.0,55.666666666666664,41.0,603.0,8.0,65.0,2023-09-05,1.0,1,2023
2023-09-05,Sylhet,619.0,65.0,1,9,5,0,True,80.0,647.0,73.33333333333333,52.42857142857143,619.6666666666666,-28.0,105.0,2023-09-06,1.0,1,2023
2023-09-06,Sylhet,638.0,105.0,2,9,6,0,True,65.0,619.0,80.0,61.714285714285715,635.0,19.0,50.0,2023-09-07,1.0,1,2023
2023-09-07,Sylhet,648.0,50.0,3,9,7,0,True,105.0,638.0,83.33333333333333,68.14285714285714,634.6666666666666,10.0,0.0,2023-09-08,1.0,0,2023
2023-09-08,Sylhet,549.0,0.0,4,9,8,0,True,50.0,648.0,73.33333333333333,66.71428571428571,635.0,-99.0,40.0,2023-09-09,1.0,1,2023
2023-09-09,Sylhet,603.0,40.0,5,9,9,1,True,0.0,549.0,51.666666666666664,62.857142857142854,611.6666666666666,54.0,46.0,2023-09-10,1.0,1,2023
2023-09-10,Sylhet,631.0,46.0,6,9,10,1,True,40.0,603.0,30.0,62.142857142857146,600.0,28.0,18.0,2023-09-11,1.0,1,2023
2023-09-11,Sylhet,622.0,18.0,0,9,11,0,True,46.0,631.0,28.666666666666668,55.142857142857146,594.3333333333334,-9.0,25.0,2023-09-12,1.0,1,2023
2023-09-12,Sylhet,636.0,25.0,1,9,12,0,True,18.0,622.0,34.666666666666664,46.285714285714285,618.6666666666666,14.0,51.0,2023-09-13,1.0,1,2023
2023-09-13,Sylhet,608.0,51.0,2,9,13,0,True,25.0,636.0,29.666666666666668,40.57142857142857,629.6666666666666,-28.0,80.0,2023-09-14,1.0,1,2023
2023-09-14,Sylhet,617.0,80.0,3,9,14,0,True,51.0,608.0,31.333333333333332,32.857142857142854,622.0,9.0,40.0,2023-09-15,1.0,1,2023
2023-09-15,Sylhet,620.0,40.0,4,9,15,0,True,80.0,617.0,52.0,37.142857142857146,620.3333333333334,3.0,80.0,2023-09-16,1.0,1,2023
2023-09-16,Sylhet,620.0,80.0,5,9,16,1,True,40.0,620.0,57.0,42.857142857142854,615.0,0.0,110.0,2023-09-17,1.0,1,2023
2023-09-17,Sylhet,606.0,110.0,6,9,17,1,True,80.0,620.0,66.66666666666667,48.57142857142857,619.0,-14.0,30.0,2023-09-18,1.0,1,2023
2023-09-18,Sylhet,633.0,30.0,0,9,18,0,True,110.0,606.0,76.66666666666667,57.714285714285715,615.3333333333334,27.0,30.0,2023-09-19,1.0,1,2023
2023-09-19,Sylhet,602.0,30.0,1,9,19,0,True,30.0,633.0,73.33333333333333,59.42857142857143,619.6666666666666,-31.0,0.0,2023-09-20,1.0,0,2023
2023-09-20,Sylhet,448.0,0.0,2,9,20,0,True,30.0,602.0,56.666666666666664,60.142857142857146,613.6666666666666,-154.0,0.0,2023-09-21,1.0,0,2023
2023-09-21,Sylhet,511.0,0.0,3,9,21,0,True,0.0,448.0,20.0,52.857142857142854,561.0,63.0,0.0,2023-09-22,1.0,0,2023
2023-09-22,Sylhet,490.0,0.0,4,9,22,0,True,0.0,511.0,10.0,41.42857142857143,520.3333333333334,-21.0,0.0,2023-09-23,1.0,0,2023
2023-09-23,Sylhet,525.0,0.0,5,9,23,1,True,0.0,490.0,0.0,35.714285714285715,483.0,35.0,0.0,2023-09-24,1.0,0,2023
2023-09-24,Sylhet,477.0,0.0,6,9,24,1,True,0.0,525.0,0.0,24.285714285714285,508.6666666666667,-48.0,30.0,2023-09-25,1.0,1,2023
2023-09-25,Sylhet,579.0,30.0,0,9,25,0,True,0.0,477.0,0.0,8.571428571428571,497.3333333333333,102.0,28.0,2023-09-26,1.0,1,2023
2023-09-26,Sylhet,619.0,28.0,1,9,26,0,True,30.0,579.0,10.0,8.571428571428571,527.0,40.0,93.0,2023-09-27,1.0,1,2023
2023-09-27,Sylhet,638.0,93.0,2,9,27,0,True,28.0,619.0,19.333333333333332,8.285714285714286,558.3333333333334,19.0,29.0,2023-09-28,1.0,1,2023
2023-09-28,Sylhet,645.0,29.0,3,9,28,0,True,93.0,638.0,50.333333333333336,21.571428571428573,612.0,7.0,29.0,2023-09-29,1.0,1,2023
2023-09-29,Sylhet,593.0,29.0,4,9,29,0,True,29.0,645.0,50.0,25.714285714285715,634.0,-52.0,20.0,2023-09-30,1.0,1,2023
2023-09-30,Sylhet,558.0,20.0,5,9,30,1,True,29.0,593.0,50.333333333333336,29.857142857142858,625.3333333333334,-35.0,113.0,2023-10-01,1.0,1,2023
2023-10-01,Sylhet,630.0,113.0,6,10,1,1,True,20.0,558.0,26.0,32.714285714285715,598.6666666666666,72.0,105.0,2023-10-02,1.0,1,2023
2023-10-02,Sylhet,529.0,105.0,0,10,2,0,True,113.0,630.0,54.0,48.857142857142854,593.6666666666666,-101.0,18.0,2023-10-03,1.0,1,2023
2023-10-03,Sylhet,540.0,18.0,1,10,3,0,True,105.0,529.0,79.33333333333333,59.57142857142857,572.3333333333334,11.0,0.0,2023-10-04,1.0,0,2023
2023-10-04,Sylhet,507.0,0.0,2,10,4,0,True,18.0,540.0,78.66666666666667,58.142857142857146,566.3333333333334,-33.0,0.0,2023-10-05,1.0,0,2023
2023-10-05,Sylhet,488.0,0.0,3,10,5,0,True,0.0,507.0,41.0,44.857142857142854,525.3333333333334,-19.0,0.0,2023-10-06,1.0,0,2023
2023-10-06,Sylhet,375.0,0.0,4,10,6,0,True,0.0,488.0,6.0,40.714285714285715,511.6666666666667,-113.0,0.0,2023-10-07,1.0,0,2023
2023-10-07,Sylhet,467.0,0.0,5,10,7,1,True,0.0,375.0,0.0,36.57142857142857,456.6666666666667,92.0,0.0,2023-10-08,1.0,0,2023
2023-10-08,Sylhet,506.0,0.0,6,10,8,1,True,0.0,467.0,0.0,33.714285714285715,443.3333333333333,39.0,0.0,2023-10-09,1.0,0,2023
2023-10-09,Sylhet,453.0,0.0,0,10,9,0,True,0.0,506.0,0.0,17.571428571428573,449.3333333333333,-53.0,40.0,2023-10-10,1.0,1,2023
2023-10-10,Sylhet,548.0,40.0,1,10,10,0,True,0.0,453.0,0.0,2.5714285714285716,475.3333333333333,95.0,70.0,2023-10-11,1.0,1,2023
2023-10-11,Sylhet,573.0,70.0,2,10,11,0,True,40.0,548.0,13.333333333333334,5.714285714285714,502.3333333333333,25.0,35.0,2023-10-12,1.0,1,2023
2023-10-12,Sylhet,534.0,35.0,3,10,12,0,True,70.0,573.0,36.666666666666664,15.714285714285714,524.6666666666666,-39.0,0.0,2023-10-13,1.0,0,2023
2023-10-13,Sylhet,499.0,0.0,4,10,13,0,True,35.0,534.0,48.333333333333336,20.714285714285715,551.6666666666666,-35.0,0.0,2023-10-14,1.0,0,2023
2023-10-14,Sylhet,537.0,0.0,5,10,14,1,True,0.0,499.0,35.0,20.714285714285715,535.3333333333334,38.0,0.0,2023-10-15,1.0,0,2023
2023-10-15,Sylhet,534.0,0.0,6,10,15,1,True,0.0,537.0,11.666666666666666,20.714285714285715,523.3333333333334,-3.0,0.0,2023-10-16,1.0,0,2023
2023-10-16,Sylhet,535.0,0.0,0,10,16,0,True,0.0,534.0,0.0,20.714285714285715,523.3333333333334,1.0,0.0,2023-10-17,1.0,0,2023
2023-10-17,Sylhet,539.0,0.0,1,10,17,0,True,0.0,535.0,0.0,20.714285714285715,535.3333333333334,4.0,0.0,2023-10-18,1.0,0,2023
2023-10-18,Sylhet,523.0,0.0,2,10,18,0,True,0.0,539.0,0.0,15.0,536.0,-16.0,0.0,2023-10-19,1.0,0,2023
2023-10-19,Sylhet,523.0,0.0,3,10,19,0,True,0.0,523.0,0.0,5.0,532.3333333333334,0.0,73.0,2023-10-20,1.0,1,2023
2023-10-20,Sylhet,437.0,73.0,4,10,20,0,True,0.0,523.0,0.0,0.0,528.3333333333334,-86.0,19.0,2023-10-21,1.0,1,2023
2023-10-21,Sylhet,513.0,19.0,5,10,21,1,True,73.0,437.0,24.333333333333332,10.428571428571429,494.3333333333333,76.0,29.0,2023-10-22,1.0,1,2023
2023-10-22,Sylhet,526.0,29.0,6,10,22,1,True,19.0,513.0,30.666666666666668,13.142857142857142,491.0,13.0,0.0,2023-10-23,1.0,0,2023
2023-10-23,Sylhet,491.0,0.0,0,10,23,0,True,29.0,526.0,40.333333333333336,17.285714285714285,492.0,-35.0,0.0,2023-10-24,1.0,0,2023
2023-10-24,Sylhet,427.0,0.0,1,10,24,0,True,0.0,491.0,16.0,17.285714285714285,510.0,-64.0,0.0,2023-10-25,1.0,0,2023
2023-10-25,Sylhet,447.0,0.0,2,10,25,0,True,0.0,427.0,9.666666666666666,17.285714285714285,481.3333333333333,20.0,15.0,2023-10-26,1.0,1,2023
2023-10-26,Sylhet,481.0,15.0,3,10,26,0,True,0.0,447.0,0.0,17.285714285714285,455.0,34.0,8.0,2023-10-27,1.0,1,2023
2023-10-27,Sylhet,464.0,8.0,4,10,27,0,True,15.0,481.0,5.0,19.428571428571427,451.6666666666667,-17.0,0.0,2023-10-28,1.0,0,2023
2023-10-28,Sylhet,487.0,0.0,5,10,28,1,True,8.0,464.0,7.666666666666667,10.142857142857142,464.0,23.0,0.0,2023-10-29,1.0,0,2023
2023-10-29,Sylhet,482.0,0.0,6,10,29,1,True,0.0,487.0,7.666666666666667,7.428571428571429,477.3333333333333,-5.0,0.0,2023-10-30,1.0,0,2023
2023-10-30,Sylhet,450.0,0.0,0,10,30,0,True,0.0,482.0,2.6666666666666665,3.2857142857142856,477.6666666666667,-32.0,0.0,2023-10-31,1.0,0,2023
2023-10-31,Sylhet,510.0,0.0,1,10,31,0,True,0.0,450.0,0.0,3.2857142857142856,473.0,60.0,18.0,2023-11-01,1.0,1,2023
2023-11-01,Sylhet,517.0,18.0,2,11,1,0,True,0.0,510.0,0.0,3.2857142857142856,480.6666666666667,7.0,10.0,2023-11-02,1.0,1,2023
2023-11-02,Sylhet,507.0,10.0,3,11,2,0,True,18.0,517.0,6.0,5.857142857142857,492.3333333333333,-10.0,5.0,2023-11-03,1.0,1,2023
2023-11-03,Sylhet,451.0,5.0,4,11,3,0,True,10.0,507.0,9.333333333333334,5.142857142857143,511.3333333333333,-56.0,10.0,2023-11-04,1.0,1,2023
2023-11-04,Sylhet,474.0,10.0,5,11,4,1,True,5.0,451.0,11.0,4.714285714285714,491.6666666666667,23.0,0.0,2023-11-05,1.0,0,2023
2023-11-05,Sylhet,470.0,0.0,6,11,5,1,True,10.0,474.0,8.333333333333334,6.142857142857143,477.3333333333333,-4.0,0.0,2023-11-06,1.0,0,2023
2023-11-06,Sylhet,449.0,0.0,0,11,6,0,True,0.0,470.0,5.0,6.142857142857143,465.0,-21.0,0.0,2023-11-07,1.0,0,2023
2023-11-07,Sylhet,407.0,0.0,1,11,7,0,True,0.0,449.0,3.3333333333333335,6.142857142857143,464.3333333333333,-42.0,0.0,2023-11-08,1.0,0,2023
2023-11-08,Sylhet,407.0,0.0,2,11,8,0,True,0.0,407.0,0.0,6.142857142857143,442.0,0.0,0.0,2023-11-09,1.0,0,2023
2023-11-09,Sylhet,418.0,0.0,3,11,9,0,True,0.0,407.0,0.0,3.5714285714285716,421.0,11.0,0.0,2023-11-10,1.0,0,2023
2023-11-10,Sylhet,374.0,0.0,4,11,10,0,True,0.0,418.0,0.0,2.142857142857143,410.6666666666667,-44.0,0.0,2023-11-11,1.0,0,2023
2023-11-11,Sylhet,437.0,0.0,5,11,11,1,True,0.0,374.0,0.0,1.4285714285714286,399.6666666666667,63.0,0.0,2023-11-12,1.0,0,2023
2023-11-12,Sylhet,422.0,0.0,6,11,12,1,True,0.0,437.0,0.0,0.0,409.6666666666667,-15.0,0.0,2023-11-13,1.0,0,2023
2023-11-13,Sylhet,432.0,0.0,0,11,13,0,True,0.0,422.0,0.0,0.0,411.0,10.0,0.0,2023-11-14,1.0,0,2023
2023-11-14,Sylhet,434.0,0.0,1,11,14,0,True,0.0,432.0,0.0,0.0,430.3333333333333,2.0,0.0,2023-11-15,1.0,0,2023
2023-11-15,Sylhet,471.0,0.0,2,11,15,0,True,0.0,434.0,0.0,0.0,429.3333333333333,37.0,0.0,2023-11-16,1.0,0,2023
2023-11-16,Sylhet,428.0,0.0,3,11,16,0,True,0.0,471.0,0.0,0.0,445.6666666666667,-43.0,0.0,2023-11-17,1.0,0,2023
2023-11-17,Sylhet,153.0,0.0,4,11,17,0,True,0.0,428.0,0.0,0.0,444.3333333333333,-275.0,0.0,2023-11-18,1.0,0,2023
2023-11-18,Sylhet,387.0,0.0,5,11,18,1,True,0.0,153.0,0.0,0.0,350.6666666666667,234.0,0.0,2023-11-19,1.0,0,2023
2023-11-19,Sylhet,414.0,0.0,6,11,19,1,True,0.0,387.0,0.0,0.0,322.6666666666667,27.0,0.0,2023-11-20,1.0,0,2023
2023-11-20,Sylhet,435.0,0.0,0,11,20,0,True,0.0,414.0,0.0,0.0,318.0,21.0,0.0,2023-11-21,1.0,0,2023
2023-11-21,Sylhet,399.0,0.0,1,11,21,0,True,0.0,435.0,0.0,0.0,412.0,-36.0,0.0,2023-11-22,1.0,0,2023
2023-11-22,Sylhet,394.0,0.0,2,11,22,0,True,0.0,399.0,0.0,0.0,416.0,-5.0,0.0,2023-11-23,1.0,0,2023
2023-11-23,Sylhet,391.0,0.0,3,11,23,0,True,0.0,394.0,0.0,0.0,409.3333333333333,-3.0,0.0,2023-11-24,1.0,0,2023
2023-11-24,Sylhet,362.0,0.0,4,11,24,0,True,0.0,391.0,0.0,0.0,394.6666666666667,-29.0,0.0,2023-11-25,1.0,0,2023
2023-11-25,Sylhet,413.0,0.0,5,11,25,1,True,0.0,362.0,0.0,0.0,382.3333333333333,51.0,0.0,2023-11-26,1.0,0,2023
2023-11-26,Sylhet,388.0,0.0,6,11,26,1,True,0.0,413.0,0.0,0.0,388.6666666666667,-25.0,0.0,2023-11-27,1.0,0,2023
2023-11-27,Sylhet,396.0,0.0,0,11,27,0,True,0.0,388.0,0.0,0.0,387.6666666666667,8.0,0.0,2023-11-28,1.0,0,2023
2023-11-28,Sylhet,385.0,0.0,1,11,28,0,True,0.0,396.0,0.0,0.0,399.0,-11.0,0.0,2023-11-29,1.0,0,2023
2023-11-29,Sylhet,386.0,0.0,2,11,29,0,True,0.0,385.0,0.0,0.0,389.6666666666667,1.0,0.0,2023-11-30,1.0,0,2023
2023-11-30,Sylhet,372.0,0.0,3,11,30,0,True,0.0,386.0,0.0,0.0,389.0,-14.0,0.0,2023-12-01,1.0,0,2023
2023-12-01,Sylhet,350.0,0.0,4,12,1,0,True,0.0,372.0,0.0,0.0,381.0,-22.0,0.0,2023-12-02,1.0,0,2023
2023-12-02,Sylhet,375.0,0.0,5,12,2,1,True,0.0,350.0,0.0,0.0,369.3333333333333,25.0,0.0,2023-12-03,1.0,0,2023
2023-12-03,Sylhet,386.0,0.0,6,12,3,1,True,0.0,375.0,0.0,0.0,365.6666666666667,11.0,0.0,2023-12-04,1.0,0,2023
2023-12-04,Sylhet,376.0,0.0,0,12,4,0,True,0.0,386.0,0.0,0.0,370.3333333333333,-10.0,0.0,2023-12-05,1.0,0,2023
2023-12-05,Sylhet,374.0,0.0,1,12,5,0,True,0.0,376.0,0.0,0.0,379.0,-2.0,0.0,2023-12-06,1.0,0,2023
2023-12-06,Sylhet,383.0,0.0,2,12,6,0,True,0.0,374.0,0.0,0.0,378.6666666666667,9.0,0.0,2023-12-07,1.0,0,2023
2023-12-07,Sylhet,344.0,0.0,3,12,7,0,True,0.0,383.0,0.0,0.0,377.6666666666667,-39.0,0.0,2023-12-08,1.0,0,2023
2023-12-08,Sylhet,329.0,0.0,4,12,8,0,True,0.0,344.0,0.0,0.0,367.0,-15.0,0.0,2023-12-09,1.0,0,2023
2023-12-09,Sylhet,356.0,0.0,5,12,9,1,True,0.0,329.0,0.0,0.0,352.0,27.0,0.0,2023-12-10,1.0,0,2023
2023-12-10,Sylhet,360.0,0.0,6,12,10,1,True,0.0,356.0,0.0,0.0,343.0,4.0,0.0,2023-12-11,1.0,0,2023
2023-12-11,Sylhet,364.0,0.0,0,12,11,0,True,0.0,360.0,0.0,0.0,348.3333333333333,4.0,0.0,2023-12-12,1.0,0,2023
2023-12-12,Sylhet,348.0,0.0,1,12,12,0,True,0.0,364.0,0.0,0.0,360.0,-16.0,0.0,2023-12-13,1.0,0,2023
2023-12-13,Sylhet,353.0,0.0,2,12,13,0,True,0.0,348.0,0.0,0.0,357.3333333333333,5.0,0.0,2023-12-14,1.0,0,2023
2023-12-14,Sylhet,345.0,0.0,3,12,14,0,True,0.0,353.0,0.0,0.0,355.0,-8.0,0.0,2023-12-15,1.0,0,2023
2023-12-15,Sylhet,340.0,0.0,4,12,15,0,True,0.0,345.0,0.0,0.0,348.6666666666667,-5.0,0.0,2023-12-16,1.0,0,2023
2023-12-16,Sylhet,325.0,0.0,5,12,16,1,True,0.0,340.0,0.0,0.0,346.0,-15.0,0.0,2023-12-17,1.0,0,2023
2023-12-17,Sylhet,353.0,0.0,6,12,17,1,True,0.0,325.0,0.0,0.0,336.6666666666667,28.0,0.0,2023-12-18,1.0,0,2023
2023-12-18,Sylhet,364.0,0.0,0,12,18,0,True,0.0,353.0,0.0,0.0,339.3333333333333,11.0,0.0,2023-12-19,1.0,0,2023
2023-12-19,Sylhet,356.0,0.0,1,12,19,0,True,0.0,364.0,0.0,0.0,347.3333333333333,-8.0,0.0,2023-12-20,1.0,0,2023
2023-12-20,Sylhet,359.0,0.0,2,12,20,0,True,0.0,356.0,0.0,0.0,357.6666666666667,3.0,0.0,2023-12-21,1.0,0,2023
2023-12-21,Sylhet,364.0,0.0,3,12,21,0,True,0.0,359.0,0.0,0.0,359.6666666666667,5.0,0.0,2023-12-22,1.0,0,2023
2023-12-22,Sylhet,330.0,0.0,4,12,22,0,True,0.0,364.0,0.0,0.0,359.6666666666667,-34.0,0.0,2023-12-23,1.0,0,2023
2023-12-23,Sylhet,361.0,0.0,5,12,23,1,True,0.0,330.0,0.0,0.0,351.0,31.0,0.0,2023-12-24,1.0,0,2023
2023-12-24,Sylhet,366.0,0.0,6,12,24,1,True,0.0,361.0,0.0,0.0,351.6666666666667,5.0,0.0,2023-12-25,1.0,0,2023
2023-12-25,Sylhet,354.0,0.0,0,12,25,0,True,0.0,366.0,0.0,0.0,352.3333333333333,-12.0,0.0,2023-12-26,1.0,0,2023
2023-12-26,Sylhet,353.0,0.0,1,12,26,0,True,0.0,354.0,0.0,0.0,360.3333333333333,-1.0,0.0,2023-12-27,1.0,0,2023
2023-12-27,Sylhet,362.0,0.0,2,12,27,0,True,0.0,353.0,0.0,0.0,357.6666666666667,9.0,0.0,2023-12-28,1.0,0,2023
2023-12-28,Sylhet,357.0,0.0,3,12,28,0,True,0.0,362.0,0.0,0.0,356.3333333333333,-5.0,0.0,2023-12-29,1.0,0,2023
2023-12-29,Sylhet,386.0,0.0,4,12,29,0,True,0.0,357.0,0.0,0.0,357.3333333333333,29.0,0.0,2023-12-30,1.0,0,2023
2023-12-30,Sylhet,378.0,0.0,5,12,30,1,True,0.0,386.0,0.0,0.0,368.3333333333333,-8.0,0.0,2023-12-31,1.0,0,2023
2023-12-31,Sylhet,354.0,0.0,6,12,31,1,True,0.0,378.0,0.0,0.0,373.6666666666667,-24.0,0.0,2024-01-01,1.0,0,2023
2024-01-01,Sylhet,319.0,0.0,0,1,1,0,True,0.0,354.0,0.0,0.0,372.6666666666667,-35.0,0.0,2024-01-02,1.0,0,2024
2024-01-02,Sylhet,377.0,0.0,1,1,2,0,True,0.0,319.0,0.0,0.0,350.3333333333333,58.0,0.0,2024-01-03,1.0,0,2024
2024-01-03,Sylhet,369.0,0.0,2,1,3,0,True,0.0,377.0,0.0,0.0,350.0,-8.0,0.0,2024-01-04,1.0,0,2024
2024-01-04,Sylhet,368.0,0.0,3,1,4,0,True,0.0,369.0,0.0,0.0,355.0,-1.0,0.0,2024-01-05,1.0,0,2024
2024-01-05,Sylhet,344.0,0.0,4,1,5,0,True,0.0,368.0,0.0,0.0,371.3333333333333,-24.0,0.0,2024-01-06,1.0,0,2024
2024-01-06,Sylhet,349.0,0.0,5,1,6,1,True,0.0,344.0,0.0,0.0,360.3333333333333,5.0,0.0,2024-01-07,1.0,0,2024
2024-01-07,Sylhet,311.0,0.0,6,1,7,1,True,0.0,349.0,0.0,0.0,353.6666666666667,-38.0,0.0,2024-01-08,1.0,0,2024
2024-01-08,Sylhet,359.0,0.0,0,1,8,0,True,0.0,311.0,0.0,0.0,334.6666666666667,48.0,0.0,2024-01-09,1.0,0,2024
2024-01-09,Sylhet,353.0,0.0,1,1,9,0,True,0.0,359.0,0.0,0.0,339.6666666666667,-6.0,0.0,2024-01-10,1.0,0,2024
2024-01-10,Sylhet,353.0,0.0,2,1,10,0,True,0.0,353.0,0.0,0.0,341.0,0.0,0.0,2024-01-11,1.0,0,2024
2024-01-11,Sylhet,355.0,0.0,3,1,11,0,True,0.0,353.0,0.0,0.0,355.0,2.0,0.0,2024-01-12,1.0,0,2024
2024-01-12,Sylhet,333.0,0.0,4,1,12,0,True,0.0,355.0,0.0,0.0,353.6666666666667,-22.0,0.0,2024-01-13,1.0,0,2024
2024-01-13,Sylhet,354.0,0.0,5,1,13,1,True,0.0,333.0,0.0,0.0,347.0,21.0,0.0,2024-01-14,1.0,0,2024
2024-01-14,Sylhet,355.0,0.0,6,1,14,1,True,0.0,354.0,0.0,0.0,347.3333333333333,1.0,0.0,2024-01-15,1.0,0,2024
2024-01-15,Sylhet,353.0,0.0,0,1,15,0,True,0.0,355.0,0.0,0.0,347.3333333333333,-2.0,0.0,2024-01-16,1.0,0,2024
2024-01-16,Sylhet,361.0,0.0,1,1,16,0,True,0.0,353.0,0.0,0.0,354.0,8.0,0.0,2024-01-17,1.0,0,2024
2024-01-17,Sylhet,364.0,0.0,2,1,17,0,True,0.0,361.0,0.0,0.0,356.3333333333333,3.0,0.0,2024-01-18,1.0,0,2024
2024-01-18,Sylhet,363.0,0.0,3,1,18,0,True,0.0,364.0,0.0,0.0,359.3333333333333,-1.0,0.0,2024-01-19,1.0,0,2024
2024-01-19,Sylhet,348.0,0.0,4,1,19,0,True,0.0,363.0,0.0,0.0,362.6666666666667,-15.0,0.0,2024-01-20,1.0,0,2024
2024-01-20,Sylhet,368.0,0.0,5,1,20,1,True,0.0,348.0,0.0,0.0,358.3333333333333,20.0,0.0,2024-01-21,1.0,0,2024
2024-01-21,Sylhet,361.0,0.0,6,1,21,1,True,0.0,368.0,0.0,0.0,359.6666666666667,-7.0,0.0,2024-01-22,1.0,0,2024
2024-01-22,Sylhet,366.0,0.0,0,1,22,0,True,0.0,361.0,0.0,0.0,359.0,5.0,0.0,2024-01-23,1.0,0,2024
2024-01-23,Sylhet,374.0,0.0,1,1,23,0,True,0.0,366.0,0.0,0.0,365.0,8.0,0.0,2024-01-24,1.0,0,2024
2024-01-24,Sylhet,358.0,0.0,2,1,24,0,True,0.0,374.0,0.0,0.0,367.0,-16.0,0.0,2024-01-25,1.0,0,2024
2024-01-25,Sylhet,372.0,0.0,3,1,25,0,True,0.0,358.0,0.0,0.0,366.0,14.0,0.0,2024-01-26,1.0,0,2024
2024-01-26,Sylhet,345.0,0.0,4,1,26,0,True,0.0,372.0,0.0,0.0,368.0,-27.0,0.0,2024-01-27,1.0,0,2024
2024-01-27,Sylhet,368.0,0.0,5,1,27,1,True,0.0,345.0,0.0,0.0,358.3333333333333,23.0,0.0,2024-01-28,1.0,0,2024
2024-01-28,Sylhet,364.0,0.0,6,1,28,1,True,0.0,368.0,0.0,0.0,361.6666666666667,-4.0,0.0,2024-01-29,1.0,0,2024
2024-01-29,Sylhet,362.0,0.0,0,1,29,0,True,0.0,364.0,0.0,0.0,359.0,-2.0,0.0,2024-01-30,1.0,0,2024
2024-01-30,Sylhet,360.0,0.0,1,1,30,0,True,0.0,362.0,0.0,0.0,364.6666666666667,-2.0,0.0,2024-01-31,1.0,0,2024
2024-01-31,Sylhet,371.0,0.0,2,1,31,0,True,0.0,360.0,0.0,0.0,362.0,11.0,0.0,2024-02-01,1.0,0,2024
2024-02-01,Sylhet,357.0,0.0,3,2,1,0,True,0.0,371.0,0.0,0.0,364.3333333333333,-14.0,0.0,2024-02-02,1.0,0,2024
2024-02-02,Sylhet,341.0,0.0,4,2,2,0,True,0.0,357.0,0.0,0.0,362.6666666666667,-16.0,0.0,2024-02-03,1.0,0,2024
2024-02-03,Sylhet,358.0,0.0,5,2,3,1,True,0.0,341.0,0.0,0.0,356.3333333333333,17.0,0.0,2024-02-04,1.0,0,2024
2024-02-04,Sylhet,359.0,0.0,6,2,4,1,True,0.0,358.0,0.0,0.0,352.0,1.0,0.0,2024-02-05,1.0,0,2024
2024-02-05,Sylhet,368.0,0.0,0,2,5,0,True,0.0,359.0,0.0,0.0,352.6666666666667,9.0,0.0,2024-02-06,1.0,0,2024
2024-02-06,Sylhet,370.0,0.0,1,2,6,0,True,0.0,368.0,0.0,0.0,361.6666666666667,2.0,0.0,2024-02-07,1.0,0,2024
2024-02-07,Sylhet,364.0,0.0,2,2,7,0,True,0.0,370.0,0.0,0.0,365.6666666666667,-6.0,0.0,2024-02-08,1.0,0,2024
2024-02-08,Sylhet,352.0,0.0,3,2,8,0,True,0.0,364.0,0.0,0.0,367.3333333333333,-12.0,0.0,2024-02-09,1.0,0,2024
2024-02-09,Sylhet,354.0,0.0,4,2,9,0,True,0.0,352.0,0.0,0.0,362.0,2.0,0.0,2024-02-10,1.0,0,2024
2024-02-10,Sylhet,383.0,0.0,5,2,10,1,True,0.0,354.0,0.0,0.0,356.6666666666667,29.0,0.0,2024-02-11,1.0,0,2024
2024-02-11,Sylhet,379.0,0.0,6,2,11,1,True,0.0,383.0,0.0,0.0,363.0,-4.0,0.0,2024-02-12,1.0,0,2024
2024-02-12,Sylhet,373.0,0.0,0,2,12,0,True,0.0,379.0,0.0,0.0,372.0,-6.0,0.0,2024-02-13,1.0,0,2024
2024-02-13,Sylhet,374.0,0.0,1,2,13,0,True,0.0,373.0,0.0,0.0,378.3333333333333,1.0,0.0,2024-02-14,1.0,0,2024
2024-02-14,Sylhet,378.0,0.0,2,2,14,0,True,0.0,374.0,0.0,0.0,375.3333333333333,4.0,0.0,2024-02-15,1.0,0,2024
2024-02-15,Sylhet,386.0,0.0,3,2,15,0,True,0.0,378.0,0.0,0.0,375.0,8.0,0.0,2024-02-16,1.0,0,2024
2024-02-16,Sylhet,352.0,0.0,4,2,16,0,True,0.0,386.0,0.0,0.0,379.3333333333333,-34.0,0.0,2024-02-17,1.0,0,2024
2024-02-17,Sylhet,383.0,0.0,5,2,17,1,True,0.0,352.0,0.0,0.0,372.0,31.0,0.0,2024-02-18,1.0,0,2024
2024-02-18,Sylhet,365.0,0.0,6,2,18,1,True,0.0,383.0,0.0,0.0,373.6666666666667,-18.0,0.0,2024-02-19,1.0,0,2024
2024-02-19,Sylhet,380.0,0.0,0,2,19,0,True,0.0,365.0,0.0,0.0,366.6666666666667,15.0,0.0,2024-02-20,1.0,0,2024
2024-02-20,Sylhet,376.0,0.0,1,2,20,0,True,0.0,380.0,0.0,0.0,376.0,-4.0,0.0,2024-02-21,1.0,0,2024
2024-02-21,Sylhet,347.0,0.0,2,2,21,0,True,0.0,376.0,0.0,0.0,373.6666666666667,-29.0,0.0,2024-02-22,1.0,0,2024
2024-02-22,Sylhet,366.0,0.0,3,2,22,0,True,0.0,347.0,0.0,0.0,367.6666666666667,19.0,0.0,2024-02-23,1.0,0,2024
2024-02-23,Sylhet,339.0,0.0,4,2,23,0,True,0.0,366.0,0.0,0.0,363.0,-27.0,0.0,2024-02-24,1.0,0,2024
2024-02-24,Sylhet,376.0,0.0,5,2,24,1,True,0.0,339.0,0.0,0.0,350.6666666666667,37.0,0.0,2024-02-25,1.0,0,2024
2024-02-25,Sylhet,352.0,0.0,6,2,25,1,True,0.0,376.0,0.0,0.0,360.3333333333333,-24.0,0.0,2024-02-26,1.0,0,2024
2024-02-26,Sylhet,334.0,0.0,0,2,26,0,True,0.0,352.0,0.0,0.0,355.6666666666667,-18.0,0.0,2024-02-27,1.0,0,2024
2024-02-27,Sylhet,361.0,0.0,1,2,27,0,True,0.0,334.0,0.0,0.0,354.0,27.0,0.0,2024-02-28,1.0,0,2024
2024-02-28,Sylhet,367.0,0.0,2,2,28,0,True,0.0,361.0,0.0,0.0,349.0,6.0,0.0,2024-02-29,1.0,0,2024
2024-02-29,Sylhet,375.0,0.0,3,2,29,0,True,0.0,367.0,0.0,0.0,354.0,8.0,0.0,2024-03-01,1.0,0,2024
2024-03-01,Sylhet,360.0,0.0,4,3,1,0,True,0.0,375.0,0.0,0.0,367.6666666666667,-15.0,0.0,2024-03-02,1.0,0,2024
2024-03-02,Sylhet,386.0,0.0,5,3,2,1,True,0.0,360.0,0.0,0.0,367.3333333333333,26.0,0.0,2024-03-03,1.0,0,2024
2024-03-03,Sylhet,392.0,0.0,6,3,3,1,True,0.0,386.0,0.0,0.0,373.6666666666667,6.0,0.0,2024-03-04,1.0,0,2024
2024-03-04,Sylhet,399.0,0.0,0,3,4,0,True,0.0,392.0,0.0,0.0,379.3333333333333,7.0,0.0,2024-03-05,1.0,0,2024
2024-03-05,Sylhet,382.0,0.0,1,3,5,0,True,0.0,399.0,0.0,0.0,392.3333333333333,-17.0,0.0,2024-03-06,1.0,0,2024
2024-03-06,Sylhet,388.0,0.0,2,3,6,0,True,0.0,382.0,0.0,0.0,391.0,6.0,0.0,2024-03-07,1.0,0,2024
2024-03-07,Sylhet,386.0,0.0,3,3,7,0,True,0.0,388.0,0.0,0.0,389.6666666666667,-2.0,0.0,2024-03-08,1.0,0,2024
2024-03-08,Sylhet,363.0,0.0,4,3,8,0,True,0.0,386.0,0.0,0.0,385.3333333333333,-23.0,0.0,2024-03-09,1.0,0,2024
2024-03-09,Sylhet,399.0,0.0,5,3,9,1,True,0.0,363.0,0.0,0.0,379.0,36.0,0.0,2024-03-10,1.0,0,2024
2024-03-10,Sylhet,395.0,0.0,6,3,10,1,True,0.0,399.0,0.0,0.0,382.6666666666667,-4.0,0.0,2024-03-11,1.0,0,2024
2024-03-11,Sylhet,420.0,0.0,0,3,11,0,True,0.0,395.0,0.0,0.0,385.6666666666667,25.0,0.0,2024-03-12,1.0,0,2024
2024-03-12,Sylhet,407.0,0.0,1,3,12,0,True,0.0,420.0,0.0,0.0,404.6666666666667,-13.0,0.0,2024-03-13,1.0,0,2024
2024-03-13,Sylhet,426.0,0.0,2,3,13,0,True,0.0,407.0,0.0,0.0,407.3333333333333,19.0,0.0,2024-03-14,1.0,0,2024
2024-03-14,Sylhet,430.0,0.0,3,3,14,0,True,0.0,426.0,0.0,0.0,417.6666666666667,4.0,0.0,2024-03-15,1.0,0,2024
2024-03-15,Sylhet,462.0,0.0,4,3,15,0,True,0.0,430.0,0.0,0.0,421.0,32.0,0.0,2024-03-16,1.0,0,2024
2024-03-16,Sylhet,427.0,0.0,5,3,16,1,True,0.0,462.0,0.0,0.0,439.3333333333333,-35.0,0.0,2024-03-17,1.0,0,2024
2024-03-17,Sylhet,491.0,0.0,6,3,17,1,True,0.0,427.0,0.0,0.0,439.6666666666667,64.0,0.0,2024-03-18,1.0,0,2024
2024-03-18,Sylhet,479.0,0.0,0,3,18,0,True,0.0,491.0,0.0,0.0,460.0,-12.0,0.0,2024-03-19,1.0,0,2024
2024-03-19,Sylhet,473.0,0.0,1,3,19,0,True,0.0,479.0,0.0,0.0,465.6666666666667,-6.0,0.0,2024-03-20,1.0,0,2024
2024-03-20,Sylhet,410.0,0.0,2,3,20,0,True,0.0,473.0,0.0,0.0,481.0,-63.0,0.0,2024-03-21,1.0,0,2024
2024-03-21,Sylhet,363.0,0.0,3,3,21,0,True,0.0,410.0,0.0,0.0,454.0,-47.0,0.0,2024-03-22,1.0,0,2024
2024-03-22,Sylhet,389.0,0.0,4,3,22,0,True,0.0,363.0,0.0,0.0,415.3333333333333,26.0,0.0,2024-03-23,1.0,0,2024
2024-03-23,Sylhet,375.0,0.0,5,3,23,1,True,0.0,389.0,0.0,0.0,387.3333333333333,-14.0,0.0,2024-03-24,1.0,0,2024
2024-03-24,Sylhet,379.0,0.0,6,3,24,1,True,0.0,375.0,0.0,0.0,375.6666666666667,4.0,10.0,2024-03-25,1.0,1,2024
2024-03-25,Sylhet,480.0,10.0,0,3,25,0,True,0.0,379.0,0.0,0.0,381.0,101.0,0.0,2024-03-26,1.0,0,2024
2024-03-26,Sylhet,409.0,0.0,1,3,26,0,True,10.0,480.0,3.3333333333333335,1.4285714285714286,411.3333333333333,-71.0,0.0,2024-03-27,1.0,0,2024
2024-03-27,Sylhet,452.0,0.0,2,3,27,0,True,0.0,409.0,3.3333333333333335,1.4285714285714286,422.6666666666667,43.0,0.0,2024-03-28,1.0,0,2024
2024-03-28,Sylhet,486.0,0.0,3,3,28,0,True,0.0,452.0,3.3333333333333335,1.4285714285714286,447.0,34.0,0.0,2024-03-29,1.0,0,2024
2024-03-29,Sylhet,515.0,0.0,4,3,29,0,True,0.0,486.0,0.0,1.4285714285714286,449.0,29.0,0.0,2024-03-30,1.0,0,2024
2024-03-30,Sylhet,448.0,0.0,5,3,30,1,True,0.0,515.0,0.0,1.4285714285714286,484.3333333333333,-67.0,0.0,2024-03-31,1.0,0,2024
2024-03-31,Sylhet,468.0,0.0,6,3,31,1,True,0.0,448.0,0.0,1.4285714285714286,483.0,20.0,40.0,2024-04-01,1.0,1,2024
2024-04-01,Sylhet,451.0,40.0,0,4,1,0,True,0.0,468.0,0.0,1.4285714285714286,477.0,-17.0,75.0,2024-04-02,1.0,1,2024
2024-04-02,Sylhet,486.0,75.0,1,4,2,0,True,40.0,451.0,13.333333333333334,5.714285714285714,455.6666666666667,35.0,60.0,2024-04-03,1.0,1,2024
2024-04-03,Sylhet,533.0,60.0,2,4,3,0,True,75.0,486.0,38.333333333333336,16.428571428571427,468.3333333333333,47.0,60.0,2024-04-04,1.0,1,2024
2024-04-04,Sylhet,422.0,60.0,3,4,4,0,True,60.0,533.0,58.333333333333336,25.0,490.0,-111.0,0.0,2024-04-05,1.0,0,2024
2024-04-05,Sylhet,450.0,0.0,4,4,5,0,True,60.0,422.0,65.0,33.57142857142857,480.3333333333333,28.0,5.0,2024-04-06,1.0,1,2024
2024-04-06,Sylhet,551.0,5.0,5,4,6,1,True,0.0,450.0,40.0,33.57142857142857,468.3333333333333,101.0,0.0,2024-04-07,1.0,0,2024
2024-04-07,Sylhet,467.0,0.0,6,4,7,1,True,5.0,551.0,21.666666666666668,34.285714285714285,474.3333333333333,-84.0,0.0,2024-04-08,1.0,0,2024
2024-04-08,Sylhet,498.0,0.0,0,4,8,0,True,0.0,467.0,1.6666666666666667,34.285714285714285,489.3333333333333,31.0,0.0,2024-04-09,1.0,0,2024
2024-04-09,Sylhet,550.0,0.0,1,4,9,0,True,0.0,498.0,1.6666666666666667,28.571428571428573,505.3333333333333,52.0,0.0,2024-04-10,1.0,0,2024
2024-04-10,Sylhet,483.0,0.0,2,4,10,0,True,0.0,550.0,0.0,17.857142857142858,505.0,-67.0,0.0,2024-04-11,1.0,0,2024
2024-04-11,Sylhet,503.0,0.0,3,4,11,0,True,0.0,483.0,0.0,9.285714285714286,510.3333333333333,20.0,0.0,2024-04-12,1.0,0,2024
2024-04-12,Sylhet,507.0,0.0,4,4,12,0,True,0.0,503.0,0.0,0.7142857142857143,512.0,4.0,0.0,2024-04-13,1.0,0,2024
2024-04-13,Sylhet,541.0,0.0,5,4,13,1,True,0.0,507.0,0.0,0.7142857142857143,497.6666666666667,34.0,0.0,2024-04-14,1.0,0,2024
2024-04-14,Sylhet,549.0,0.0,6,4,14,1,True,0.0,541.0,0.0,0.0,517.0,8.0,0.0,2024-04-15,1.0,0,2024
2024-04-15,Sylhet,579.0,0.0,0,4,15,0,True,0.0,549.0,0.0,0.0,532.3333333333334,30.0,0.0,2024-04-16,1.0,0,2024
2024-04-16,Sylhet,438.0,0.0,1,4,16,0,True,0.0,579.0,0.0,0.0,556.3333333333334,-141.0,0.0,2024-04-17,1.0,0,2024
2024-04-17,Sylhet,205.0,0.0,2,4,17,0,True,0.0,438.0,0.0,0.0,522.0,-233.0,0.0,2024-04-18,1.0,0,2024
2024-04-18,Sylhet,509.0,0.0,3,4,18,0,True,0.0,205.0,0.0,0.0,407.3333333333333,304.0,0.0,2024-04-19,1.0,0,2024
2024-04-19,Sylhet,471.0,0.0,4,4,19,0,True,0.0,509.0,0.0,0.0,384.0,-38.0,0.0,2024-04-20,1.0,0,2024
2024-04-20,Sylhet,561.0,0.0,5,4,20,1,True,0.0,471.0,0.0,0.0,395.0,90.0,0.0,2024-04-21,1.0,0,2024
2024-04-21,Sylhet,475.0,0.0,6,4,21,1,True,0.0,561.0,0.0,0.0,513.6666666666666,-86.0,0.0,2024-04-22,1.0,0,2024
2024-04-22,Sylhet,612.0,0.0,0,4,22,0,True,0.0,475.0,0.0,0.0,502.3333333333333,137.0,0.0,2024-04-23,1.0,0,2024
2024-04-23,Sylhet,596.0,0.0,1,4,23,0,True,0.0,612.0,0.0,0.0,549.3333333333334,-16.0,0.0,2024-04-24,1.0,0,2024
2024-04-24,Sylhet,609.0,0.0,2,4,24,0,True,0.0,596.0,0.0,0.0,561.0,13.0,0.0,2024-04-25,1.0,0,2024
2024-04-25,Sylhet,590.0,0.0,3,4,25,0,True,0.0,609.0,0.0,0.0,605.6666666666666,-19.0,0.0,2024-04-26,1.0,0,2024
2024-04-26,Sylhet,527.0,0.0,4,4,26,0,True,0.0,590.0,0.0,0.0,598.3333333333334,-63.0,0.0,2024-04-27,1.0,0,2024
2024-04-27,Sylhet,599.0,0.0,5,4,27,1,True,0.0,527.0,0.0,0.0,575.3333333333334,72.0,0.0,2024-04-28,1.0,0,2024
2024-04-28,Sylhet,501.0,0.0,6,4,28,1,True,0.0,599.0,0.0,0.0,572.0,-98.0,44.0,2024-04-29,1.0,1,2024
2024-04-29,Sylhet,614.0,44.0,0,4,29,0,True,0.0,501.0,0.0,0.0,542.3333333333334,113.0,0.0,2024-04-30,1.0,0,2024
2024-04-30,Sylhet,360.0,0.0,1,4,30,0,True,44.0,614.0,14.666666666666666,6.285714285714286,571.3333333333334,-254.0,0.0,2024-05-01,1.0,0,2024
2024-05-01,Sylhet,603.0,0.0,2,5,1,0,True,0.0,360.0,14.666666666666666,6.285714285714286,491.6666666666667,243.0,0.0,2024-05-02,1.0,0,2024
2024-05-02,Sylhet,499.0,0.0,3,5,2,0,True,0.0,603.0,14.666666666666666,6.285714285714286,525.6666666666666,-104.0,0.0,2024-05-03,1.0,0,2024
2024-05-03,Sylhet,482.0,0.0,4,5,3,0,True,0.0,499.0,0.0,6.285714285714286,487.3333333333333,-17.0,0.0,2024-05-04,1.0,0,2024
2024-05-04,Sylhet,606.0,0.0,5,5,4,1,True,0.0,482.0,0.0,6.285714285714286,528.0,124.0,0.0,2024-05-05,1.0,0,2024
2024-05-05,Sylhet,163.0,0.0,6,5,5,1,True,0.0,606.0,0.0,6.285714285714286,529.0,-443.0,0.0,2024-05-06,1.0,0,2024
2024-05-06,Sylhet,364.0,0.0,0,5,6,0,True,0.0,163.0,0.0,6.285714285714286,417.0,201.0,0.0,2024-05-07,1.0,0,2024
2024-05-07,Sylhet,515.0,0.0,1,5,7,0,True,0.0,364.0,0.0,0.0,377.6666666666667,151.0,0.0,2024-05-08,1.0,0,2024
2024-05-08,Sylhet,474.0,0.0,2,5,8,0,True,0.0,515.0,0.0,0.0,347.3333333333333,-41.0,0.0,2024-05-09,1.0,0,2024
2024-05-09,Sylhet,507.0,0.0,3,5,9,0,True,0.0,474.0,0.0,0.0,451.0,33.0,0.0,2024-05-10,1.0,0,2024
2024-05-10,Sylhet,433.0,0.0,4,5,10,0,True,0.0,507.0,0.0,0.0,498.6666666666667,-74.0,0.0,2024-05-11,1.0,0,2024
2024-05-11,Sylhet,505.0,0.0,5,5,11,1,True,0.0,433.0,0.0,0.0,471.3333333333333,72.0,0.0,2024-05-12,1.0,0,2024
2024-05-12,Sylhet,578.0,0.0,6,5,12,1,True,0.0,505.0,0.0,0.0,481.6666666666667,73.0,0.0,2024-05-13,1.0,0,2024
2024-05-13,Sylhet,623.0,0.0,0,5,13,0,True,0.0,578.0,0.0,0.0,505.3333333333333,45.0,10.0,2024-05-14,1.0,1,2024
2024-05-14,Sylhet,640.0,10.0,1,5,14,0,True,0.0,623.0,0.0,0.0,568.6666666666666,17.0,0.0,2024-05-15,1.0,0,2024
2024-05-15,Sylhet,661.0,0.0,2,5,15,0,True,10.0,640.0,3.3333333333333335,1.4285714285714286,613.6666666666666,21.0,35.0,2024-05-16,1.0,1,2024
2024-05-16,Sylhet,659.0,35.0,3,5,16,0,True,0.0,661.0,3.3333333333333335,1.4285714285714286,641.3333333333334,-2.0,0.0,2024-05-17,1.0,0,2024
2024-05-17,Sylhet,569.0,0.0,4,5,17,0,True,35.0,659.0,15.0,6.428571428571429,653.3333333333334,-90.0,0.0,2024-05-18,1.0,0,2024
2024-05-18,Sylhet,523.0,0.0,5,5,18,1,True,0.0,569.0,11.666666666666666,6.428571428571429,629.6666666666666,-46.0,0.0,2024-05-19,1.0,0,2024
2024-05-19,Sylhet,536.0,0.0,6,5,19,1,True,0.0,523.0,11.666666666666666,6.428571428571429,583.6666666666666,13.0,0.0,2024-05-20,1.0,0,2024
2024-06-03,Sylhet,491.0,0.0,0,6,3,0,True,10.0,501.0,10.0,4.285714285714286,564.6666666666666,-10.0,0.0,2024-06-04,1.0,0,2024
2024-06-04,Sylhet,497.0,0.0,1,6,4,0,True,0.0,491.0,10.0,4.285714285714286,540.6666666666666,6.0,0.0,2024-06-05,1.0,0,2024
2024-06-05,Sylhet,556.0,0.0,2,6,5,0,True,0.0,497.0,3.3333333333333335,4.285714285714286,496.3333333333333,59.0,0.0,2024-06-06,1.0,0,2024
2024-06-06,Sylhet,570.0,0.0,3,6,6,0,True,0.0,556.0,0.0,4.285714285714286,514.6666666666666,14.0,0.0,2024-06-07,1.0,0,2024
2024-06-07,Sylhet,584.0,0.0,4,6,7,0,True,0.0,570.0,0.0,4.285714285714286,541.0,14.0,0.0,2024-06-08,1.0,0,2024
2024-06-17,Sylhet,462.0,0.0,0,6,17,0,True,0.0,454.0,0.0,0.0,472.0,8.0,0.0,2024-06-18,1.0,0,2024
2024-06-18,Sylhet,363.0,0.0,1,6,18,0,True,0.0,462.0,0.0,0.0,463.6666666666667,-99.0,0.0,2024-06-19,1.0,0,2024
2024-06-19,Sylhet,373.0,0.0,2,6,19,0,True,0.0,363.0,0.0,0.0,426.3333333333333,10.0,0.0,2024-06-20,1.0,0,2024
2024-06-20,Sylhet,414.0,0.0,3,6,20,0,True,0.0,373.0,0.0,0.0,399.3333333333333,41.0,0.0,2024-06-21,1.0,0,2024
2024-06-21,Sylhet,567.0,0.0,4,6,21,0,True,0.0,414.0,0.0,0.0,383.3333333333333,153.0,0.0,2024-06-22,1.0,0,2024
2024-06-22,Sylhet,574.0,0.0,5,6,22,1,True,0.0,567.0,0.0,0.0,451.3333333333333,7.0,0.0,2024-06-23,1.0,0,2024
2024-06-23,Sylhet,610.0,0.0,6,6,23,1,True,0.0,574.0,0.0,0.0,518.3333333333334,36.0,90.0,2024-06-24,1.0,1,2024
2024-06-24,Sylhet,595.0,90.0,0,6,24,0,True,0.0,610.0,0.0,0.0,583.6666666666666,-15.0,90.0,2024-06-25,1.0,1,2024
2024-06-25,Sylhet,583.0,90.0,1,6,25,0,True,90.0,595.0,30.0,12.857142857142858,593.0,-12.0,120.0,2024-06-26,1.0,1,2024
2024-06-26,Sylhet,627.0,120.0,2,6,26,0,True,90.0,583.0,60.0,25.714285714285715,596.0,44.0,0.0,2024-06-27,1.0,0,2024
2024-06-27,Sylhet,569.0,0.0,3,6,27,0,True,120.0,627.0,100.0,42.857142857142854,601.6666666666666,-58.0,0.0,2024-06-28,1.0,0,2024
2024-06-28,Sylhet,569.0,0.0,4,6,28,0,True,0.0,569.0,70.0,42.857142857142854,593.0,0.0,0.0,2024-06-29,1.0,0,2024
2024-06-29,Sylhet,569.0,0.0,5,6,29,1,True,0.0,569.0,40.0,42.857142857142854,588.3333333333334,0.0,0.0,2024-06-30,1.0,0,2024
2024-06-30,Sylhet,436.0,0.0,6,6,30,1,True,0.0,569.0,0.0,42.857142857142854,569.0,-133.0,0.0,2024-07-01,1.0,0,2024
2024-07-01,Sylhet,526.0,0.0,0,7,1,0,True,0.0,436.0,0.0,42.857142857142854,524.6666666666666,90.0,0.0,2024-07-02,1.0,0,2024
2024-07-02,Sylhet,556.0,0.0,1,7,2,0,True,0.0,526.0,0.0,30.0,510.3333333333333,30.0,0.0,2024-07-03,1.0,0,2024
2024-07-03,Sylhet,552.0,0.0,2,7,3,0,True,0.0,556.0,0.0,17.142857142857142,506.0,-4.0,0.0,2024-07-04,1.0,0,2024
2024-07-04,Sylhet,556.0,0.0,3,7,4,0,True,0.0,552.0,0.0,0.0,544.6666666666666,4.0,0.0,2024-07-05,1.0,0,2024
2024-07-05,Sylhet,550.0,0.0,4,7,5,0,True,0.0,556.0,0.0,0.0,554.6666666666666,-6.0,0.0,2024-07-06,1.0,0,2024
2024-07-06,Sylhet,620.0,0.0,5,7,6,1,True,0.0,550.0,0.0,0.0,552.6666666666666,70.0,0.0,2024-07-07,1.0,0,2024
2024-07-07,Sylhet,631.0,0.0,6,7,7,1,True,0.0,620.0,0.0,0.0,575.3333333333334,11.0,0.0,2024-07-08,1.0,0,2024
2024-07-08,Sylhet,634.0,0.0,0,7,8,0,True,0.0,631.0,0.0,0.0,600.3333333333334,3.0,0.0,2024-07-09,1.0,0,2024
2024-07-09,Sylhet,606.0,0.0,1,7,9,0,True,0.0,634.0,0.0,0.0,628.3333333333334,-28.0,100.0,2024-07-10,1.0,1,2024
2024-07-10,Sylhet,588.0,100.0,2,7,10,0,True,0.0,606.0,0.0,0.0,623.6666666666666,-18.0,19.0,2024-07-11,1.0,1,2024
2024-07-11,Sylhet,602.0,19.0,3,7,11,0,True,100.0,588.0,33.333333333333336,14.285714285714286,609.3333333333334,14.0,0.0,2024-07-12,1.0,0,2024
2024-07-12,Sylhet,572.0,0.0,4,7,12,0,True,19.0,602.0,39.666666666666664,17.0,598.6666666666666,-30.0,0.0,2024-07-13,1.0,0,2024
2024-07-13,Sylhet,611.0,0.0,5,7,13,1,True,0.0,572.0,39.666666666666664,17.0,587.3333333333334,39.0,0.0,2024-07-14,1.0,0,2024
2024-07-14,Sylhet,617.0,0.0,6,7,14,1,True,0.0,611.0,6.333333333333333,17.0,595.0,6.0,0.0,2024-07-15,1.0,0,2024
2024-07-15,Sylhet,491.0,0.0,0,7,15,0,True,0.0,617.0,0.0,17.0,600.0,-126.0,100.0,2024-07-16,1.0,1,2024
2024-07-16,Sylhet,640.0,100.0,1,7,16,0,True,0.0,491.0,0.0,17.0,573.0,149.0,80.0,2024-07-17,1.0,1,2024
2024-07-30,Sylhet,649.0,15.0,1,7,30,0,True,30.0,657.0,49.333333333333336,29.0,649.0,-8.0,25.0,2024-07-31,1.0,1,2024
2024-07-31,Sylhet,617.0,25.0,2,7,31,0,True,15.0,649.0,51.0,31.142857142857142,659.0,-32.0,0.0,2024-08-01,1.0,0,2024
2024-08-01,Sylhet,591.0,0.0,3,8,1,0,True,25.0,617.0,23.333333333333332,31.857142857142858,641.0,-26.0,0.0,2024-08-02,1.0,0,2024
2024-08-02,Sylhet,517.0,0.0,4,8,2,0,True,0.0,591.0,13.333333333333334,29.714285714285715,619.0,-74.0,0.0,2024-08-03,1.0,0,2024
2024-08-03,Sylhet,547.0,0.0,5,8,3,1,True,0.0,517.0,8.333333333333334,26.857142857142858,575.0,30.0,0.0,2024-08-04,1.0,0,2024
2024-08-04,Sylhet,569.0,0.0,6,8,4,1,True,0.0,547.0,0.0,25.428571428571427,551.6666666666666,22.0,0.0,2024-08-05,1.0,0,2024
2024-08-05,Sylhet,569.0,0.0,0,8,5,0,True,0.0,569.0,0.0,10.0,544.3333333333334,0.0,0.0,2024-08-06,1.0,0,2024
2024-08-06,Sylhet,587.0,0.0,1,8,6,0,True,0.0,569.0,0.0,5.714285714285714,561.6666666666666,18.0,0.0,2024-08-07,1.0,0,2024
2024-08-07,Sylhet,606.0,0.0,2,8,7,0,True,0.0,587.0,0.0,3.5714285714285716,575.0,19.0,0.0,2024-08-08,1.0,0,2024
2024-08-08,Sylhet,566.0,0.0,3,8,8,0,True,0.0,606.0,0.0,0.0,587.3333333333334,-40.0,0.0,2024-08-09,1.0,0,2024
2024-08-09,Sylhet,568.0,0.0,4,8,9,0,True,0.0,566.0,0.0,0.0,586.3333333333334,2.0,0.0,2024-08-10,1.0,0,2024
2024-08-10,Sylhet,598.0,0.0,5,8,10,1,True,0.0,568.0,0.0,0.0,580.0,30.0,0.0,2024-08-11,1.0,0,2024
2024-08-11,Sylhet,594.0,0.0,6,8,11,1,True,0.0,598.0,0.0,0.0,577.3333333333334,-4.0,0.0,2024-08-12,1.0,0,2024
2024-08-12,Sylhet,563.0,0.0,0,8,12,0,True,0.0,594.0,0.0,0.0,586.6666666666666,-31.0,90.0,2024-08-13,1.0,1,2024
2024-08-13,Sylhet,590.0,90.0,1,8,13,0,True,0.0,563.0,0.0,0.0,585.0,27.0,80.0,2024-08-14,1.0,1,2024
2024-08-14,Sylhet,585.0,80.0,2,8,14,0,True,90.0,590.0,30.0,12.857142857142858,582.3333333333334,-5.0,105.0,2024-08-15,1.0,1,2024
2024-08-15,Sylhet,641.0,105.0,3,8,15,0,True,80.0,585.0,56.666666666666664,24.285714285714285,579.3333333333334,56.0,0.0,2024-08-16,1.0,0,2024
2024-08-16,Sylhet,570.0,0.0,4,8,16,0,True,105.0,641.0,91.66666666666667,39.285714285714285,605.3333333333334,-71.0,0.0,2024-08-17,1.0,0,2024
2024-08-17,Sylhet,582.0,0.0,5,8,17,1,True,0.0,570.0,61.666666666666664,39.285714285714285,598.6666666666666,12.0,0.0,2024-08-18,1.0,0,2024
2024-08-18,Sylhet,598.0,0.0,6,8,18,1,True,0.0,582.0,35.0,39.285714285714285,597.6666666666666,16.0,0.0,2024-08-19,1.0,0,2024
2024-08-19,Sylhet,435.0,0.0,0,8,19,0,True,0.0,598.0,0.0,39.285714285714285,583.3333333333334,-163.0,0.0,2024-08-20,1.0,0,2024
2024-08-20,Sylhet,540.0,0.0,1,8,20,0,True,0.0,435.0,0.0,39.285714285714285,538.3333333333334,105.0,0.0,2024-08-21,1.0,0,2024
2024-08-21,Sylhet,482.0,0.0,2,8,21,0,True,0.0,540.0,0.0,26.428571428571427,524.3333333333334,-58.0,0.0,2024-08-22,1.0,0,2024
2024-08-22,Sylhet,495.0,0.0,3,8,22,0,True,0.0,482.0,0.0,15.0,485.6666666666667,13.0,0.0,2024-08-23,1.0,0,2024
2024-08-23,Sylhet,540.0,0.0,4,8,23,0,True,0.0,495.0,0.0,0.0,505.6666666666667,45.0,0.0,2024-08-24,1.0,0,2024
2024-08-24,Sylhet,605.0,0.0,5,8,24,1,True,0.0,540.0,0.0,0.0,505.6666666666667,65.0,0.0,2024-08-25,1.0,0,2024
2024-08-25,Sylhet,586.0,0.0,6,8,25,1,True,0.0,605.0,0.0,0.0,546.6666666666666,-19.0,0.0,2024-08-26,1.0,0,2024
2024-08-26,Sylhet,601.0,0.0,0,8,26,0,True,0.0,586.0,0.0,0.0,577.0,15.0,7.0,2024-08-27,1.0,1,2024
2024-08-27,Sylhet,616.0,7.0,1,8,27,0,True,0.0,601.0,0.0,0.0,597.3333333333334,15.0,20.0,2024-08-28,1.0,1,2024
2024-08-28,Sylhet,629.0,20.0,2,8,28,0,True,7.0,616.0,2.3333333333333335,1.0,601.0,13.0,90.0,2024-08-29,1.0,1,2024
2024-08-29,Sylhet,671.0,90.0,3,8,29,0,True,20.0,629.0,9.0,3.857142857142857,615.3333333333334,42.0,25.0,2024-08-30,1.0,1,2024
2024-08-30,Sylhet,647.0,25.0,4,8,30,0,True,90.0,671.0,39.0,16.714285714285715,638.6666666666666,-24.0,127.0,2024-08-31,1.0,1,2024
2024-08-31,Sylhet,645.0,127.0,5,8,31,1,True,25.0,647.0,45.0,20.285714285714285,649.0,-2.0,56.0,2024-09-01,1.0,1,2024
2024-09-01,Sylhet,611.0,56.0,6,9,1,1,True,127.0,645.0,80.66666666666667,38.42857142857143,654.3333333333334,-34.0,57.0,2024-09-02,1.0,1,2024
2024-09-02,Sylhet,607.0,57.0,0,9,2,0,True,56.0,611.0,69.33333333333333,46.42857142857143,634.3333333333334,-4.0,50.0,2024-09-03,1.0,1,2024
2024-09-03,Sylhet,635.0,50.0,1,9,3,0,True,57.0,607.0,80.0,54.57142857142857,621.0,28.0,90.0,2024-09-04,1.0,1,2024
2024-09-04,Sylhet,657.0,90.0,2,9,4,0,True,50.0,635.0,54.333333333333336,60.714285714285715,617.6666666666666,22.0,130.0,2024-09-05,1.0,1,2024
2024-09-05,Sylhet,686.0,130.0,3,9,5,0,True,90.0,657.0,65.66666666666667,70.71428571428571,633.0,29.0,20.0,2024-09-06,1.0,1,2024
2024-09-06,Sylhet,661.0,20.0,4,9,6,0,True,130.0,686.0,90.0,76.42857142857143,659.3333333333334,-25.0,105.0,2024-09-07,1.0,1,2024
2024-09-07,Sylhet,669.0,105.0,5,9,7,1,True,20.0,661.0,80.0,75.71428571428571,668.0,8.0,115.0,2024-09-08,1.0,1,2024
2024-09-08,Sylhet,676.0,115.0,6,9,8,1,True,105.0,669.0,85.0,72.57142857142857,672.0,7.0,120.0,2024-09-09,1.0,1,2024
2024-09-09,Sylhet,680.0,120.0,0,9,9,0,True,115.0,676.0,80.0,81.0,668.6666666666666,4.0,98.0,2024-09-10,1.0,1,2024
2024-09-10,Sylhet,667.0,98.0,1,9,10,0,True,120.0,680.0,113.33333333333333,90.0,675.0,-13.0,140.0,2024-09-11,1.0,1,2024
2024-09-11,Sylhet,690.0,140.0,2,9,11,0,True,98.0,667.0,111.0,96.85714285714286,674.3333333333334,23.0,0.0,2024-09-12,1.0,0,2024
2024-09-12,Sylhet,722.0,0.0,3,9,12,0,True,140.0,690.0,119.33333333333333,104.0,679.0,32.0,0.0,2024-09-13,1.0,0,2024
2024-09-13,Sylhet,642.0,0.0,4,9,13,0,True,0.0,722.0,79.33333333333333,85.42857142857143,693.0,-80.0,0.0,2024-09-14,1.0,0,2024
2024-09-14,Sylhet,631.0,0.0,5,9,14,1,True,0.0,642.0,46.666666666666664,82.57142857142857,684.6666666666666,-11.0,0.0,2024-09-15,1.0,0,2024
2024-09-15,Sylhet,599.0,0.0,6,9,15,1,True,0.0,631.0,0.0,67.57142857142857,665.0,-32.0,22.0,2024-09-16,1.0,1,2024
2024-09-16,Sylhet,656.0,22.0,0,9,16,0,True,0.0,599.0,0.0,51.142857142857146,624.0,57.0,0.0,2024-09-17,1.0,0,2024
2024-09-17,Sylhet,682.0,0.0,1,9,17,0,True,22.0,656.0,7.333333333333333,37.142857142857146,628.6666666666666,26.0,50.0,2024-09-18,1.0,1,2024
2024-09-18,Sylhet,692.0,50.0,2,9,18,0,True,0.0,682.0,7.333333333333333,23.142857142857142,645.6666666666666,10.0,20.0,2024-09-19,1.0,1,2024
2024-09-19,Sylhet,715.0,20.0,3,9,19,0,True,50.0,692.0,24.0,10.285714285714286,676.6666666666666,23.0,0.0,2024-09-20,1.0,0,2024
2024-09-20,Sylhet,686.0,0.0,4,9,20,0,True,20.0,715.0,23.333333333333332,13.142857142857142,696.3333333333334,-29.0,0.0,2024-09-21,1.0,0,2024
2024-09-21,Sylhet,518.0,0.0,5,9,21,1,True,0.0,686.0,23.333333333333332,13.142857142857142,697.6666666666666,-168.0,0.0,2024-09-22,1.0,0,2024
2024-09-22,Sylhet,668.0,0.0,6,9,22,1,True,0.0,518.0,6.666666666666667,13.142857142857142,639.6666666666666,150.0,50.0,2024-09-23,1.0,1,2024
2024-09-23,Sylhet,706.0,50.0,0,9,23,0,True,0.0,668.0,0.0,13.142857142857142,624.0,38.0,0.0,2024-09-24,1.0,0,2024
2024-09-24,Sylhet,597.0,0.0,1,9,24,0,True,50.0,706.0,16.666666666666668,17.142857142857142,630.6666666666666,-109.0,0.0,2024-09-25,1.0,0,2024
2024-09-25,Sylhet,501.0,0.0,2,9,25,0,True,0.0,597.0,16.666666666666668,17.142857142857142,657.0,-96.0,0.0,2024-09-26,1.0,0,2024
2024-09-26,Sylhet,534.0,0.0,3,9,26,0,True,0.0,501.0,16.666666666666668,10.0,601.3333333333334,33.0,0.0,2024-09-27,1.0,0,2024
2024-09-27,Sylhet,579.0,0.0,4,9,27,0,True,0.0,534.0,0.0,7.142857142857143,544.0,45.0,0.0,2024-09-28,1.0,0,2024
2024-09-28,Sylhet,589.0,0.0,5,9,28,1,True,0.0,579.0,0.0,7.142857142857143,538.0,10.0,0.0,2024-09-29,1.0,0,2024
2024-09-29,Sylhet,569.0,0.0,6,9,29,1,True,0.0,589.0,0.0,7.142857142857143,567.3333333333334,-20.0,0.0,2024-09-30,1.0,0,2024
2024-09-30,Sylhet,646.0,0.0,0,9,30,0,True,0.0,569.0,0.0,7.142857142857143,579.0,77.0,34.0,2024-10-01,1.0,1,2024
2024-10-01,Sylhet,604.0,34.0,1,10,1,0,True,0.0,646.0,0.0,0.0,601.3333333333334,-42.0,0.0,2024-10-02,1.0,0,2024
2024-10-02,Sylhet,571.0,0.0,2,10,2,0,True,34.0,604.0,11.333333333333334,4.857142857142857,606.3333333333334,-33.0,0.0,2024-10-03,1.0,0,2024
2024-10-12,Sylhet,554.0,0.0,5,10,12,1,True,0.0,465.0,0.0,0.0,539.6666666666666,89.0,0.0,2024-10-13,1.0,0,2024
2024-10-13,Sylhet,565.0,0.0,6,10,13,1,True,0.0,554.0,0.0,0.0,531.3333333333334,11.0,0.0,2024-10-14,1.0,0,2024
2024-10-14,Sylhet,565.0,0.0,0,10,14,0,True,0.0,565.0,0.0,0.0,528.0,0.0,0.0,2024-10-15,1.0,0,2024
2024-10-15,Sylhet,544.0,0.0,1,10,15,0,True,0.0,565.0,0.0,0.0,561.3333333333334,-21.0,0.0,2024-10-16,1.0,0,2024
2024-10-16,Sylhet,567.0,0.0,2,10,16,0,True,0.0,544.0,0.0,0.0,558.0,23.0,0.0,2024-10-17,1.0,0,2024
2024-10-17,Sylhet,591.0,0.0,3,10,17,0,True,0.0,567.0,0.0,0.0,558.6666666666666,24.0,0.0,2024-10-18,1.0,0,2024
2024-10-18,Sylhet,508.0,0.0,4,10,18,0,True,0.0,591.0,0.0,0.0,567.3333333333334,-83.0,0.0,2024-10-19,1.0,0,2024
2024-10-19,Sylhet,554.0,0.0,5,10,19,1,True,0.0,508.0,0.0,0.0,555.3333333333334,46.0,0.0,2024-10-20,1.0,0,2024
2024-10-20,Sylhet,570.0,0.0,6,10,20,1,True,0.0,554.0,0.0,0.0,551.0,16.0,0.0,2024-10-21,1.0,0,2024
2024-10-21,Sylhet,570.0,0.0,0,10,21,0,True,0.0,570.0,0.0,0.0,544.0,0.0,0.0,2024-10-22,1.0,0,2024
2024-10-22,Sylhet,610.0,0.0,1,10,22,0,True,0.0,570.0,0.0,0.0,564.6666666666666,40.0,0.0,2024-10-23,1.0,0,2024
2024-10-23,Sylhet,540.0,0.0,2,10,23,0,True,0.0,610.0,0.0,0.0,583.3333333333334,-70.0,0.0,2024-10-24,1.0,0,2024
2024-10-24,Sylhet,442.0,0.0,3,10,24,0,True,0.0,540.0,0.0,0.0,573.3333333333334,-98.0,0.0,2024-10-25,1.0,0,2024
2024-10-25,Sylhet,536.0,0.0,4,10,25,0,True,0.0,442.0,0.0,0.0,530.6666666666666,94.0,0.0,2024-10-26,1.0,0,2024
2024-10-26,Sylhet,579.0,0.0,5,10,26,1,True,0.0,536.0,0.0,0.0,506.0,43.0,0.0,2024-10-27,1.0,0,2024
2024-10-27,Sylhet,578.0,0.0,6,10,27,1,True,0.0,579.0,0.0,0.0,519.0,-1.0,45.0,2024-10-28,1.0,1,2024
2024-10-28,Sylhet,572.0,45.0,0,10,28,0,True,0.0,578.0,0.0,0.0,564.3333333333334,-6.0,60.0,2024-10-29,1.0,1,2024
2024-10-29,Sylhet,574.0,60.0,1,10,29,0,True,45.0,572.0,15.0,6.428571428571429,576.3333333333334,2.0,73.0,2024-10-30,1.0,1,2024
2024-10-30,Sylhet,546.0,73.0,2,10,30,0,True,60.0,574.0,35.0,15.0,574.6666666666666,-28.0,78.0,2024-10-31,1.0,1,2024
2024-10-31,Sylhet,563.0,78.0,3,10,31,0,True,73.0,546.0,59.333333333333336,25.428571428571427,564.0,17.0,0.0,2024-11-01,1.0,0,2024
2024-11-01,Sylhet,527.0,0.0,4,11,1,0,True,78.0,563.0,70.33333333333333,36.57142857142857,561.0,-36.0,0.0,2024-11-02,1.0,0,2024
2024-11-02,Sylhet,524.0,0.0,5,11,2,1,True,0.0,527.0,50.333333333333336,36.57142857142857,545.3333333333334,-3.0,7.0,2024-11-03,1.0,1,2024
2024-11-03,Sylhet,549.0,7.0,6,11,3,1,True,0.0,524.0,26.0,36.57142857142857,538.0,25.0,0.0,2024-11-04,1.0,0,2024
2024-11-04,Sylhet,555.0,0.0,0,11,4,0,True,7.0,549.0,2.3333333333333335,37.57142857142857,533.3333333333334,6.0,0.0,2024-11-05,1.0,0,2024
2024-11-05,Sylhet,460.0,0.0,1,11,5,0,True,0.0,555.0,2.3333333333333335,31.142857142857142,542.6666666666666,-95.0,0.0,2024-11-06,1.0,0,2024
2024-11-06,Sylhet,477.0,0.0,2,11,6,0,True,0.0,460.0,2.3333333333333335,22.571428571428573,521.3333333333334,17.0,0.0,2024-11-07,1.0,0,2024
2024-11-07,Sylhet,496.0,0.0,3,11,7,0,True,0.0,477.0,0.0,12.142857142857142,497.3333333333333,19.0,0.0,2024-11-08,1.0,0,2024
2024-11-08,Sylhet,433.0,0.0,4,11,8,0,True,0.0,496.0,0.0,1.0,477.6666666666667,-63.0,0.0,2024-11-09,1.0,0,2024
2024-11-09,Sylhet,462.0,0.0,5,11,9,1,True,0.0,433.0,0.0,1.0,468.6666666666667,29.0,0.0,2024-11-10,1.0,0,2024
2024-11-10,Sylhet,458.0,0.0,6,11,10,1,True,0.0,462.0,0.0,1.0,463.6666666666667,-4.0,0.0,2024-11-11,1.0,0,2024
2024-11-11,Sylhet,466.0,0.0,0,11,11,0,True,0.0,458.0,0.0,0.0,451.0,8.0,0.0,2024-11-12,1.0,0,2024
2024-11-12,Sylhet,472.0,0.0,1,11,12,0,True,0.0,466.0,0.0,0.0,462.0,6.0,0.0,2024-11-13,1.0,0,2024
2024-11-13,Sylhet,484.0,0.0,2,11,13,0,True,0.0,472.0,0.0,0.0,465.3333333333333,12.0,0.0,2024-11-14,1.0,0,2024
2024-11-14,Sylhet,457.0,0.0,3,11,14,0,True,0.0,484.0,0.0,0.0,474.0,-27.0,78.0,2024-11-15,1.0,1,2024
2024-11-15,Sylhet,563.0,78.0,4,11,15,0,True,0.0,457.0,0.0,0.0,471.0,106.0,0.0,2024-11-16,1.0,0,2024
2024-11-16,Sylhet,447.0,0.0,5,11,16,1,True,78.0,563.0,26.0,11.142857142857142,501.3333333333333,-116.0,0.0,2024-11-17,1.0,0,2024
2024-11-17,Sylhet,424.0,0.0,6,11,17,1,True,0.0,447.0,26.0,11.142857142857142,489.0,-23.0,0.0,2024-11-18,1.0,0,2024
2024-11-18,Sylhet,426.0,0.0,0,11,18,0,True,0.0,424.0,26.0,11.142857142857142,478.0,2.0,0.0,2024-11-19,1.0,0,2024
2024-11-19,Sylhet,423.0,0.0,1,11,19,0,True,0.0,426.0,0.0,11.142857142857142,432.3333333333333,-3.0,0.0,2024-11-20,1.0,0,2024
2024-11-20,Sylhet,444.0,0.0,2,11,20,0,True,0.0,423.0,0.0,11.142857142857142,424.3333333333333,21.0,0.0,2024-11-21,1.0,0,2024
2024-11-21,Sylhet,419.0,0.0,3,11,21,0,True,0.0,444.0,0.0,11.142857142857142,431.0,-25.0,0.0,2024-11-22,1.0,0,2024
2024-11-22,Sylhet,348.0,0.0,4,11,22,0,True,0.0,419.0,0.0,11.142857142857142,428.6666666666667,-71.0,0.0,2024-11-23,1.0,0,2024
2024-11-23,Sylhet,380.0,0.0,5,11,23,1,True,0.0,348.0,0.0,0.0,403.6666666666667,32.0,0.0,2024-11-24,1.0,0,2024
2024-11-24,Sylhet,377.0,0.0,6,11,24,1,True,0.0,380.0,0.0,0.0,382.3333333333333,-3.0,0.0,2024-11-25,1.0,0,2024
2024-11-25,Sylhet,379.0,0.0,0,11,25,0,True,0.0,377.0,0.0,0.0,368.3333333333333,2.0,0.0,2024-11-26,1.0,0,2024
2024-11-26,Sylhet,404.0,0.0,1,11,26,0,True,0.0,379.0,0.0,0.0,378.6666666666667,25.0,0.0,2024-11-27,1.0,0,2024
2024-11-27,Sylhet,390.0,0.0,2,11,27,0,True,0.0,404.0,0.0,0.0,386.6666666666667,-14.0,0.0,2024-11-28,1.0,0,2024
2024-11-28,Sylhet,394.0,0.0,3,11,28,0,True,0.0,390.0,0.0,0.0,391.0,4.0,0.0,2024-11-29,1.0,0,2024
2024-11-29,Sylhet,360.0,0.0,4,11,29,0,True,0.0,394.0,0.0,0.0,396.0,-34.0,0.0,2024-11-30,1.0,0,2024
2024-11-30,Sylhet,415.0,0.0,5,11,30,1,True,0.0,360.0,0.0,0.0,381.3333333333333,55.0,0.0,2024-12-01,1.0,0,2024
2024-12-01,Sylhet,388.0,0.0,6,12,1,1,True,0.0,415.0,0.0,0.0,389.6666666666667,-27.0,0.0,2024-12-02,1.0,0,2024
2024-12-02,Sylhet,399.0,0.0,0,12,2,0,True,0.0,388.0,0.0,0.0,387.6666666666667,11.0,0.0,2024-12-03,1.0,0,2024
2024-12-03,Sylhet,385.0,0.0,1,12,3,0,True,0.0,399.0,0.0,0.0,400.6666666666667,-14.0,0.0,2024-12-04,1.0,0,2024
2024-12-04,Sylhet,371.0,0.0,2,12,4,0,True,0.0,385.0,0.0,0.0,390.6666666666667,-14.0,0.0,2024-12-05,1.0,0,2024
2024-12-05,Sylhet,383.0,0.0,3,12,5,0,True,0.0,371.0,0.0,0.0,385.0,12.0,0.0,2024-12-06,1.0,0,2024
2024-12-06,Sylhet,347.0,0.0,4,12,6,0,True,0.0,383.0,0.0,0.0,379.6666666666667,-36.0,0.0,2024-12-07,1.0,0,2024
2024-12-07,Sylhet,374.0,0.0,5,12,7,1,True,0.0,347.0,0.0,0.0,367.0,27.0,0.0,2024-12-08,1.0,0,2024
2024-12-08,Sylhet,347.0,0.0,6,12,8,1,True,0.0,374.0,0.0,0.0,368.0,-27.0,0.0,2024-12-09,1.0,0,2024
2024-12-09,Sylhet,363.0,0.0,0,12,9,0,True,0.0,347.0,0.0,0.0,356.0,16.0,0.0,2024-12-10,1.0,0,2024
2024-12-10,Sylhet,372.0,0.0,1,12,10,0,True,0.0,363.0,0.0,0.0,361.3333333333333,9.0,0.0,2024-12-11,1.0,0,2024
2024-12-20,Sylhet,336.0,0.0,4,12,20,0,True,0.0,369.0,0.0,0.0,370.3333333333333,-33.0,0.0,2024-12-21,1.0,0,2024
2024-12-21,Sylhet,359.0,0.0,5,12,21,1,True,0.0,336.0,0.0,0.0,359.0,23.0,0.0,2024-12-22,1.0,0,2024
2024-12-22,Sylhet,358.0,0.0,6,12,22,1,True,0.0,359.0,0.0,0.0,354.6666666666667,-1.0,0.0,2024-12-23,1.0,0,2024
2024-12-23,Sylhet,367.0,0.0,0,12,23,0,True,0.0,358.0,0.0,0.0,351.0,9.0,0.0,2024-12-24,1.0,0,2024
2024-12-24,Sylhet,364.0,0.0,1,12,24,0,True,0.0,367.0,0.0,0.0,361.3333333333333,-3.0,0.0,2024-12-25,1.0,0,2024
2024-12-25,Sylhet,365.0,0.0,2,12,25,0,True,0.0,364.0,0.0,0.0,363.0,1.0,0.0,2024-12-26,1.0,0,2024
2024-12-26,Sylhet,352.0,0.0,3,12,26,0,True,0.0,365.0,0.0,0.0,365.3333333333333,-13.0,0.0,2024-12-27,1.0,0,2024
2024-12-27,Sylhet,336.0,0.0,4,12,27,0,True,0.0,352.0,0.0,0.0,360.3333333333333,-16.0,0.0,2024-12-28,1.0,0,2024
2024-12-28,Sylhet,364.0,0.0,5,12,28,1,True,0.0,336.0,0.0,0.0,351.0,28.0,0.0,2024-12-29,1.0,0,2024
2024-12-29,Sylhet,348.0,0.0,6,12,29,1,True,0.0,364.0,0.0,0.0,350.6666666666667,-16.0,0.0,2024-12-30,1.0,0,2024
2024-12-30,Sylhet,360.0,0.0,0,12,30,0,True,0.0,348.0,0.0,0.0,349.3333333333333,12.0,0.0,2024-12-31,1.0,0,2024
2024-12-31,Sylhet,360.0,0.0,1,12,31,0,True,0.0,360.0,0.0,0.0,357.3333333333333,0.0,0.0,2025-01-01,1.0,0,2024
2025-01-01,Sylhet,364.0,0.0,2,1,1,0,True,0.0,360.0,0.0,0.0,356.0,4.0,0.0,2025-01-02,1.0,0,2025
2025-01-02,Sylhet,355.0,0.0,3,1,2,0,True,0.0,364.0,0.0,0.0,361.3333333333333,-9.0,0.0,2025-01-03,1.0,0,2025
2025-01-03,Sylhet,343.0,0.0,4,1,3,0,True,0.0,355.0,0.0,0.0,359.6666666666667,-12.0,0.0,2025-01-04,1.0,0,2025
2025-01-04,Sylhet,396.0,0.0,5,1,4,1,True,0.0,343.0,0.0,0.0,354.0,53.0,0.0,2025-01-05,1.0,0,2025
2025-01-05,Sylhet,371.0,0.0,6,1,5,1,True,0.0,396.0,0.0,0.0,364.6666666666667,-25.0,0.0,2025-01-06,1.0,0,2025
2025-01-06,Sylhet,368.0,0.0,0,1,6,0,True,0.0,371.0,0.0,0.0,370.0,-3.0,0.0,2025-01-07,1.0,0,2025
2025-01-07,Sylhet,371.0,0.0,1,1,7,0,True,0.0,368.0,0.0,0.0,378.3333333333333,3.0,0.0,2025-01-08,1.0,0,2025
2025-01-08,Sylhet,365.0,0.0,2,1,8,0,True,0.0,371.0,0.0,0.0,370.0,-6.0,0.0,2025-01-09,1.0,0,2025
2025-01-09,Sylhet,361.0,0.0,3,1,9,0,True,0.0,365.0,0.0,0.0,368.0,-4.0,0.0,2025-01-10,1.0,0,2025
2025-01-10,Sylhet,338.0,0.0,4,1,10,0,True,0.0,361.0,0.0,0.0,365.6666666666667,-23.0,0.0,2025-01-11,1.0,0,2025
2025-01-11,Sylhet,375.0,0.0,5,1,11,1,True,0.0,338.0,0.0,0.0,354.6666666666667,37.0,0.0,2025-01-12,1.0,0,2025
2025-01-12,Sylhet,385.0,0.0,6,1,12,1,True,0.0,375.0,0.0,0.0,358.0,10.0,0.0,2025-01-13,1.0,0,2025
2025-01-13,Sylhet,387.0,0.0,0,1,13,0,True,0.0,385.0,0.0,0.0,366.0,2.0,0.0,2025-01-14,1.0,0,2025
2025-01-14,Sylhet,369.0,0.0,1,1,14,0,True,0.0,387.0,0.0,0.0,382.3333333333333,-18.0,0.0,2025-01-15,1.0,0,2025
2025-01-15,Sylhet,382.0,0.0,2,1,15,0,True,0.0,369.0,0.0,0.0,380.3333333333333,13.0,0.0,2025-01-16,1.0,0,2025
2025-01-16,Sylhet,381.0,0.0,3,1,16,0,True,0.0,382.0,0.0,0.0,379.3333333333333,-1.0,0.0,2025-01-17,1.0,0,2025
2025-01-17,Sylhet,347.0,0.0,4,1,17,0,True,0.0,381.0,0.0,0.0,377.3333333333333,-34.0,0.0,2025-01-18,1.0,0,2025
2025-01-18,Sylhet,372.0,0.0,5,1,18,1,True,0.0,347.0,0.0,0.0,370.0,25.0,0.0,2025-01-19,1.0,0,2025
2025-01-19,Sylhet,379.0,0.0,6,1,19,1,True,0.0,372.0,0.0,0.0,366.6666666666667,7.0,0.0,2025-01-20,1.0,0,2025
2025-01-20,Sylhet,383.0,0.0,0,1,20,0,True,0.0,379.0,0.0,0.0,366.0,4.0,0.0,2025-01-21,1.0,0,2025
2025-01-21,Sylhet,374.0,0.0,1,1,21,0,True,0.0,383.0,0.0,0.0,378.0,-9.0,0.0,2025-01-22,1.0,0,2025
2025-01-22,Sylhet,377.0,0.0,2,1,22,0,True,0.0,374.0,0.0,0.0,378.6666666666667,3.0,0.0,2025-01-23,1.0,0,2025
2025-01-23,Sylhet,377.0,0.0,3,1,23,0,True,0.0,377.0,0.0,0.0,378.0,0.0,0.0,2025-01-24,1.0,0,2025
2025-01-24,Sylhet,353.0,0.0,4,1,24,0,True,0.0,377.0,0.0,0.0,376.0,-24.0,0.0,2025-01-25,1.0,0,2025
2025-01-25,Sylhet,395.0,0.0,5,1,25,1,True,0.0,353.0,0.0,0.0,369.0,42.0,0.0,2025-01-26,1.0,0,2025
2025-01-26,Sylhet,385.0,0.0,6,1,26,1,True,0.0,395.0,0.0,0.0,375.0,-10.0,0.0,2025-01-27,1.0,0,2025
2025-01-27,Sylhet,388.0,0.0,0,1,27,0,True,0.0,385.0,0.0,0.0,377.6666666666667,3.0,0.0,2025-01-28,1.0,0,2025
2025-01-28,Sylhet,367.0,0.0,1,1,28,0,True,0.0,388.0,0.0,0.0,389.3333333333333,-21.0,0.0,2025-01-29,1.0,0,2025
2025-01-29,Sylhet,379.0,0.0,2,1,29,0,True,0.0,367.0,0.0,0.0,380.0,12.0,0.0,2025-01-30,1.0,0,2025
2025-01-30,Sylhet,374.0,0.0,3,1,30,0,True,0.0,379.0,0.0,0.0,378.0,-5.0,0.0,2025-01-31,1.0,0,2025
2025-01-31,Sylhet,343.0,0.0,4,1,31,0,True,0.0,374.0,0.0,0.0,373.3333333333333,-31.0,0.0,2025-02-01,1.0,0,2025
2025-02-01,Sylhet,388.0,0.0,5,2,1,1,True,0.0,343.0,0.0,0.0,365.3333333333333,45.0,0.0,2025-02-02,1.0,0,2025
2025-02-02,Sylhet,385.0,0.0,6,2,2,1,True,0.0,388.0,0.0,0.0,368.3333333333333,-3.0,0.0,2025-02-03,1.0,0,2025
2025-02-12,Sylhet,391.0,0.0,2,2,12,0,True,0.0,404.0,0.0,0.0,395.3333333333333,-13.0,0.0,2025-02-13,1.0,0,2025
2025-02-22,Sylhet,409.0,0.0,5,2,22,1,True,0.0,389.0,0.0,0.0,406.6666666666667,20.0,0.0,2025-02-23,1.0,0,2025
2025-02-23,Sylhet,374.0,0.0,6,2,23,1,True,0.0,409.0,0.0,0.0,405.6666666666667,-35.0,0.0,2025-02-24,1.0,0,2025
2025-02-24,Sylhet,384.0,0.0,0,2,24,0,True,0.0,374.0,0.0,0.0,390.6666666666667,10.0,0.0,2025-02-25,1.0,0,2025
2025-02-25,Sylhet,393.0,0.0,1,2,25,0,True,0.0,384.0,0.0,0.0,389.0,9.0,0.0,2025-02-26,1.0,0,2025
2025-02-26,Sylhet,413.0,0.0,2,2,26,0,True,0.0,393.0,0.0,0.0,383.6666666666667,20.0,0.0,2025-02-27,1.0,0,2025
2025-02-27,Sylhet,421.0,0.0,3,2,27,0,True,0.0,413.0,0.0,0.0,396.6666666666667,8.0,0.0,2025-02-28,1.0,0,2025
2025-02-28,Sylhet,392.0,0.0,4,2,28,0,True,0.0,421.0,0.0,0.0,409.0,-29.0,0.0,2025-03-01,1.0,0,2025
2025-03-01,Sylhet,464.0,0.0,5,3,1,1,True,0.0,392.0,0.0,0.0,408.6666666666667,72.0,0.0,2025-03-02,1.0,0,2025
2025-03-02,Sylhet,432.0,0.0,6,3,2,1,True,0.0,464.0,0.0,0.0,425.6666666666667,-32.0,0.0,2025-03-03,1.0,0,2025
2025-03-03,Sylhet,416.0,0.0,0,3,3,0,True,0.0,432.0,0.0,0.0,429.3333333333333,-16.0,0.0,2025-03-04,1.0,0,2025
2025-03-04,Sylhet,401.0,0.0,1,3,4,0,True,0.0,416.0,0.0,0.0,437.3333333333333,-15.0,0.0,2025-03-05,1.0,0,2025
2025-03-05,Sylhet,400.0,0.0,2,3,5,0,True,0.0,401.0,0.0,0.0,416.3333333333333,-1.0,0.0,2025-03-06,1.0,0,2025
2025-03-06,Sylhet,398.0,0.0,3,3,6,0,True,0.0,400.0,0.0,0.0,405.6666666666667,-2.0,0.0,2025-03-07,1.0,0,2025
2025-03-07,Sylhet,380.0,0.0,4,3,7,0,True,0.0,398.0,0.0,0.0,399.6666666666667,-18.0,0.0,2025-03-08,1.0,0,2025
2025-03-08,Sylhet,393.0,0.0,5,3,8,1,True,0.0,380.0,0.0,0.0,392.6666666666667,13.0,0.0,2025-03-09,1.0,0,2025
2025-03-09,Sylhet,416.0,0.0,6,3,9,1,True,0.0,393.0,0.0,0.0,390.3333333333333,23.0,0.0,2025-03-10,1.0,0,2025
2025-03-10,Sylhet,440.0,0.0,0,3,10,0,True,0.0,416.0,0.0,0.0,396.3333333333333,24.0,0.0,2025-03-11,1.0,0,2025
2025-03-11,Sylhet,446.0,0.0,1,3,11,0,True,0.0,440.0,0.0,0.0,416.3333333333333,6.0,0.0,2025-03-12,1.0,0,2025
2025-03-12,Sylhet,466.0,0.0,2,3,12,0,True,0.0,446.0,0.0,0.0,434.0,20.0,0.0,2025-03-13,1.0,0,2025
2025-03-13,Sylhet,439.0,0.0,3,3,13,0,True,0.0,466.0,0.0,0.0,450.6666666666667,-27.0,0.0,2025-03-14,1.0,0,2025
2025-03-14,Sylhet,495.0,0.0,4,3,14,0,True,0.0,439.0,0.0,0.0,450.3333333333333,56.0,0.0,2025-03-15,1.0,0,2025
2025-03-15,Sylhet,549.0,0.0,5,3,15,1,True,0.0,495.0,0.0,0.0,466.6666666666667,54.0,0.0,2025-03-16,1.0,0,2025
2025-03-16,Sylhet,530.0,0.0,6,3,16,1,True,0.0,549.0,0.0,0.0,494.3333333333333,-19.0,0.0,2025-03-17,1.0,0,2025
2025-03-17,Sylhet,516.0,0.0,0,3,17,0,True,0.0,530.0,0.0,0.0,524.6666666666666,-14.0,0.0,2025-03-18,1.0,0,2025
2025-03-18,Sylhet,496.0,0.0,1,3,18,0,True,0.0,516.0,0.0,0.0,531.6666666666666,-20.0,0.0,2025-03-19,1.0,0,2025
2025-03-19,Sylhet,495.0,0.0,2,3,19,0,True,0.0,496.0,0.0,0.0,514.0,-1.0,0.0,2025-03-20,1.0,0,2025
2025-03-20,Sylhet,458.0,0.0,3,3,20,0,True,0.0,495.0,0.0,0.0,502.3333333333333,-37.0,0.0,2025-03-21,1.0,0,2025
2025-03-21,Sylhet,383.0,0.0,4,3,21,0,True,0.0,458.0,0.0,0.0,483.0,-75.0,0.0,2025-03-22,1.0,0,2025
2025-03-22,Sylhet,402.0,0.0,5,3,22,1,True,0.0,383.0,0.0,0.0,445.3333333333333,19.0,0.0,2025-03-23,1.0,0,2025
2025-03-23,Sylhet,445.0,0.0,6,3,23,1,True,0.0,402.0,0.0,0.0,414.3333333333333,43.0,0.0,2025-03-24,1.0,0,2025
2025-03-24,Sylhet,459.0,0.0,0,3,24,0,True,0.0,445.0,0.0,0.0,410.0,14.0,0.0,2025-03-25,1.0,0,2025
2025-03-25,Sylhet,495.0,0.0,1,3,25,0,True,0.0,459.0,0.0,0.0,435.3333333333333,36.0,0.0,2025-03-26,1.0,0,2025
2025-03-26,Sylhet,520.0,0.0,2,3,26,0,True,0.0,495.0,0.0,0.0,466.3333333333333,25.0,0.0,2025-03-27,1.0,0,2025
2025-03-27,Sylhet,559.0,0.0,3,3,27,0,True,0.0,520.0,0.0,0.0,491.3333333333333,39.0,0.0,2025-03-28,1.0,0,2025
2025-04-06,Sylhet,560.0,0.0,6,4,6,1,True,0.0,567.0,0.0,0.0,564.6666666666666,-7.0,0.0,2025-04-07,1.0,0,2025
2025-04-07,Sylhet,513.0,0.0,0,4,7,0,True,0.0,560.0,0.0,0.0,558.6666666666666,-47.0,0.0,2025-04-08,1.0,0,2025
2025-04-08,Sylhet,595.0,0.0,1,4,8,0,True,0.0,513.0,0.0,0.0,546.6666666666666,82.0,0.0,2025-04-09,1.0,0,2025
2025-04-09,Sylhet,604.0,0.0,2,4,9,0,True,0.0,595.0,0.0,0.0,556.0,9.0,0.0,2025-04-10,1.0,0,2025
2025-04-10,Sylhet,552.0,0.0,3,4,10,0,True,0.0,604.0,0.0,0.0,570.6666666666666,-52.0,0.0,2025-04-11,1.0,0,2025
2025-04-11,Sylhet,508.0,0.0,4,4,11,0,True,0.0,552.0,0.0,0.0,583.6666666666666,-44.0,0.0,2025-04-12,1.0,0,2025
2025-04-12,Sylhet,584.0,0.0,5,4,12,1,True,0.0,508.0,0.0,0.0,554.6666666666666,76.0,0.0,2025-04-13,1.0,0,2025
2025-04-13,Sylhet,598.0,0.0,6,4,13,1,True,0.0,584.0,0.0,0.0,548.0,14.0,0.0,2025-04-14,1.0,0,2025
2025-04-14,Sylhet,646.0,0.0,0,4,14,0,True,0.0,598.0,0.0,0.0,563.3333333333334,48.0,0.0,2025-04-15,1.0,0,2025
2025-04-15,Sylhet,501.0,0.0,1,4,15,0,True,0.0,646.0,0.0,0.0,609.3333333333334,-145.0,0.0,2025-04-16,1.0,0,2025
2025-04-16,Sylhet,435.0,0.0,2,4,16,0,True,0.0,501.0,0.0,0.0,581.6666666666666,-66.0,0.0,2025-04-17,1.0,0,2025
2025-04-17,Sylhet,439.0,0.0,3,4,17,0,True,0.0,435.0,0.0,0.0,527.3333333333334,4.0,0.0,2025-04-18,1.0,0,2025
2025-04-18,Sylhet,455.0,0.0,4,4,18,0,True,0.0,439.0,0.0,0.0,458.3333333333333,16.0,0.0,2025-04-19,1.0,0,2025
2025-04-19,Sylhet,571.0,0.0,5,4,19,1,True,0.0,455.0,0.0,0.0,443.0,116.0,0.0,2025-04-20,1.0,0,2025
2025-04-20,Sylhet,591.0,0.0,6,4,20,1,True,0.0,571.0,0.0,0.0,488.3333333333333,20.0,0.0,2025-04-21,1.0,0,2025
2025-04-21,Sylhet,576.0,0.0,0,4,21,0,True,0.0,591.0,0.0,0.0,539.0,-15.0,0.0,2025-04-22,1.0,0,2025
2025-04-22,Sylhet,585.0,0.0,1,4,22,0,True,0.0,576.0,0.0,0.0,579.3333333333334,9.0,0.0,2025-04-23,1.0,0,2025
2025-04-23,Sylhet,428.0,0.0,2,4,23,0,True,0.0,585.0,0.0,0.0,584.0,-157.0,0.0,2025-04-24,1.0,0,2025
2025-04-24,Sylhet,578.0,0.0,3,4,24,0,True,0.0,428.0,0.0,0.0,529.6666666666666,150.0,0.0,2025-04-25,1.0,0,2025
2025-04-25,Sylhet,545.0,0.0,4,4,25,0,True,0.0,578.0,0.0,0.0,530.3333333333334,-33.0,80.0,2025-04-26,1.0,1,2025
2025-04-26,Sylhet,589.0,80.0,5,4,26,1,True,0.0,545.0,0.0,0.0,517.0,44.0,0.0,2025-04-27,1.0,0,2025
2025-04-27,Sylhet,541.0,0.0,6,4,27,1,True,80.0,589.0,26.666666666666668,11.428571428571429,570.6666666666666,-48.0,0.0,2025-04-28,1.0,0,2025
2025-04-28,Sylhet,396.0,0.0,0,4,28,0,True,0.0,541.0,26.666666666666668,11.428571428571429,558.3333333333334,-145.0,0.0,2025-04-29,1.0,0,2025
2025-04-29,Sylhet,507.0,0.0,1,4,29,0,True,0.0,396.0,26.666666666666668,11.428571428571429,508.6666666666667,111.0,0.0,2025-04-30,1.0,0,2025
2025-04-30,Sylhet,571.0,0.0,2,4,30,0,True,0.0,507.0,0.0,11.428571428571429,481.3333333333333,64.0,0.0,2025-05-01,1.0,0,2025
2025-05-01,Sylhet,449.0,0.0,3,5,1,0,True,0.0,571.0,0.0,11.428571428571429,491.3333333333333,-122.0,0.0,2025-05-02,1.0,0,2025
2025-05-02,Sylhet,549.0,0.0,4,5,2,0,True,0.0,449.0,0.0,11.428571428571429,509.0,100.0,0.0,2025-05-03,1.0,0,2025
2025-05-03,Sylhet,605.0,0.0,5,5,3,1,True,0.0,549.0,0.0,11.428571428571429,523.0,56.0,0.0,2025-05-04,1.0,0,2025
2025-05-04,Sylhet,607.0,0.0,6,5,4,1,True,0.0,605.0,0.0,0.0,534.3333333333334,2.0,0.0,2025-05-05,1.0,0,2025
2025-05-05,Sylhet,616.0,0.0,0,5,5,0,True,0.0,607.0,0.0,0.0,587.0,9.0,0.0,2025-05-06,1.0,0,2025
2025-05-06,Sylhet,546.0,0.0,1,5,6,0,True,0.0,616.0,0.0,0.0,609.3333333333334,-70.0,0.0,2025-05-07,1.0,0,2025
2025-05-07,Sylhet,641.0,0.0,2,5,7,0,True,0.0,546.0,0.0,0.0,589.6666666666666,95.0,0.0,2025-05-08,1.0,0,2025
2025-05-08,Sylhet,595.0,0.0,3,5,8,0,True,0.0,641.0,0.0,0.0,601.0,-46.0,0.0,2025-05-09,1.0,0,2025
2025-05-09,Sylhet,637.0,0.0,4,5,9,0,True,0.0,595.0,0.0,0.0,594.0,42.0,0.0,2025-05-10,1.0,0,2025
2025-05-10,Sylhet,661.0,0.0,5,5,10,1,True,0.0,637.0,0.0,0.0,624.3333333333334,24.0,0.0,2025-05-11,1.0,0,2025
2025-05-11,Sylhet,443.0,0.0,6,5,11,1,True,0.0,661.0,0.0,0.0,631.0,-218.0,0.0,2025-05-12,1.0,0,2025
2025-05-12,Sylhet,472.0,0.0,0,5,12,0,True,0.0,443.0,0.0,0.0,580.3333333333334,29.0,0.0,2025-05-13,1.0,0,2025
2025-05-13,Sylhet,479.0,0.0,1,5,13,0,True,0.0,472.0,0.0,0.0,525.3333333333334,7.0,0.0,2025-05-14,1.0,0,2025
2025-05-14,Sylhet,549.0,0.0,2,5,14,0,True,0.0,479.0,0.0,0.0,464.6666666666667,70.0,0.0,2025-05-15,1.0,0,2025
2025-05-15,Sylhet,533.0,0.0,3,5,15,0,True,0.0,549.0,0.0,0.0,500.0,-16.0,0.0,2025-05-16,1.0,0,2025
2025-05-16,Sylhet,462.0,0.0,4,5,16,0,True,0.0,533.0,0.0,0.0,520.3333333333334,-71.0,0.0,2025-05-17,1.0,0,2025
2025-05-17,Sylhet,583.0,0.0,5,5,17,1,True,0.0,462.0,0.0,0.0,514.6666666666666,121.0,0.0,2025-05-18,1.0,0,2025
2025-05-18,Sylhet,585.0,0.0,6,5,18,1,True,0.0,583.0,0.0,0.0,526.0,2.0,0.0,2025-05-19,1.0,0,2025
2025-05-19,Sylhet,533.0,0.0,0,5,19,0,True,0.0,585.0,0.0,0.0,543.3333333333334,-52.0,0.0,2025-05-20,1.0,0,2025
2025-05-20,Sylhet,475.0,0.0,1,5,20,0,True,0.0,533.0,0.0,0.0,567.0,-58.0,0.0,2025-05-21,1.0,0,2025
2025-05-21,Sylhet,500.0,0.0,2,5,21,0,True,0.0,475.0,0.0,0.0,531.0,25.0,0.0,2025-05-22,1.0,0,2025
2025-05-22,Sylhet,563.0,0.0,3,5,22,0,True,0.0,500.0,0.0,0.0,502.6666666666667,63.0,0.0,2025-05-23,1.0,0,2025
2025-05-23,Sylhet,593.0,0.0,4,5,23,0,True,0.0,563.0,0.0,0.0,512.6666666666666,30.0,0.0,2025-05-24,1.0,0,2025
2025-05-24,Sylhet,627.0,0.0,5,5,24,1,True,0.0,593.0,0.0,0.0,552.0,34.0,15.0,2025-05-25,1.0,1,2025
2025-05-25,Sylhet,543.0,15.0,6,5,25,1,True,0.0,627.0,0.0,0.0,594.3333333333334,-84.0,20.0,2025-05-26,1.0,1,2025
2025-05-26,Sylhet,621.0,20.0,0,5,26,0,True,15.0,543.0,5.0,2.142857142857143,587.6666666666666,78.0,15.0,2025-05-27,1.0,1,2025
2025-05-27,Sylhet,630.0,15.0,1,5,27,0,True,20.0,621.0,11.666666666666666,5.0,597.0,9.0,0.0,2025-05-28,1.0,0,2025
2025-05-28,Sylhet,581.0,0.0,2,5,28,0,True,15.0,630.0,16.666666666666668,7.142857142857143,598.0,-49.0,0.0,2025-05-29,1.0,0,2025
2025-05-29,Sylhet,516.0,0.0,3,5,29,0,True,0.0,581.0,11.666666666666666,7.142857142857143,610.6666666666666,-65.0,0.0,2025-05-30,1.0,0,2025
2025-05-30,Sylhet,453.0,0.0,4,5,30,0,True,0.0,516.0,5.0,7.142857142857143,575.6666666666666,-63.0,0.0,2025-05-31,1.0,0,2025
2025-05-31,Sylhet,448.0,0.0,5,5,31,1,True,0.0,453.0,0.0,7.142857142857143,516.6666666666666,-5.0,0.0,2025-06-01,1.0,0,2025
2025-06-01,Sylhet,500.0,0.0,6,6,1,1,True,0.0,448.0,0.0,7.142857142857143,472.3333333333333,52.0,0.0,2025-06-02,1.0,0,2025
2025-06-02,Sylhet,515.0,0.0,0,6,2,0,True,0.0,500.0,0.0,5.0,467.0,15.0,0.0,2025-06-03,1.0,0,2025
2025-06-03,Sylhet,520.0,0.0,1,6,3,0,True,0.0,515.0,0.0,2.142857142857143,487.6666666666667,5.0,0.0,2025-06-04,1.0,0,2025
2025-06-04,Sylhet,519.0,0.0,2,6,4,0,True,0.0,520.0,0.0,0.0,511.6666666666667,-1.0,0.0,2025-06-05,1.0,0,2025
2025-06-14,Sylhet,680.0,0.0,5,6,14,1,True,15.0,689.0,11.0,11.857142857142858,671.6666666666666,-9.0,0.0,2025-06-15,1.0,0,2025
2025-06-15,Sylhet,673.0,0.0,6,6,15,1,True,0.0,680.0,7.666666666666667,11.857142857142858,680.3333333333334,-7.0,0.0,2025-06-16,1.0,0,2025
2025-06-16,Sylhet,638.0,0.0,0,6,16,0,True,0.0,673.0,5.0,11.857142857142858,680.6666666666666,-35.0,0.0,2025-06-17,1.0,0,2025
2025-06-17,Sylhet,667.0,0.0,1,6,17,0,True,0.0,638.0,0.0,7.857142857142857,663.6666666666666,29.0,0.0,2025-06-18,1.0,0,2025
2025-06-18,Sylhet,609.0,0.0,2,6,18,0,True,0.0,667.0,0.0,4.714285714285714,659.3333333333334,-58.0,0.0,2025-06-19,1.0,0,2025
2025-06-19,Sylhet,587.0,0.0,3,6,19,0,True,0.0,609.0,0.0,3.2857142857142856,638.0,-22.0,0.0,2025-06-20,1.0,0,2025
2025-06-20,Sylhet,603.0,0.0,4,6,20,0,True,0.0,587.0,0.0,2.142857142857143,621.0,16.0,0.0,2025-06-21,1.0,0,2025
2025-06-21,Sylhet,638.0,0.0,5,6,21,1,True,0.0,603.0,0.0,0.0,599.6666666666666,35.0,0.0,2025-06-22,1.0,0,2025
2025-06-22,Sylhet,655.0,0.0,6,6,22,1,True,0.0,638.0,0.0,0.0,609.3333333333334,17.0,0.0,2025-06-23,1.0,0,2025
2025-06-23,Sylhet,585.0,0.0,0,6,23,0,True,0.0,655.0,0.0,0.0,632.0,-70.0,0.0,2025-06-24,1.0,0,2025
2025-06-24,Sylhet,661.0,0.0,1,6,24,0,True,0.0,585.0,0.0,0.0,626.0,76.0,0.0,2025-06-25,1.0,0,2025
2025-07-13,Sylhet,705.0,0.0,6,7,13,1,True,0.0,715.0,0.0,0.0,656.3333333333334,-10.0,0.0,2025-07-14,1.0,0,2025
2025-07-14,Sylhet,644.0,0.0,0,7,14,0,True,0.0,705.0,0.0,0.0,695.6666666666666,-61.0,0.0,2025-07-15,1.0,0,2025
2025-07-15,Sylhet,661.0,0.0,1,7,15,0,True,0.0,644.0,0.0,0.0,688.0,17.0,0.0,2025-07-16,1.0,0,2025
2025-07-16,Sylhet,659.0,0.0,2,7,16,0,True,0.0,661.0,0.0,0.0,670.0,-2.0,0.0,2025-07-17,1.0,0,2025
2025-07-17,Sylhet,646.0,0.0,3,7,17,0,True,0.0,659.0,0.0,0.0,654.6666666666666,-13.0,0.0,2025-07-18,1.0,0,2025
2025-07-18,Sylhet,675.0,0.0,4,7,18,0,True,0.0,646.0,0.0,0.0,655.3333333333334,29.0,0.0,2025-07-19,1.0,0,2025
2025-07-30,Sylhet,648.0,40.0,2,7,30,0,True,30.0,647.0,18.333333333333332,32.857142857142854,630.6666666666666,1.0,0.0,2025-07-31,1.0,0,2025
2025-07-31,Sylhet,520.0,0.0,3,7,31,0,True,40.0,648.0,23.333333333333332,32.142857142857146,639.0,-128.0,0.0,2025-08-01,1.0,0,2025
2025-08-01,Sylhet,540.0,0.0,4,8,1,0,True,0.0,520.0,23.333333333333332,23.571428571428573,605.0,20.0,0.0,2025-08-02,1.0,0,2025
2025-08-11,Sylhet,678.0,0.0,0,8,11,0,True,5.0,621.0,1.6666666666666667,0.7142857142857143,581.3333333333334,57.0,0.0,2025-08-12,1.0,0,2025
2025-08-12,Sylhet,673.0,0.0,1,8,12,0,True,0.0,678.0,1.6666666666666667,0.7142857142857143,630.6666666666666,-5.0,0.0,2025-08-13,1.0,0,2025
2025-08-13,Sylhet,590.0,0.0,2,8,13,0,True,0.0,673.0,1.6666666666666667,0.7142857142857143,657.3333333333334,-83.0,0.0,2025-08-14,1.0,0,2025
2025-08-14,Sylhet,648.0,0.0,3,8,14,0,True,0.0,590.0,0.0,0.7142857142857143,647.0,58.0,0.0,2025-08-15,1.0,0,2025
2025-08-15,Sylhet,651.0,0.0,4,8,15,0,True,0.0,648.0,0.0,0.7142857142857143,637.0,3.0,0.0,2025-08-16,1.0,0,2025
2025-08-16,Sylhet,698.0,0.0,5,8,16,1,True,0.0,651.0,0.0,0.7142857142857143,629.6666666666666,47.0,0.0,2025-08-17,1.0,0,2025
2025-08-17,Sylhet,722.0,0.0,6,8,17,1,True,0.0,698.0,0.0,0.7142857142857143,665.6666666666666,24.0,0.0,2025-08-18,1.0,0,2025
2025-08-18,Sylhet,661.0,0.0,0,8,18,0,True,0.0,722.0,0.0,0.0,690.3333333333334,-61.0,0.0,2025-08-19,1.0,0,2025
2025-08-19,Sylhet,676.0,0.0,1,8,19,0,True,0.0,661.0,0.0,0.0,693.6666666666666,15.0,0.0,2025-08-20,1.0,0,2025
2025-08-20,Sylhet,648.0,0.0,2,8,20,0,True,0.0,676.0,0.0,0.0,686.3333333333334,-28.0,0.0,2025-08-21,1.0,0,2025
2025-08-21,Sylhet,614.0,0.0,3,8,21,0,True,0.0,648.0,0.0,0.0,661.6666666666666,-34.0,0.0,2025-08-22,1.0,0,2025
2025-08-22,Sylhet,589.0,0.0,4,8,22,0,True,0.0,614.0,0.0,0.0,646.0,-25.0,0.0,2025-08-23,1.0,0,2025
2025-08-23,Sylhet,616.0,0.0,5,8,23,1,True,0.0,589.0,0.0,0.0,617.0,27.0,0.0,2025-08-24,1.0,0,2025
2025-08-24,Sylhet,645.0,0.0,6,8,24,1,True,0.0,616.0,0.0,0.0,606.3333333333334,29.0,0.0,2025-08-25,1.0,0,2025
2025-08-25,Sylhet,681.0,0.0,0,8,25,0,True,0.0,645.0,0.0,0.0,616.6666666666666,36.0,0.0,2025-08-26,1.0,0,2025
2025-08-26,Sylhet,717.0,0.0,1,8,26,0,True,0.0,681.0,0.0,0.0,647.3333333333334,36.0,0.0,2025-08-27,1.0,0,2025
2025-08-27,Sylhet,642.0,0.0,2,8,27,0,True,0.0,717.0,0.0,0.0,681.0,-75.0,0.0,2025-08-28,1.0,0,2025
2025-08-28,Sylhet,608.0,0.0,3,8,28,0,True,0.0,642.0,0.0,0.0,680.0,-34.0,0.0,2025-08-29,1.0,0,2025
2025-08-29,Sylhet,624.0,0.0,4,8,29,0,True,0.0,608.0,0.0,0.0,655.6666666666666,16.0,0.0,2025-08-30,1.0,0,2025
2025-08-30,Sylhet,662.0,0.0,5,8,30,1,True,0.0,624.0,0.0,0.0,624.6666666666666,38.0,0.0,2025-08-31,1.0,0,2025
2025-08-31,Sylhet,705.0,0.0,6,8,31,1,True,0.0,662.0,0.0,0.0,631.3333333333334,43.0,34.0,2025-09-01,1.0,1,2025
2025-09-01,Sylhet,631.0,34.0,0,9,1,0,True,0.0,705.0,0.0,0.0,663.6666666666666,-74.0,0.0,2025-09-02,1.0,0,2025
2025-09-02,Sylhet,713.0,0.0,1,9,2,0,True,34.0,631.0,11.333333333333334,4.857142857142857,666.0,82.0,0.0,2025-09-03,1.0,0,2025
2025-09-03,Sylhet,705.0,0.0,2,9,3,0,True,0.0,713.0,11.333333333333334,4.857142857142857,683.0,-8.0,0.0,2025-09-04,1.0,0,2025
2025-09-04,Sylhet,695.0,0.0,3,9,4,0,True,0.0,705.0,11.333333333333334,4.857142857142857,683.0,-10.0,0.0,2025-09-05,1.0,0,2025
2025-09-05,Sylhet,656.0,0.0,4,9,5,0,True,0.0,695.0,0.0,4.857142857142857,704.3333333333334,-39.0,0.0,2025-09-06,1.0,0,2025
2025-09-06,Sylhet,710.0,0.0,5,9,6,1,True,0.0,656.0,0.0,4.857142857142857,685.3333333333334,54.0,0.0,2025-09-07,1.0,0,2025
2025-09-07,Sylhet,662.0,0.0,6,9,7,1,True,0.0,710.0,0.0,4.857142857142857,687.0,-48.0,58.0,2025-09-08,1.0,1,2025
2025-09-08,Sylhet,650.0,58.0,0,9,8,0,True,0.0,662.0,0.0,4.857142857142857,676.0,-12.0,125.0,2025-09-09,1.0,1,2025
2025-09-09,Sylhet,661.0,125.0,1,9,9,0,True,58.0,650.0,19.333333333333332,8.285714285714286,674.0,11.0,0.0,2025-09-10,1.0,0,2025
2025-09-10,Sylhet,683.0,0.0,2,9,10,0,True,125.0,661.0,61.0,26.142857142857142,657.6666666666666,22.0,0.0,2025-09-11,1.0,0,2025
2025-09-11,Sylhet,683.0,0.0,3,9,11,0,True,0.0,683.0,61.0,26.142857142857142,664.6666666666666,0.0,0.0,2025-09-12,1.0,0,2025
2025-09-12,Sylhet,623.0,0.0,4,9,12,0,True,0.0,683.0,41.666666666666664,26.142857142857142,675.6666666666666,-60.0,0.0,2025-09-13,1.0,0,2025
2025-09-13,Sylhet,598.0,0.0,5,9,13,1,True,0.0,623.0,0.0,26.142857142857142,663.0,-25.0,0.0,2025-09-14,1.0,0,2025
2025-09-14,Sylhet,520.0,0.0,6,9,14,1,True,0.0,598.0,0.0,26.142857142857142,634.6666666666666,-78.0,0.0,2025-09-15,1.0,0,2025
2025-09-15,Sylhet,541.0,0.0,0,9,15,0,True,0.0,520.0,0.0,26.142857142857142,580.3333333333334,21.0,0.0,2025-09-16,1.0,0,2025
2025-09-16,Sylhet,558.0,0.0,1,9,16,0,True,0.0,541.0,0.0,17.857142857142858,553.0,17.0,0.0,2025-09-17,1.0,0,2025
2025-09-17,Sylhet,589.0,0.0,2,9,17,0,True,0.0,558.0,0.0,0.0,539.6666666666666,31.0,0.0,2025-09-18,1.0,0,2025
2025-09-18,Sylhet,594.0,0.0,3,9,18,0,True,0.0,589.0,0.0,0.0,562.6666666666666,5.0,0.0,2025-09-19,1.0,0,2025
2025-09-19,Sylhet,678.0,0.0,4,9,19,0,True,0.0,594.0,0.0,0.0,580.3333333333334,84.0,0.0,2025-09-20,1.0,0,2025
2025-09-20,Sylhet,690.0,0.0,5,9,20,1,True,0.0,678.0,0.0,0.0,620.3333333333334,12.0,0.0,2025-09-21,1.0,0,2025
2025-09-21,Sylhet,722.0,0.0,6,9,21,1,True,0.0,690.0,0.0,0.0,654.0,32.0,0.0,2025-09-22,1.0,0,2025
2025-09-22,Sylhet,669.0,0.0,0,9,22,0,True,0.0,722.0,0.0,0.0,696.6666666666666,-53.0,0.0,2025-09-23,1.0,0,2025
2025-09-23,Sylhet,714.0,0.0,1,9,23,0,True,0.0,669.0,0.0,0.0,693.6666666666666,45.0,50.0,2025-09-24,1.0,1,2025
2025-10-12,Sylhet,592.0,0.0,6,10,12,1,True,0.0,544.0,0.0,0.0,596.0,48.0,0.0,2025-10-13,1.0,0,2025
2025-10-13,Sylhet,646.0,0.0,0,10,13,0,True,0.0,592.0,0.0,0.0,585.0,54.0,20.0,2025-10-14,1.0,1,2025
2025-10-14,Sylhet,597.0,20.0,1,10,14,0,True,0.0,646.0,0.0,0.0,594.0,-49.0,40.0,2025-10-15,1.0,1,2025
2025-10-15,Sylhet,588.0,40.0,2,10,15,0,True,20.0,597.0,6.666666666666667,2.857142857142857,611.6666666666666,-9.0,20.0,2025-10-16,1.0,1,2025
2025-10-16,Sylhet,593.0,20.0,3,10,16,0,True,40.0,588.0,20.0,8.571428571428571,610.3333333333334,5.0,0.0,2025-10-17,1.0,0,2025
2025-10-17,Sylhet,645.0,0.0,4,10,17,0,True,20.0,593.0,26.666666666666668,11.428571428571429,592.6666666666666,52.0,0.0,2025-10-18,1.0,0,2025
2025-10-18,Sylhet,659.0,0.0,5,10,18,1,True,0.0,645.0,20.0,11.428571428571429,608.6666666666666,14.0,40.0,2025-10-19,1.0,1,2025
2025-10-19,Sylhet,718.0,40.0,6,10,19,1,True,0.0,659.0,6.666666666666667,11.428571428571429,632.3333333333334,59.0,24.0,2025-10-20,1.0,1,2025
2025-10-20,Sylhet,604.0,24.0,0,10,20,0,True,40.0,718.0,13.333333333333334,17.142857142857142,674.0,-114.0,0.0,2025-10-21,1.0,0,2025
2025-10-21,Sylhet,685.0,0.0,1,10,21,0,True,24.0,604.0,21.333333333333332,20.571428571428573,660.3333333333334,81.0,0.0,2025-10-22,1.0,0,2025
2025-10-22,Sylhet,668.0,0.0,2,10,22,0,True,0.0,685.0,21.333333333333332,17.714285714285715,669.0,-17.0,0.0,2025-10-23,1.0,0,2025
2025-10-23,Sylhet,657.0,0.0,3,10,23,0,True,0.0,668.0,8.0,12.0,652.3333333333334,-11.0,0.0,2025-10-24,1.0,0,2025
2025-10-24,Sylhet,626.0,0.0,4,10,24,0,True,0.0,657.0,0.0,9.142857142857142,670.0,-31.0,0.0,2025-10-25,1.0,0,2025
2025-10-25,Sylhet,635.0,0.0,5,10,25,1,True,0.0,626.0,0.0,9.142857142857142,650.3333333333334,9.0,0.0,2025-10-26,1.0,0,2025
2025-10-26,Sylhet,637.0,0.0,6,10,26,1,True,0.0,635.0,0.0,9.142857142857142,639.3333333333334,2.0,0.0,2025-10-27,1.0,0,2025
2025-10-27,Sylhet,645.0,0.0,0,10,27,0,True,0.0,637.0,0.0,3.4285714285714284,632.6666666666666,8.0,0.0,2025-10-28,1.0,0,2025
2025-10-28,Sylhet,653.0,0.0,1,10,28,0,True,0.0,645.0,0.0,0.0,639.0,8.0,0.0,2025-10-29,1.0,0,2025
2025-10-29,Sylhet,643.0,0.0,2,10,29,0,True,0.0,653.0,0.0,0.0,645.0,-10.0,0.0,2025-10-30,1.0,0,2025
2025-10-30,Sylhet,675.0,0.0,3,10,30,0,True,0.0,643.0,0.0,0.0,647.0,32.0,0.0,2025-10-31,1.0,0,2025
2025-10-31,Sylhet,633.0,0.0,4,10,31,0,True,0.0,675.0,0.0,0.0,657.0,-42.0,0.0,2025-11-01,1.0,0,2025
2025-11-01,Sylhet,571.0,0.0,5,11,1,1,True,0.0,633.0,0.0,0.0,650.3333333333334,-62.0,0.0,2025-11-02,1.0,0,2025
2025-11-02,Sylhet,571.0,0.0,6,11,2,1,True,0.0,571.0,0.0,0.0,626.3333333333334,0.0,0.0,2025-11-03,1.0,0,2025
2025-11-03,Sylhet,563.0,0.0,0,11,3,0,True,0.0,571.0,0.0,0.0,591.6666666666666,-8.0,0.0,2025-11-04,1.0,0,2025
2025-11-04,Sylhet,618.0,0.0,1,11,4,0,True,0.0,563.0,0.0,0.0,568.3333333333334,55.0,0.0,2025-11-05,1.0,0,2025
2025-11-05,Sylhet,534.0,0.0,2,11,5,0,True,0.0,618.0,0.0,0.0,584.0,-84.0,0.0,2025-11-06,1.0,0,2025
2025-11-06,Sylhet,557.0,0.0,3,11,6,0,True,0.0,534.0,0.0,0.0,571.6666666666666,23.0,0.0,2025-11-07,1.0,0,2025
2025-11-07,Sylhet,545.0,0.0,4,11,7,0,True,0.0,557.0,0.0,0.0,569.6666666666666,-12.0,37.0,2025-11-08,1.0,1,2025
2025-11-08,Sylhet,545.0,37.0,5,11,8,1,True,0.0,545.0,0.0,0.0,545.3333333333334,0.0,10.0,2025-11-09,1.0,1,2025
2025-11-09,Sylhet,517.0,10.0,6,11,9,1,True,37.0,545.0,12.333333333333334,5.285714285714286,549.0,-28.0,0.0,2025-11-10,1.0,0,2025
2025-11-10,Sylhet,534.0,0.0,0,11,10,0,True,10.0,517.0,15.666666666666666,6.714285714285714,535.6666666666666,17.0,0.0,2025-11-11,1.0,0,2025
2025-11-11,Sylhet,523.0,0.0,1,11,11,0,True,0.0,534.0,15.666666666666666,6.714285714285714,532.0,-11.0,0.0,2025-11-12,1.0,0,2025
2025-11-12,Sylhet,496.0,0.0,2,11,12,0,True,0.0,523.0,3.3333333333333335,6.714285714285714,524.6666666666666,-27.0,0.0,2025-11-13,1.0,0,2025
2025-11-13,Sylhet,479.0,0.0,3,11,13,0,True,0.0,496.0,0.0,6.714285714285714,517.6666666666666,-17.0,0.0,2025-11-14,1.0,0,2025
2025-11-14,Sylhet,421.0,0.0,4,11,14,0,True,0.0,479.0,0.0,6.714285714285714,499.3333333333333,-58.0,0.0,2025-11-15,1.0,0,2025
2025-11-15,Sylhet,438.0,0.0,5,11,15,1,True,0.0,421.0,0.0,6.714285714285714,465.3333333333333,17.0,0.0,2025-11-16,1.0,0,2025
2025-11-16,Sylhet,425.0,0.0,6,11,16,1,True,0.0,438.0,0.0,1.4285714285714286,446.0,-13.0,0.0,2025-11-17,1.0,0,2025
2025-11-17,Sylhet,445.0,0.0,0,11,17,0,True,0.0,425.0,0.0,0.0,428.0,20.0,0.0,2025-11-18,1.0,0,2025
2025-11-18,Sylhet,438.0,0.0,1,11,18,0,True,0.0,445.0,0.0,0.0,436.0,-7.0,0.0,2025-11-19,1.0,0,2025
2025-11-19,Sylhet,435.0,0.0,2,11,19,0,True,0.0,438.0,0.0,0.0,436.0,-3.0,0.0,2025-11-20,1.0,0,2025
2025-11-20,Sylhet,443.0,0.0,3,11,20,0,True,0.0,435.0,0.0,0.0,439.3333333333333,8.0,0.0,2025-11-21,1.0,0,2025
2025-11-21,Sylhet,392.0,0.0,4,11,21,0,True,0.0,443.0,0.0,0.0,438.6666666666667,-51.0,0.0,2025-11-22,1.0,0,2025
2025-11-22,Sylhet,430.0,0.0,5,11,22,1,True,0.0,392.0,0.0,0.0,423.3333333333333,38.0,0.0,2025-11-23,1.0,0,2025
2025-11-23,Sylhet,403.0,0.0,6,11,23,1,True,0.0,430.0,0.0,0.0,421.6666666666667,-27.0,0.0,2025-11-24,1.0,0,2025
2025-11-24,Sylhet,401.0,0.0,0,11,24,0,True,0.0,403.0,0.0,0.0,408.3333333333333,-2.0,0.0,2025-11-25,1.0,0,2025
2025-11-25,Sylhet,417.0,0.0,1,11,25,0,True,0.0,401.0,0.0,0.0,411.3333333333333,16.0,0.0,2025-11-26,1.0,0,2025
2025-11-26,Sylhet,414.0,0.0,2,11,26,0,True,0.0,417.0,0.0,0.0,407.0,-3.0,0.0,2025-11-27,1.0,0,2025
2025-11-27,Sylhet,416.0,0.0,3,11,27,0,True,0.0,414.0,0.0,0.0,410.6666666666667,2.0,0.0,2025-11-28,1.0,0,2025
2025-11-28,Sylhet,379.0,0.0,4,11,28,0,True,0.0,416.0,0.0,0.0,415.6666666666667,-37.0,0.0,2025-11-29,1.0,0,2025
2025-11-29,Sylhet,429.0,0.0,5,11,29,1,True,0.0,379.0,0.0,0.0,403.0,50.0,0.0,2025-11-30,1.0,0,2025
2025-11-30,Sylhet,398.0,0.0,6,11,30,1,True,0.0,429.0,0.0,0.0,408.0,-31.0,0.0,2025-12-01,1.0,0,2025
2025-12-01,Sylhet,407.0,0.0,0,12,1,0,True,0.0,398.0,0.0,0.0,402.0,9.0,0.0,2025-12-02,1.0,0,2025
2025-12-02,Sylhet,408.0,0.0,1,12,2,0,True,0.0,407.0,0.0,0.0,411.3333333333333,1.0,0.0,2025-12-03,1.0,0,2025
2025-12-03,Sylhet,400.0,0.0,2,12,3,0,True,0.0,408.0,0.0,0.0,404.3333333333333,-8.0,0.0,2025-12-04,1.0,0,2025
2025-12-04,Sylhet,389.0,0.0,3,12,4,0,True,0.0,400.0,0.0,0.0,405.0,-11.0,0.0,2025-12-05,1.0,0,2025
2025-12-05,Sylhet,369.0,0.0,4,12,5,0,True,0.0,389.0,0.0,0.0,399.0,-20.0,0.0,2025-12-06,1.0,0,2025
2025-12-06,Sylhet,394.0,0.0,5,12,6,1,True,0.0,369.0,0.0,0.0,386.0,25.0,0.0,2025-12-07,1.0,0,2025
2025-12-07,Sylhet,399.0,0.0,6,12,7,1,True,0.0,394.0,0.0,0.0,384.0,5.0,0.0,2025-12-08,1.0,0,2025
2025-12-08,Sylhet,401.0,0.0,0,12,8,0,True,0.0,399.0,0.0,0.0,387.3333333333333,2.0,0.0,2025-12-09,1.0,0,2025
2025-12-09,Sylhet,401.0,0.0,1,12,9,0,True,0.0,401.0,0.0,0.0,398.0,0.0,0.0,2025-12-10,1.0,0,2025
2025-12-10,Sylhet,401.0,0.0,2,12,10,0,True,0.0,401.0,0.0,0.0,400.3333333333333,0.0,0.0,2025-12-11,1.0,0,2025
2025-12-11,Sylhet,400.0,0.0,3,12,11,0,True,0.0,401.0,0.0,0.0,401.0,-1.0,0.0,2025-12-12,1.0,0,2025
2025-12-12,Sylhet,363.0,0.0,4,12,12,0,True,0.0,400.0,0.0,0.0,400.6666666666667,-37.0,0.0,2025-12-13,1.0,0,2025
2025-12-13,Sylhet,407.0,0.0,5,12,13,1,True,0.0,363.0,0.0,0.0,388.0,44.0,0.0,2025-12-14,1.0,0,2025
2025-12-14,Sylhet,405.0,0.0,6,12,14,1,True,0.0,407.0,0.0,0.0,390.0,-2.0,0.0,2025-12-15,1.0,0,2025
2025-12-15,Sylhet,408.0,0.0,0,12,15,0,True,0.0,405.0,0.0,0.0,391.6666666666667,3.0,0.0,2025-12-16,1.0,0,2025
2025-12-16,Sylhet,376.0,0.0,1,12,16,0,True,0.0,408.0,0.0,0.0,406.6666666666667,-32.0,0.0,2025-12-17,1.0,0,2025
2025-12-17,Sylhet,388.0,0.0,2,12,17,0,True,0.0,376.0,0.0,0.0,396.3333333333333,12.0,0.0,2025-12-18,1.0,0,2025
2025-12-18,Sylhet,404.0,0.0,3,12,18,0,True,0.0,388.0,0.0,0.0,390.6666666666667,16.0,0.0,2025-12-19,1.0,0,2025
2025-12-19,Sylhet,350.0,0.0,4,12,19,0,True,0.0,404.0,0.0,0.0,389.3333333333333,-54.0,0.0,2025-12-20,1.0,0,2025
2025-12-20,Sylhet,389.0,0.0,5,12,20,1,True,0.0,350.0,0.0,0.0,380.6666666666667,39.0,0.0,2025-12-21,1.0,0,2025
2025-12-21,Sylhet,399.0,0.0,6,12,21,1,True,0.0,389.0,0.0,0.0,381.0,10.0,0.0,2025-12-22,1.0,0,2025
2025-12-22,Sylhet,403.0,0.0,0,12,22,0,True,0.0,399.0,0.0,0.0,379.3333333333333,4.0,0.0,2025-12-23,1.0,0,2025
2025-12-23,Sylhet,407.0,0.0,1,12,23,0,True,0.0,403.0,0.0,0.0,397.0,4.0,0.0,2025-12-24,1.0,0,2025
2025-12-24,Sylhet,386.0,0.0,2,12,24,0,True,0.0,407.0,0.0,0.0,403.0,-21.0,0.0,2025-12-25,1.0,0,2025
2025-12-25,Sylhet,383.0,0.0,3,12,25,0,True,0.0,386.0,0.0,0.0,398.6666666666667,-3.0,0.0,2025-12-26,1.0,0,2025
2025-12-26,Sylhet,374.0,0.0,4,12,26,0,True,0.0,383.0,0.0,0.0,392.0,-9.0,0.0,2025-12-27,1.0,0,2025
